customer_id,age,annual_income,spending_score,purchase_frequency,avg_order_value,last_purchase_days,preferred_category,engagement_level
CUST_00001,40,25867,56,8,146,70,Toys,Low
CUST_00002,33,31171,55,10,108,2,Electronics,Low
CUST_00003,42,26938,31,2,23,17,Electronics,Medium
CUST_00004,53,38376,61,2,67,4,Toys,Low
CUST_00005,32,66077,20,4,81,49,Home & Garden,Low
CUST_00006,32,24698,36,1,93,28,Clothing,Low
CUST_00007,53,59898,10,5,35,63,Clothing,Low
CUST_00008,44,24567,81,7,52,1,Clothing,Low
CUST_00009,29,23770,45,2,58,70,Toys,Medium
CUST_00010,41,54682,93,1,61,2,Electronics,High
CUST_00011,29,57582,66,1,62,10,Toys,Medium
CUST_00012,29,55587,58,5,82,5,Toys,Medium
CUST_00013,37,18809,38,1,111,4,Books,High
CUST_00014,18,28768,29,3,311,5,Electronics,Medium
CUST_00015,18,54802,60,2,165,19,Books,Medium
CUST_00016,28,37077,48,1,226,46,Sports,High
CUST_00017,22,21229,23,3,64,68,Electronics,High
CUST_00018,38,45668,19,3,44,25,Electronics,Low
CUST_00019,24,25402,30,4,157,5,Electronics,High
CUST_00020,18,89077,86,1,89,2,Clothing,Medium
CUST_00021,52,78623,94,1,150,20,Clothing,Medium
CUST_00022,32,49121,54,8,48,43,Books,High
CUST_00023,35,71718,52,6,141,29,Books,Medium
CUST_00024,18,37511,43,7,79,26,Electronics,Medium
CUST_00025,28,53248,31,1,65,1,Books,High
CUST_00026,36,76028,77,1,69,15,Clothing,Low
CUST_00027,21,41058,87,4,126,23,Toys,Medium
CUST_00028,39,31965,32,9,154,27,Toys,High
CUST_00029,27,15485,48,11,69,1,Toys,High
CUST_00030,31,34836,41,8,114,6,Books,High
CUST_00031,27,54814,41,1,114,89,Sports,Medium
CUST_00032,57,58268,73,8,150,21,Clothing,Medium
CUST_00033,34,46731,23,11,179,36,Sports,Medium
CUST_00034,22,27704,59,1,319,11,Books,Medium
CUST_00035,44,15000,64,2,64,26,Home & Garden,High
CUST_00036,20,28350,47,3,250,13,Electronics,Low
CUST_00037,37,31189,67,1,97,10,Clothing,Medium
CUST_00038,18,31055,52,3,41,15,Toys,Medium
CUST_00039,19,49477,74,10,57,18,Sports,Low
CUST_00040,37,98011,19,10,124,12,Home & Garden,Medium
CUST_00041,43,38629,43,14,149,8,Home & Garden,High
CUST_00042,37,32585,48,3,44,29,Clothing,High
CUST_00043,33,31900,1,2,52,14,Clothing,Medium
CUST_00044,31,38645,28,5,61,6,Home & Garden,High
CUST_00045,18,24001,33,2,49,42,Electronics,High
CUST_00046,26,38564,68,1,24,38,Electronics,Low
CUST_00047,29,45497,35,6,19,65,Sports,Low
CUST_00048,47,40329,33,1,68,24,Electronics,High
CUST_00049,39,45650,66,1,107,9,Home & Garden,Low
CUST_00050,18,45110,17,1,142,59,Home & Garden,Medium
CUST_00051,38,15000,8,13,34,9,Books,Medium
CUST_00052,30,49932,42,1,35,31,Home & Garden,High
CUST_00053,26,25964,21,2,62,6,Electronics,Medium
CUST_00054,42,20995,21,15,90,29,Toys,High
CUST_00055,47,20905,61,3,182,55,Sports,High
CUST_00056,46,45106,67,1,148,23,Books,High
CUST_00057,24,32490,65,4,69,19,Electronics,High
CUST_00058,31,15662,72,1,115,150,Sports,Low
CUST_00059,38,46120,74,1,49,1,Electronics,High
CUST_00060,46,17680,7,9,94,12,Books,Medium
CUST_00061,29,38945,59,1,86,75,Home & Garden,Medium
CUST_00062,32,40914,39,5,240,30,Toys,High
CUST_00063,21,56544,35,3,127,23,Books,Low
CUST_00064,20,88507,61,1,52,30,Home & Garden,High
CUST_00065,44,18355,15,3,52,11,Books,High
CUST_00066,51,35375,14,1,71,2,Clothing,High
CUST_00067,34,31629,62,2,30,9,Toys,High
CUST_00068,47,45110,59,3,76,12,Electronics,Low
CUST_00069,39,40450,52,1,81,19,Electronics,Medium
CUST_00070,27,30446,32,5,124,15,Toys,High
CUST_00071,39,29130,64,1,138,22,Clothing,Low
CUST_00072,53,20780,63,3,96,6,Home & Garden,High
CUST_00073,34,59511,51,6,28,6,Electronics,Low
CUST_00074,53,45688,26,2,38,13,Clothing,Medium
CUST_00075,18,57462,41,10,58,19,Electronics,Low
CUST_00076,44,31094,66,5,142,12,Sports,Low
CUST_00077,36,26149,76,15,138,25,Home & Garden,Medium
CUST_00078,31,21180,43,1,75,11,Sports,Medium
CUST_00079,36,43454,45,13,469,5,Toys,Low
CUST_00080,18,21592,46,4,268,59,Home & Garden,Low
CUST_00081,32,91521,55,6,214,6,Clothing,Medium
CUST_00082,39,18886,38,11,147,102,Home & Garden,High
CUST_00083,52,41640,1,4,124,131,Home & Garden,Low
CUST_00084,28,79493,73,9,117,35,Clothing,Medium
CUST_00085,25,48998,85,3,25,20,Toys,Medium
CUST_00086,28,39649,37,4,43,47,Home & Garden,High
CUST_00087,45,22376,28,2,77,61,Toys,Low
CUST_00088,38,18198,47,1,98,37,Toys,Low
CUST_00089,28,53371,46,4,82,3,Toys,Low
CUST_00090,41,77116,69,18,108,1,Electronics,High
CUST_00091,36,29160,51,7,20,6,Books,High
CUST_00092,46,20546,34,6,128,6,Toys,High
CUST_00093,26,15000,23,5,94,6,Clothing,High
CUST_00094,31,22239,67,2,78,21,Books,Low
CUST_00095,30,34309,61,1,172,22,Toys,Low
CUST_00096,18,80786,71,1,43,38,Clothing,High
CUST_00097,38,50846,30,1,76,6,Clothing,Medium
CUST_00098,38,42300,86,5,109,2,Sports,Medium
CUST_00099,35,29730,15,8,49,32,Sports,Medium
CUST_00100,32,27130,64,1,22,19,Home & Garden,Low
CUST_00101,18,73337,11,1,40,32,Toys,High
CUST_00102,29,40149,34,2,86,14,Toys,Medium
CUST_00103,30,15000,81,1,75,41,Books,Medium
CUST_00104,25,25931,66,2,88,34,Clothing,Medium
CUST_00105,33,23644,39,1,56,31,Toys,High
CUST_00106,39,27635,39,2,35,1,Home & Garden,Medium
CUST_00107,57,48120,52,11,99,58,Electronics,Low
CUST_00108,37,34416,60,2,80,14,Clothing,Low
CUST_00109,38,34946,75,7,140,4,Electronics,Low
CUST_00110,34,70034,40,4,53,42,Home & Garden,Medium
CUST_00111,18,25636,17,2,21,19,Sports,Medium
CUST_00112,34,92235,53,8,14,1,Home & Garden,High
CUST_00113,35,25960,40,4,67,45,Electronics,High
CUST_00114,64,37971,23,1,98,17,Clothing,Medium
CUST_00115,32,31552,55,1,76,42,Books,High
CUST_00116,38,38627,45,6,60,42,Toys,High
CUST_00117,34,45355,56,2,29,3,Home & Garden,High
CUST_00118,20,45112,32,2,23,28,Clothing,Low
CUST_00119,48,24920,59,1,116,13,Toys,Low
CUST_00120,44,20713,23,1,76,23,Sports,Medium
CUST_00121,44,126954,33,7,69,2,Sports,High
CUST_00122,24,28509,45,8,30,26,Toys,Medium
CUST_00123,51,51513,84,4,45,45,Sports,High
CUST_00124,18,16255,65,1,92,129,Clothing,High
CUST_00125,42,31577,71,13,109,11,Home & Garden,Medium
CUST_00126,61,34077,78,4,80,5,Clothing,Low
CUST_00127,23,46000,100,7,236,13,Clothing,Low
CUST_00128,28,15000,50,1,60,1,Toys,High
CUST_00129,36,39461,78,2,221,15,Books,High
CUST_00130,28,20437,70,10,104,73,Books,Medium
CUST_00131,18,42709,69,2,97,6,Home & Garden,Low
CUST_00132,35,21629,85,6,172,19,Toys,Low
CUST_00133,22,23676,41,5,58,25,Books,Low
CUST_00134,40,31671,40,1,71,5,Sports,Medium
CUST_00135,23,21457,56,7,38,12,Books,Medium
CUST_00136,53,28630,46,1,173,72,Sports,High
CUST_00137,25,19996,56,6,113,10,Home & Garden,High
CUST_00138,31,15000,81,23,194,30,Clothing,Medium
CUST_00139,44,60414,40,15,103,4,Clothing,High
CUST_00140,20,18995,43,8,194,33,Books,High
CUST_00141,37,33211,53,3,53,9,Sports,High
CUST_00142,50,52915,45,5,179,7,Electronics,Medium
CUST_00143,18,26702,11,6,68,3,Electronics,Medium
CUST_00144,37,24038,38,1,90,1,Electronics,Low
CUST_00145,38,40664,63,1,149,103,Clothing,High
CUST_00146,44,63510,78,4,459,16,Toys,High
CUST_00147,20,20238,26,1,159,45,Clothing,Low
CUST_00148,19,33688,26,11,170,75,Toys,Low
CUST_00149,41,15271,50,3,61,6,Sports,Medium
CUST_00150,38,29833,8,1,100,61,Books,Medium
CUST_00151,38,36941,41,2,84,36,Electronics,Low
CUST_00152,39,23687,15,9,241,25,Sports,High
CUST_00153,26,28897,77,13,81,49,Sports,Low
CUST_00154,37,17959,34,1,228,3,Books,Medium
CUST_00155,38,37742,83,7,36,9,Sports,High
CUST_00156,26,61564,72,4,239,4,Books,High
CUST_00157,57,20982,37,4,49,67,Home & Garden,Medium
CUST_00158,40,26599,28,7,163,3,Books,High
CUST_00159,20,46689,46,1,49,117,Electronics,High
CUST_00160,42,66572,47,3,138,3,Toys,Low
CUST_00161,23,17212,56,1,45,32,Toys,Low
CUST_00162,44,33376,34,1,185,32,Electronics,Medium
CUST_00163,48,41838,64,1,162,80,Toys,High
CUST_00164,25,34508,55,1,59,11,Books,High
CUST_00165,46,15000,43,4,134,12,Home & Garden,Low
CUST_00166,39,46655,35,1,174,56,Toys,Medium
CUST_00167,44,77626,46,4,47,115,Home & Garden,High
CUST_00168,57,38496,33,4,43,1,Electronics,Low
CUST_00169,32,21686,51,11,42,30,Home & Garden,High
CUST_00170,25,28097,51,4,38,8,Sports,Medium
CUST_00171,24,87988,55,21,42,39,Clothing,Low
CUST_00172,25,57238,85,1,171,44,Sports,Medium
CUST_00173,34,50011,47,6,133,43,Electronics,High
CUST_00174,39,43399,70,1,27,17,Toys,High
CUST_00175,38,26093,54,6,62,5,Toys,High
CUST_00176,44,32850,45,2,40,26,Home & Garden,High
CUST_00177,35,34927,47,4,164,46,Books,Low
CUST_00178,52,47800,48,1,65,72,Clothing,High
CUST_00179,31,77223,55,1,30,18,Books,Low
CUST_00180,67,63523,30,6,101,8,Electronics,High
CUST_00181,42,17859,20,11,137,3,Toys,Medium
CUST_00182,24,40619,63,1,46,47,Home & Garden,Low
CUST_00183,22,52490,67,12,74,22,Toys,Medium
CUST_00184,40,49485,64,1,47,33,Books,Medium
CUST_00185,32,26512,53,6,215,5,Books,High
CUST_00186,43,155913,65,16,66,1,Clothing,Medium
CUST_00187,40,19176,64,1,54,102,Clothing,High
CUST_00188,34,21129,65,2,86,49,Home & Garden,Medium
CUST_00189,24,40814,32,2,77,15,Clothing,High
CUST_00190,18,104652,28,2,145,18,Books,High
CUST_00191,29,23906,42,6,210,79,Books,Low
CUST_00192,45,31795,49,5,211,6,Electronics,Medium
CUST_00193,37,62233,45,17,68,48,Books,High
CUST_00194,20,35992,12,1,111,1,Home & Garden,High
CUST_00195,37,30720,84,3,255,62,Sports,Medium
CUST_00196,39,48185,44,2,262,26,Electronics,Low
CUST_00197,24,41616,53,12,48,19,Electronics,Low
CUST_00198,36,60792,74,1,136,36,Home & Garden,Low
CUST_00199,35,69267,3,22,121,2,Home & Garden,Low
CUST_00200,21,42340,39,3,172,6,Clothing,Medium
CUST_00201,39,42018,42,4,214,15,Electronics,Low
CUST_00202,41,40419,43,2,43,28,Clothing,Low
CUST_00203,47,46377,46,9,55,4,Books,High
CUST_00204,47,37331,78,4,169,14,Electronics,Low
CUST_00205,18,36304,63,5,99,9,Electronics,Medium
CUST_00206,23,66059,69,5,18,31,Toys,Low
CUST_00207,41,77501,50,2,28,75,Sports,Medium
CUST_00208,41,17089,22,1,143,5,Electronics,Low
CUST_00209,41,36497,8,8,161,6,Books,Low
CUST_00210,75,25736,19,1,35,27,Clothing,High
CUST_00211,41,31086,57,9,194,18,Clothing,Medium
CUST_00212,48,44411,50,4,78,37,Toys,Medium
CUST_00213,46,50752,45,2,44,10,Sports,Low
CUST_00214,42,34335,42,4,60,23,Books,Medium
CUST_00215,31,15000,90,5,38,14,Clothing,Medium
CUST_00216,44,22414,33,6,58,9,Home & Garden,Medium
CUST_00217,25,56854,68,8,24,39,Books,Medium
CUST_00218,32,15000,50,1,85,47,Books,Low
CUST_00219,29,65756,48,14,135,11,Sports,Medium
CUST_00220,35,47127,73,2,35,29,Clothing,High
CUST_00221,62,70128,79,9,91,5,Books,Low
CUST_00222,18,32883,45,1,51,46,Toys,Medium
CUST_00223,43,15000,65,1,143,9,Toys,Medium
CUST_00224,18,45034,57,4,17,5,Clothing,Low
CUST_00225,29,68687,50,1,148,84,Toys,High
CUST_00226,48,57662,54,20,25,16,Home & Garden,Low
CUST_00227,35,26072,36,1,77,30,Sports,Medium
CUST_00228,22,37925,43,1,54,49,Toys,Medium
CUST_00229,26,27821,38,1,69,34,Toys,Low
CUST_00230,43,24109,68,1,30,24,Home & Garden,Medium
CUST_00231,26,58553,48,4,287,13,Sports,Medium
CUST_00232,37,19954,24,3,36,75,Books,High
CUST_00233,35,23227,35,2,38,4,Sports,Medium
CUST_00234,27,20910,1,1,316,64,Electronics,Medium
CUST_00235,60,17238,40,1,112,37,Clothing,High
CUST_00236,42,39073,50,1,37,25,Clothing,Medium
CUST_00237,18,64909,47,6,82,11,Electronics,High
CUST_00238,37,33109,89,7,76,4,Home & Garden,Medium
CUST_00239,27,17105,61,7,27,17,Electronics,Medium
CUST_00240,45,55269,60,17,52,45,Books,Medium
CUST_00241,25,84360,17,10,88,41,Books,Medium
CUST_00242,33,26288,42,3,218,31,Clothing,Low
CUST_00243,41,28587,40,2,78,146,Books,Low
CUST_00244,45,46996,34,12,83,107,Clothing,Medium
CUST_00245,20,81710,34,4,50,15,Electronics,High
CUST_00246,30,28003,13,1,193,6,Electronics,Low
CUST_00247,29,18653,24,4,169,18,Toys,Medium
CUST_00248,27,49796,67,24,156,55,Toys,High
CUST_00249,56,54151,47,9,97,18,Electronics,Low
CUST_00250,39,36427,39,1,29,12,Clothing,High
CUST_00251,19,27472,49,15,192,40,Electronics,High
CUST_00252,46,59706,73,19,93,31,Electronics,Medium
CUST_00253,60,47288,50,1,72,103,Home & Garden,Low
CUST_00254,47,24730,60,11,123,23,Electronics,Low
CUST_00255,18,37217,33,10,105,102,Books,Low
CUST_00256,29,18474,37,1,42,10,Clothing,High
CUST_00257,50,51171,57,5,71,60,Home & Garden,High
CUST_00258,26,31852,87,1,23,12,Toys,High
CUST_00259,40,29206,78,5,95,49,Sports,Medium
CUST_00260,44,35723,61,12,228,78,Clothing,High
CUST_00261,23,37054,53,3,25,29,Books,High
CUST_00262,34,56809,78,2,98,39,Clothing,Medium
CUST_00263,18,48802,65,12,143,95,Toys,Low
CUST_00264,22,33583,4,18,159,14,Books,Low
CUST_00265,31,53201,28,1,53,21,Books,Medium
CUST_00266,20,44372,56,12,41,68,Sports,Medium
CUST_00267,54,29339,14,1,59,33,Clothing,Medium
CUST_00268,18,34120,32,2,207,62,Sports,High
CUST_00269,29,33721,36,7,27,28,Sports,High
CUST_00270,36,46752,44,7,38,40,Clothing,Medium
CUST_00271,52,30226,44,6,65,1,Electronics,Medium
CUST_00272,18,29875,44,1,45,12,Electronics,Medium
CUST_00273,48,97185,66,1,87,44,Toys,Low
CUST_00274,35,58096,44,13,242,15,Sports,Medium
CUST_00275,23,24827,42,1,38,13,Home & Garden,Low
CUST_00276,40,48313,23,1,81,90,Sports,Medium
CUST_00277,37,38529,70,9,89,24,Sports,Low
CUST_00278,27,44168,36,5,71,6,Sports,Medium
CUST_00279,35,38896,28,2,29,19,Toys,Low
CUST_00280,30,65829,54,1,57,21,Electronics,Low
CUST_00281,36,43166,34,10,57,134,Toys,High
CUST_00282,42,35205,39,22,140,37,Toys,Medium
CUST_00283,54,61150,55,1,120,21,Toys,Medium
CUST_00284,20,40808,43,4,30,16,Electronics,Medium
CUST_00285,60,38589,96,1,68,74,Electronics,High
CUST_00286,18,42489,48,8,63,31,Sports,High
CUST_00287,33,34654,62,2,353,13,Toys,High
CUST_00288,42,36483,11,6,110,18,Home & Garden,Low
CUST_00289,38,27082,32,3,42,9,Electronics,High
CUST_00290,27,24944,28,3,52,96,Clothing,High
CUST_00291,32,22042,30,9,69,36,Clothing,Low
CUST_00292,29,18106,58,3,116,14,Clothing,Medium
CUST_00293,27,23391,70,9,126,6,Books,Medium
CUST_00294,45,33285,56,2,103,5,Sports,High
CUST_00295,39,38236,45,1,77,19,Clothing,Low
CUST_00296,26,31708,37,3,81,18,Sports,Medium
CUST_00297,45,15000,72,3,82,16,Clothing,High
CUST_00298,38,79801,91,3,25,57,Home & Garden,Low
CUST_00299,44,62519,52,8,86,116,Sports,Low
CUST_00300,42,45382,68,4,60,13,Clothing,High
CUST_00301,25,94253,56,10,28,10,Electronics,High
CUST_00302,28,22277,65,3,489,44,Sports,Medium
CUST_00303,43,93322,26,1,111,17,Books,Medium
CUST_00304,42,22412,40,1,90,7,Electronics,High
CUST_00305,34,40919,57,10,69,5,Electronics,High
CUST_00306,36,19207,74,1,150,9,Toys,High
CUST_00307,50,36583,33,1,39,1,Books,Medium
CUST_00308,27,44050,9,1,72,85,Electronics,Medium
CUST_00309,41,33612,40,2,46,16,Electronics,Low
CUST_00310,32,51892,70,3,149,2,Clothing,Low
CUST_00311,32,38158,18,1,50,5,Clothing,High
CUST_00312,48,27967,26,3,194,11,Sports,Low
CUST_00313,44,27353,53,2,83,24,Sports,Low
CUST_00314,44,54472,47,7,154,36,Sports,Medium
CUST_00315,50,26189,61,8,119,11,Clothing,Low
CUST_00316,35,57394,25,5,188,94,Sports,Low
CUST_00317,43,66926,43,3,46,42,Electronics,Medium
CUST_00318,31,15766,73,1,169,52,Clothing,Medium
CUST_00319,38,63988,26,9,24,11,Sports,Low
CUST_00320,33,101743,79,2,92,14,Electronics,Medium
CUST_00321,36,41192,28,2,61,23,Sports,Medium
CUST_00322,42,48998,66,12,33,18,Home & Garden,Low
CUST_00323,25,60992,42,18,48,9,Sports,High
CUST_00324,60,31642,27,11,57,177,Home & Garden,Low
CUST_00325,22,39780,40,31,78,56,Sports,Medium
CUST_00326,20,18824,60,10,62,8,Toys,Medium
CUST_00327,48,38922,49,6,95,66,Toys,Low
CUST_00328,44,46586,72,1,50,26,Books,Low
CUST_00329,42,47008,78,15,64,1,Toys,High
CUST_00330,42,61865,26,10,73,12,Toys,Medium
CUST_00331,34,24651,24,1,102,1,Sports,Medium
CUST_00332,24,27825,23,3,163,2,Clothing,High
CUST_00333,35,93690,32,1,163,5,Clothing,Low
CUST_00334,26,33685,72,15,106,19,Home & Garden,High
CUST_00335,46,40135,61,4,121,14,Clothing,Medium
CUST_00336,33,35118,39,1,111,4,Electronics,Medium
CUST_00337,25,24080,49,1,72,15,Books,High
CUST_00338,31,81778,78,19,169,10,Toys,Medium
CUST_00339,39,27893,88,4,47,15,Books,Low
CUST_00340,28,20668,55,2,21,5,Electronics,High
CUST_00341,25,28987,1,3,43,28,Toys,High
CUST_00342,37,15000,55,1,240,1,Home & Garden,Medium
CUST_00343,37,26222,68,1,73,14,Electronics,Medium
CUST_00344,28,22380,54,4,109,67,Electronics,Low
CUST_00345,29,49449,64,3,74,16,Books,Medium
CUST_00346,37,25933,57,2,133,17,Sports,High
CUST_00347,18,56607,25,4,94,2,Books,Medium
CUST_00348,18,73075,32,1,85,27,Books,High
CUST_00349,26,53668,43,14,138,82,Clothing,High
CUST_00350,32,32607,71,1,64,10,Electronics,Low
CUST_00351,38,38970,34,1,116,14,Books,Medium
CUST_00352,52,16941,59,1,79,26,Electronics,Medium
CUST_00353,45,33965,56,1,83,2,Clothing,Medium
CUST_00354,33,23618,81,1,50,90,Electronics,Low
CUST_00355,34,51388,49,2,77,18,Books,Medium
CUST_00356,22,131449,14,6,61,3,Electronics,Low
CUST_00357,34,46625,62,1,198,12,Toys,High
CUST_00358,31,15000,92,2,27,14,Clothing,High
CUST_00359,38,30314,64,13,167,12,Sports,Low
CUST_00360,25,38609,34,1,26,35,Electronics,Medium
CUST_00361,41,37936,28,7,131,12,Books,High
CUST_00362,53,25199,30,1,50,11,Clothing,Medium
CUST_00363,33,41054,90,1,133,11,Books,Low
CUST_00364,39,19511,43,3,82,45,Books,High
CUST_00365,43,22641,36,1,33,11,Electronics,Medium
CUST_00366,30,50156,46,11,232,1,Books,Medium
CUST_00367,37,21854,43,1,155,13,Electronics,High
CUST_00368,35,47529,81,4,128,9,Sports,High
CUST_00369,36,18311,29,4,57,71,Toys,High
CUST_00370,25,87764,73,1,158,19,Books,Low
CUST_00371,35,24658,52,6,36,8,Books,Low
CUST_00372,40,32473,74,3,18,119,Books,High
CUST_00373,52,42843,81,6,30,8,Home & Garden,Medium
CUST_00374,46,27373,51,8,47,43,Home & Garden,Medium
CUST_00375,60,39015,43,1,53,31,Clothing,Medium
CUST_00376,25,48420,51,3,66,18,Toys,High
CUST_00377,45,58706,48,1,68,15,Toys,Low
CUST_00378,37,53946,16,1,57,61,Home & Garden,High
CUST_00379,61,33326,81,1,20,19,Clothing,Medium
CUST_00380,25,33748,54,16,102,14,Home & Garden,High
CUST_00381,24,117542,26,2,74,13,Sports,Medium
CUST_00382,27,58392,8,1,55,9,Clothing,Medium
CUST_00383,18,22904,3,1,239,15,Toys,High
CUST_00384,28,38177,65,1,75,3,Toys,Medium
CUST_00385,25,30712,37,1,93,2,Home & Garden,Medium
CUST_00386,36,33939,40,2,157,23,Sports,Medium
CUST_00387,39,19638,59,1,31,18,Home & Garden,Low
CUST_00388,57,29555,39,1,88,5,Electronics,High
CUST_00389,46,89839,60,5,156,3,Electronics,High
CUST_00390,28,48510,51,11,84,4,Sports,Low
CUST_00391,24,15000,48,2,36,11,Books,High
CUST_00392,40,66726,18,9,64,18,Books,High
CUST_00393,19,62618,33,1,102,6,Electronics,Medium
CUST_00394,56,30344,62,7,20,42,Electronics,Medium
CUST_00395,49,51980,36,1,34,6,Books,Medium
CUST_00396,29,23630,74,9,358,3,Clothing,Medium
CUST_00397,18,28706,96,10,126,156,Books,Medium
CUST_00398,51,76824,63,7,254,17,Home & Garden,Medium
CUST_00399,33,31701,79,8,165,5,Clothing,Low
CUST_00400,49,15000,64,4,118,67,Home & Garden,High
CUST_00401,18,35184,39,1,72,7,Electronics,Medium
CUST_00402,27,34916,54,5,117,77,Clothing,High
CUST_00403,35,66117,90,2,248,3,Home & Garden,Low
CUST_00404,35,36576,39,1,160,55,Home & Garden,Low
CUST_00405,29,29413,29,3,101,6,Clothing,Medium
CUST_00406,42,61238,27,5,79,83,Sports,Low
CUST_00407,22,38576,45,1,127,25,Books,Medium
CUST_00408,33,24958,29,4,62,6,Toys,Low
CUST_00409,36,64698,83,5,127,55,Home & Garden,Medium
CUST_00410,41,40007,54,1,55,14,Books,Medium
CUST_00411,43,36368,69,2,70,39,Toys,Medium
CUST_00412,21,39693,44,16,43,30,Books,Medium
CUST_00413,18,21261,27,10,66,37,Electronics,High
CUST_00414,50,27894,23,2,55,12,Toys,High
CUST_00415,38,36380,31,2,294,83,Books,Low
CUST_00416,26,32947,56,1,48,24,Home & Garden,High
CUST_00417,53,68611,60,1,117,2,Toys,Medium
CUST_00418,36,40485,62,1,46,2,Electronics,Medium
CUST_00419,49,55684,20,14,93,40,Clothing,Low
CUST_00420,35,36486,49,15,110,56,Home & Garden,Medium
CUST_00421,59,61583,29,8,24,35,Electronics,Low
CUST_00422,56,44301,58,2,33,9,Electronics,Medium
CUST_00423,32,36560,59,1,46,7,Toys,High
CUST_00424,46,36075,26,4,36,25,Books,High
CUST_00425,42,22534,69,5,95,6,Clothing,High
CUST_00426,51,46791,96,2,106,14,Home & Garden,Medium
CUST_00427,23,35592,66,5,42,29,Home & Garden,Low
CUST_00428,43,28254,46,6,98,10,Books,Low
CUST_00429,47,63147,43,7,66,14,Clothing,Low
CUST_00430,18,19436,45,3,83,13,Toys,Medium
CUST_00431,20,29400,34,7,57,18,Home & Garden,Medium
CUST_00432,18,60709,55,1,126,33,Clothing,Medium
CUST_00433,31,42521,27,5,282,45,Toys,Medium
CUST_00434,43,35456,12,1,154,32,Toys,Medium
CUST_00435,53,41171,54,1,238,1,Home & Garden,Low
CUST_00436,35,39723,50,1,33,68,Books,Medium
CUST_00437,54,17011,38,1,56,26,Sports,Medium
CUST_00438,18,30496,24,24,133,75,Home & Garden,High
CUST_00439,18,81492,55,2,258,99,Electronics,Medium
CUST_00440,34,26116,30,13,141,18,Electronics,Medium
CUST_00441,39,30972,47,1,43,74,Toys,High
CUST_00442,34,27700,85,1,66,13,Sports,Medium
CUST_00443,18,34769,63,4,113,9,Home & Garden,High
CUST_00444,33,27131,22,2,80,2,Electronics,Medium
CUST_00445,19,46321,24,5,51,18,Electronics,High
CUST_00446,43,40080,53,2,73,35,Home & Garden,Low
CUST_00447,39,53464,22,8,89,112,Clothing,Medium
CUST_00448,23,21472,9,2,42,22,Toys,High
CUST_00449,28,30632,60,4,179,39,Home & Garden,Low
CUST_00450,22,32439,56,1,66,67,Clothing,Low
CUST_00451,34,45607,59,6,85,23,Toys,Low
CUST_00452,46,24425,55,5,185,5,Sports,Low
CUST_00453,23,57401,48,2,82,56,Books,Medium
CUST_00454,41,65723,36,1,178,25,Toys,High
CUST_00455,28,22149,60,4,43,42,Sports,Low
CUST_00456,25,28411,80,14,121,32,Books,Low
CUST_00457,33,27834,39,1,161,1,Electronics,Low
CUST_00458,22,135427,29,8,50,5,Electronics,Low
CUST_00459,28,29291,27,3,79,10,Electronics,High
CUST_00460,20,84020,32,3,80,10,Toys,Low
CUST_00461,58,19277,54,16,104,54,Clothing,Medium
CUST_00462,35,22140,7,4,125,27,Books,Low
CUST_00463,26,25763,58,8,47,2,Electronics,Low
CUST_00464,37,23793,62,3,86,14,Home & Garden,Low
CUST_00465,33,31762,14,1,274,24,Books,Low
CUST_00466,32,25479,30,5,188,8,Books,Low
CUST_00467,42,24108,51,12,156,1,Clothing,High
CUST_00468,44,64811,47,9,78,14,Sports,Medium
CUST_00469,28,66963,60,1,399,18,Clothing,Medium
CUST_00470,28,58375,47,1,185,70,Electronics,Medium
CUST_00471,31,47192,75,3,92,71,Home & Garden,Low
CUST_00472,18,38039,43,4,105,20,Home & Garden,Low
CUST_00473,18,28324,30,1,65,19,Electronics,Low
CUST_00474,51,22548,28,1,118,30,Home & Garden,Low
CUST_00475,54,43542,64,7,136,8,Clothing,High
CUST_00476,32,20194,50,6,147,10,Toys,Low
CUST_00477,41,22093,62,9,79,1,Clothing,Medium
CUST_00478,38,64631,62,13,32,2,Toys,Medium
CUST_00479,71,93931,9,1,106,5,Electronics,Medium
CUST_00480,48,44207,27,9,147,30,Home & Garden,Medium
CUST_00481,33,63147,29,5,45,7,Books,Low
CUST_00482,23,32114,33,15,84,3,Sports,Medium
CUST_00483,18,18604,41,1,230,28,Books,High
CUST_00484,37,49320,69,1,38,31,Toys,Medium
CUST_00485,25,48273,73,6,73,1,Clothing,High
CUST_00486,18,37640,44,13,254,44,Clothing,Medium
CUST_00487,27,32170,44,8,100,27,Clothing,Medium
CUST_00488,22,58753,35,6,62,15,Clothing,Medium
CUST_00489,55,22184,51,2,89,122,Sports,High
CUST_00490,45,24664,54,6,160,1,Electronics,Medium
CUST_00491,34,21937,66,8,78,23,Clothing,High
CUST_00492,52,37891,65,6,136,5,Toys,Medium
CUST_00493,35,21079,3,5,106,11,Home & Garden,High
CUST_00494,24,25793,46,1,112,4,Sports,Medium
CUST_00495,53,25517,77,5,143,33,Toys,High
CUST_00496,41,31878,41,3,73,15,Toys,Low
CUST_00497,22,17262,72,16,46,128,Clothing,Low
CUST_00498,32,37933,43,4,125,31,Home & Garden,High
CUST_00499,24,67754,53,4,82,74,Clothing,Medium
CUST_00500,18,38860,27,25,65,8,Toys,High
CUST_00501,46,78484,28,1,130,11,Electronics,High
CUST_00502,57,70756,64,1,220,13,Sports,Low
CUST_00503,18,53576,67,5,80,54,Electronics,Medium
CUST_00504,41,37697,50,1,90,7,Sports,Low
CUST_00505,27,36726,25,2,39,87,Clothing,Low
CUST_00506,29,53204,50,11,77,1,Clothing,Medium
CUST_00507,27,29856,75,4,105,66,Sports,Low
CUST_00508,24,15000,84,1,88,18,Home & Garden,Medium
CUST_00509,35,46443,43,1,69,22,Home & Garden,High
CUST_00510,25,20629,16,1,149,178,Clothing,Medium
CUST_00511,38,22447,66,4,93,61,Clothing,High
CUST_00512,34,36319,44,1,551,70,Electronics,Medium
CUST_00513,32,34628,68,9,104,26,Toys,Low
CUST_00514,24,17925,55,4,13,93,Clothing,Medium
CUST_00515,28,39448,32,1,41,34,Sports,Low
CUST_00516,44,58868,51,1,130,51,Home & Garden,Medium
CUST_00517,41,20657,76,4,57,38,Home & Garden,Medium
CUST_00518,23,68613,47,2,59,45,Electronics,Medium
CUST_00519,36,16645,29,3,37,30,Home & Garden,Medium
CUST_00520,44,104679,18,12,64,38,Home & Garden,Medium
CUST_00521,18,29565,34,2,103,17,Toys,Low
CUST_00522,41,39058,41,2,117,36,Books,Medium
CUST_00523,27,15000,66,8,44,9,Sports,Low
CUST_00524,41,35204,27,1,158,30,Toys,Medium
CUST_00525,25,40710,81,1,39,22,Books,Medium
CUST_00526,18,34784,23,1,122,68,Home & Garden,High
CUST_00527,18,27404,96,14,113,33,Electronics,High
CUST_00528,35,22622,84,13,46,27,Electronics,Medium
CUST_00529,38,63912,52,1,43,11,Home & Garden,High
CUST_00530,24,36879,17,4,117,59,Clothing,Medium
CUST_00531,42,78462,48,1,60,1,Books,Medium
CUST_00532,18,27910,42,5,78,69,Home & Garden,High
CUST_00533,34,29219,24,1,145,31,Electronics,High
CUST_00534,20,54600,55,1,125,6,Electronics,Medium
CUST_00535,27,16131,33,8,47,69,Books,High
CUST_00536,35,19796,35,1,86,11,Sports,Low
CUST_00537,24,62864,45,1,46,5,Home & Garden,High
CUST_00538,30,20212,38,8,165,11,Toys,Low
CUST_00539,47,15000,91,7,263,97,Home & Garden,Medium
CUST_00540,28,92435,39,5,49,41,Sports,High
CUST_00541,45,18089,58,12,88,74,Books,High
CUST_00542,21,39817,52,3,171,10,Books,Low
CUST_00543,41,37591,57,1,91,2,Electronics,High
CUST_00544,52,15000,58,1,133,24,Sports,Low
CUST_00545,18,31772,67,1,93,19,Books,Low
CUST_00546,25,45442,55,1,42,38,Clothing,High
CUST_00547,41,43354,54,3,97,23,Home & Garden,High
CUST_00548,32,57054,51,1,198,15,Electronics,High
CUST_00549,39,29919,47,2,112,1,Toys,High
CUST_00550,27,51857,31,1,280,18,Sports,Low
CUST_00551,36,25728,48,2,26,3,Electronics,Low
CUST_00552,33,17939,54,5,117,76,Books,High
CUST_00553,49,18979,58,2,57,76,Books,Medium
CUST_00554,38,17482,53,2,48,48,Toys,High
CUST_00555,39,60161,45,23,229,5,Toys,High
CUST_00556,30,17029,48,6,75,4,Toys,Medium
CUST_00557,29,41648,38,3,70,24,Toys,Medium
CUST_00558,29,31794,56,4,114,38,Toys,Medium
CUST_00559,39,34498,45,4,19,70,Clothing,Low
CUST_00560,29,71811,53,1,232,67,Home & Garden,Medium
CUST_00561,38,29166,70,1,341,5,Sports,High
CUST_00562,59,49305,35,5,170,161,Electronics,Medium
CUST_00563,45,37004,61,2,120,5,Toys,Low
CUST_00564,31,33657,50,1,77,54,Home & Garden,Low
CUST_00565,49,114689,90,1,42,26,Books,Low
CUST_00566,30,17664,45,1,207,34,Home & Garden,Medium
CUST_00567,18,69186,63,12,170,27,Toys,Medium
CUST_00568,22,50423,50,1,123,61,Electronics,Medium
CUST_00569,18,28573,22,1,113,30,Toys,Medium
CUST_00570,30,82015,39,4,111,56,Home & Garden,Low
CUST_00571,35,15000,67,3,62,5,Books,High
CUST_00572,55,27976,41,4,518,60,Home & Garden,Medium
CUST_00573,38,19846,5,2,73,148,Toys,Medium
CUST_00574,32,44624,49,3,66,32,Sports,Medium
CUST_00575,44,20815,28,7,197,112,Home & Garden,Low
CUST_00576,18,45095,52,1,88,7,Sports,Low
CUST_00577,37,33083,81,2,88,53,Toys,High
CUST_00578,44,28576,65,15,242,5,Home & Garden,Low
CUST_00579,18,44104,80,1,144,21,Books,Low
CUST_00580,48,31751,38,1,149,32,Clothing,Low
CUST_00581,39,21071,47,1,33,32,Clothing,High
CUST_00582,30,147367,29,1,119,33,Sports,Medium
CUST_00583,42,28464,36,1,44,11,Toys,Medium
CUST_00584,62,15000,31,1,65,109,Sports,Medium
CUST_00585,37,23835,23,1,101,1,Toys,High
CUST_00586,37,19271,77,2,87,29,Toys,High
CUST_00587,29,54889,8,1,142,60,Clothing,Medium
CUST_00588,24,42651,77,6,154,66,Books,High
CUST_00589,44,44327,74,7,162,38,Books,Low
CUST_00590,24,30181,59,2,35,25,Home & Garden,Medium
CUST_00591,35,31581,27,20,470,18,Sports,Medium
CUST_00592,29,30167,18,5,88,17,Books,Low
CUST_00593,40,34870,39,6,210,16,Electronics,Low
CUST_00594,39,55141,62,1,15,36,Home & Garden,High
CUST_00595,47,42960,50,9,74,39,Home & Garden,Low
CUST_00596,28,46632,29,14,32,21,Clothing,Low
CUST_00597,31,46619,72,1,49,40,Sports,High
CUST_00598,23,56512,83,5,93,22,Books,Low
CUST_00599,29,41943,45,6,71,3,Books,Medium
CUST_00600,39,43452,52,1,225,57,Toys,Low
CUST_00601,44,65801,19,3,310,61,Home & Garden,Low
CUST_00602,23,26042,41,1,45,9,Sports,Medium
CUST_00603,45,23673,60,1,63,46,Sports,Medium
CUST_00604,51,20071,57,1,43,21,Sports,Medium
CUST_00605,39,39793,39,4,202,3,Toys,High
CUST_00606,57,15000,44,4,100,15,Clothing,Medium
CUST_00607,25,45755,41,12,92,2,Books,Medium
CUST_00608,20,34385,44,3,112,46,Sports,Low
CUST_00609,18,64043,58,1,72,6,Toys,High
CUST_00610,52,25952,10,1,49,5,Clothing,High
CUST_00611,42,32805,48,10,93,7,Toys,Medium
CUST_00612,34,63646,56,3,74,7,Electronics,Low
CUST_00613,38,72516,38,6,114,33,Home & Garden,Medium
CUST_00614,21,25846,40,1,28,30,Books,Low
CUST_00615,64,39770,40,3,102,4,Toys,High
CUST_00616,36,42075,40,1,55,38,Toys,Medium
CUST_00617,36,43775,50,1,100,12,Books,Medium
CUST_00618,43,31847,52,7,169,18,Home & Garden,Low
CUST_00619,40,68919,7,3,60,4,Electronics,Low
CUST_00620,37,15000,63,2,208,36,Clothing,High
CUST_00621,25,29420,44,8,26,14,Toys,Medium
CUST_00622,40,45431,88,2,265,30,Home & Garden,Medium
CUST_00623,57,45643,26,1,214,16,Clothing,Low
CUST_00624,51,71423,32,14,48,1,Clothing,Low
CUST_00625,54,66112,45,1,48,36,Clothing,Low
CUST_00626,28,31483,58,8,31,24,Electronics,High
CUST_00627,23,69559,10,8,171,17,Electronics,High
CUST_00628,33,25412,33,1,71,6,Clothing,High
CUST_00629,35,57840,61,3,67,29,Sports,Medium
CUST_00630,48,89792,31,1,41,9,Books,High
CUST_00631,18,66667,77,2,320,16,Electronics,Low
CUST_00632,53,38287,40,6,45,1,Sports,Medium
CUST_00633,33,30764,32,1,91,44,Sports,Low
CUST_00634,29,16910,62,1,104,2,Toys,High
CUST_00635,22,42415,82,3,68,66,Books,Medium
CUST_00636,18,20793,58,3,59,60,Clothing,Medium
CUST_00637,44,24426,75,5,69,106,Toys,High
CUST_00638,35,20022,83,7,133,71,Toys,High
CUST_00639,19,28848,31,5,70,106,Sports,High
CUST_00640,19,35811,68,9,280,65,Sports,Medium
CUST_00641,30,41639,19,1,52,3,Sports,Medium
CUST_00642,55,26896,58,4,152,17,Clothing,Medium
CUST_00643,31,61984,48,2,26,2,Clothing,Medium
CUST_00644,18,32725,74,16,52,23,Toys,Medium
CUST_00645,32,24492,73,2,50,22,Toys,Medium
CUST_00646,31,40665,61,16,41,76,Electronics,High
CUST_00647,18,96933,55,7,109,104,Electronics,Medium
CUST_00648,34,42940,60,6,83,9,Sports,Medium
CUST_00649,32,30289,51,3,18,26,Clothing,Low
CUST_00650,43,16920,48,2,363,18,Clothing,Low
CUST_00651,57,32542,78,3,101,23,Toys,Medium
CUST_00652,48,40841,81,1,90,22,Books,Medium
CUST_00653,31,29917,47,11,225,73,Sports,Low
CUST_00654,21,15792,54,7,179,67,Electronics,High
CUST_00655,65,23735,51,8,73,3,Books,High
CUST_00656,35,75152,17,2,22,12,Clothing,Medium
CUST_00657,35,74384,43,1,133,41,Electronics,Medium
CUST_00658,34,23310,81,5,45,34,Sports,Medium
CUST_00659,37,50836,35,2,214,29,Clothing,High
CUST_00660,33,20145,92,10,52,152,Sports,Low
CUST_00661,28,73288,73,7,65,12,Toys,Medium
CUST_00662,28,41052,58,1,35,21,Books,High
CUST_00663,34,58385,61,4,37,116,Books,Medium
CUST_00664,28,15405,31,5,83,35,Books,Medium
CUST_00665,26,50961,44,4,78,31,Home & Garden,High
CUST_00666,36,36176,78,3,64,5,Sports,Medium
CUST_00667,31,55601,37,1,378,8,Books,High
CUST_00668,53,57379,71,1,137,14,Toys,High
CUST_00669,18,37529,22,7,90,18,Books,High
CUST_00670,48,26892,26,1,13,20,Sports,High
CUST_00671,49,53629,88,7,160,69,Books,High
CUST_00672,18,35239,49,3,732,3,Sports,Medium
CUST_00673,30,23473,39,13,78,8,Clothing,Low
CUST_00674,30,22923,77,29,51,4,Toys,Medium
CUST_00675,18,17351,74,5,100,39,Sports,Low
CUST_00676,25,28137,68,2,33,105,Sports,Medium
CUST_00677,21,63028,38,3,124,67,Home & Garden,High
CUST_00678,56,39692,44,1,257,38,Clothing,Medium
CUST_00679,46,27864,56,1,56,1,Toys,Medium
CUST_00680,50,54308,63,4,57,12,Home & Garden,Low
CUST_00681,43,23950,39,8,85,59,Books,Medium
CUST_00682,21,38088,53,1,63,31,Sports,Low
CUST_00683,28,33196,55,2,31,7,Toys,Low
CUST_00684,40,53613,75,4,68,18,Clothing,Medium
CUST_00685,20,16504,65,11,59,2,Home & Garden,High
CUST_00686,43,23739,19,1,234,22,Sports,Medium
CUST_00687,32,16008,45,1,202,69,Electronics,Medium
CUST_00688,30,31894,31,12,239,1,Toys,High
CUST_00689,43,66550,61,1,157,28,Home & Garden,High
CUST_00690,40,28205,68,5,103,7,Clothing,Medium
CUST_00691,30,28131,52,5,48,139,Home & Garden,Medium
CUST_00692,48,56154,44,2,227,2,Home & Garden,High
CUST_00693,22,61961,51,3,114,28,Home & Garden,Low
CUST_00694,42,34742,54,9,37,8,Books,Medium
CUST_00695,42,51141,37,1,47,64,Electronics,Low
CUST_00696,31,21195,25,1,37,3,Clothing,Low
CUST_00697,38,72329,8,3,21,16,Clothing,High
CUST_00698,19,106335,75,2,118,6,Clothing,Medium
CUST_00699,46,47127,59,4,37,48,Sports,Medium
CUST_00700,32,15000,57,12,53,12,Toys,High
CUST_00701,28,27470,75,12,92,6,Clothing,High
CUST_00702,47,49336,24,1,78,38,Toys,Low
CUST_00703,26,29414,15,1,54,50,Clothing,Low
CUST_00704,18,68603,57,1,260,18,Electronics,High
CUST_00705,18,48731,55,13,30,14,Sports,Medium
CUST_00706,42,25508,15,2,31,30,Sports,High
CUST_00707,19,36906,57,2,124,31,Home & Garden,Medium
CUST_00708,56,23227,41,8,58,32,Books,Medium
CUST_00709,18,33147,33,3,56,9,Sports,Low
CUST_00710,55,27520,43,1,42,85,Sports,Medium
CUST_00711,37,65341,1,2,114,7,Electronics,High
CUST_00712,33,104611,38,4,105,14,Clothing,Low
CUST_00713,28,17754,35,6,97,10,Sports,High
CUST_00714,39,15000,61,5,59,80,Sports,Low
CUST_00715,34,32125,46,1,53,52,Books,Medium
CUST_00716,48,16997,62,1,80,50,Toys,Low
CUST_00717,36,37164,1,6,177,1,Electronics,Medium
CUST_00718,36,52810,33,10,269,34,Books,Medium
CUST_00719,30,76655,61,1,195,7,Sports,Medium
CUST_00720,34,40162,43,1,128,103,Sports,Medium
CUST_00721,38,32972,66,5,179,22,Electronics,Medium
CUST_00722,18,15000,13,3,39,24,Home & Garden,Low
CUST_00723,18,36794,64,1,54,13,Home & Garden,High
CUST_00724,43,37633,37,3,129,23,Sports,High
CUST_00725,37,49985,35,18,82,41,Sports,Medium
CUST_00726,32,25482,69,4,114,24,Books,Medium
CUST_00727,35,29216,73,2,178,30,Toys,Medium
CUST_00728,39,17343,70,8,160,19,Toys,Medium
CUST_00729,28,15000,90,1,41,37,Books,Medium
CUST_00730,25,20863,75,2,90,68,Books,Medium
CUST_00731,37,16561,34,3,47,1,Clothing,High
CUST_00732,23,42974,52,3,52,3,Sports,Medium
CUST_00733,39,28027,42,12,27,34,Clothing,Medium
CUST_00734,18,27746,90,1,98,14,Home & Garden,Low
CUST_00735,47,22198,72,1,25,9,Sports,High
CUST_00736,40,15000,46,12,118,5,Sports,Medium
CUST_00737,38,77200,67,1,232,25,Electronics,Low
CUST_00738,46,22023,25,2,130,12,Sports,High
CUST_00739,54,29548,55,3,93,21,Home & Garden,High
CUST_00740,47,17545,31,18,263,95,Toys,Medium
CUST_00741,18,59039,16,3,113,42,Toys,High
CUST_00742,19,39015,65,2,49,47,Sports,Medium
CUST_00743,27,24024,68,4,98,3,Toys,Low
CUST_00744,35,29848,59,17,354,11,Clothing,High
CUST_00745,41,84043,46,8,41,3,Sports,High
CUST_00746,26,35014,24,1,34,103,Clothing,Low
CUST_00747,37,33161,26,8,138,34,Books,High
CUST_00748,25,22681,30,9,76,1,Books,High
CUST_00749,27,15000,45,5,62,19,Electronics,High
CUST_00750,18,33522,71,5,37,9,Sports,Low
CUST_00751,23,42733,71,2,22,23,Books,Medium
CUST_00752,18,62930,17,5,32,5,Books,Low
CUST_00753,23,15000,36,6,278,1,Toys,Medium
CUST_00754,47,20690,35,1,89,11,Electronics,Low
CUST_00755,23,27163,1,1,22,10,Electronics,Medium
CUST_00756,66,36252,61,1,206,37,Toys,Low
CUST_00757,40,33775,45,9,213,19,Sports,Medium
CUST_00758,37,34171,47,5,212,10,Clothing,Low
CUST_00759,24,44535,76,2,66,25,Sports,Medium
CUST_00760,43,23117,51,8,74,2,Clothing,Low
CUST_00761,28,57934,41,6,99,32,Electronics,Medium
CUST_00762,36,45104,61,12,240,4,Home & Garden,Medium
CUST_00763,65,30948,71,1,61,9,Sports,Low
CUST_00764,33,80858,55,3,53,9,Home & Garden,Low
CUST_00765,48,79079,63,6,146,18,Clothing,High
CUST_00766,26,57898,47,1,209,91,Sports,Medium
CUST_00767,34,15000,48,1,86,11,Home & Garden,Low
CUST_00768,56,79975,52,2,143,9,Home & Garden,High
CUST_00769,27,54034,34,7,97,5,Sports,Medium
CUST_00770,56,99032,38,3,75,14,Home & Garden,Low
CUST_00771,43,67422,77,3,50,6,Sports,High
CUST_00772,28,79951,90,2,40,4,Home & Garden,High
CUST_00773,42,56349,81,1,58,58,Electronics,Medium
CUST_00774,46,71278,23,12,45,1,Sports,High
CUST_00775,42,98426,21,1,109,37,Electronics,Low
CUST_00776,18,40468,26,4,211,6,Toys,High
CUST_00777,26,16545,52,1,103,1,Books,Low
CUST_00778,32,31140,1,2,47,47,Electronics,Medium
CUST_00779,34,44133,38,11,163,36,Home & Garden,Medium
CUST_00780,42,37701,78,26,110,12,Clothing,Low
CUST_00781,37,19471,69,2,127,2,Toys,High
CUST_00782,18,16066,39,1,62,13,Electronics,Low
CUST_00783,39,25069,41,1,199,6,Toys,High
CUST_00784,42,54386,61,1,198,80,Electronics,Medium
CUST_00785,41,80031,68,5,79,22,Electronics,High
CUST_00786,47,57427,39,3,148,99,Clothing,Low
CUST_00787,45,61618,45,7,194,12,Clothing,Medium
CUST_00788,40,34877,38,6,64,24,Electronics,High
CUST_00789,34,15198,23,1,85,6,Books,Medium
CUST_00790,18,28922,45,7,95,49,Clothing,Medium
CUST_00791,40,31908,44,9,41,1,Clothing,Low
CUST_00792,37,28324,24,4,122,35,Clothing,Low
CUST_00793,38,37322,62,13,184,14,Sports,High
CUST_00794,19,45284,59,7,81,25,Toys,Medium
CUST_00795,22,55631,63,4,114,26,Electronics,Medium
CUST_00796,47,31600,34,11,239,37,Books,Low
CUST_00797,34,15000,10,4,67,6,Clothing,Medium
CUST_00798,43,28525,59,3,115,22,Sports,Medium
CUST_00799,35,37117,36,2,60,16,Toys,Low
CUST_00800,35,66930,32,10,59,9,Home & Garden,Medium
CUST_00801,46,27339,24,1,114,20,Home & Garden,Low
CUST_00802,28,46923,44,3,106,91,Clothing,Medium
CUST_00803,36,41984,81,3,132,89,Books,Medium
CUST_00804,29,37121,39,4,94,9,Books,Low
CUST_00805,29,57830,28,5,124,64,Toys,Low
CUST_00806,31,26097,63,3,288,62,Toys,Low
CUST_00807,37,27239,53,1,189,8,Electronics,Low
CUST_00808,29,36100,7,9,114,27,Clothing,Medium
CUST_00809,50,26368,63,5,128,61,Home & Garden,Low
CUST_00810,24,46817,92,9,73,21,Electronics,Medium
CUST_00811,32,25422,1,1,80,13,Books,Medium
CUST_00812,29,40666,25,5,127,31,Electronics,High
CUST_00813,52,34541,1,6,95,5,Home & Garden,Low
CUST_00814,37,40435,48,2,156,5,Books,Low
CUST_00815,47,28857,69,8,218,53,Toys,Low
CUST_00816,18,30652,52,1,83,1,Sports,Medium
CUST_00817,38,38101,77,4,22,48,Sports,Medium
CUST_00818,45,40176,66,4,373,10,Toys,Medium
CUST_00819,35,36239,84,3,57,19,Clothing,Low
CUST_00820,47,85193,73,4,103,23,Electronics,Low
CUST_00821,28,22128,41,1,149,43,Books,Medium
CUST_00822,51,35168,51,5,241,64,Toys,Low
CUST_00823,62,16534,32,2,318,48,Toys,High
CUST_00824,30,43740,45,3,69,25,Clothing,Low
CUST_00825,29,20793,51,2,207,12,Electronics,High
CUST_00826,52,31597,48,3,103,22,Toys,Low
CUST_00827,53,30150,76,4,614,1,Home & Garden,High
CUST_00828,28,41791,43,9,194,8,Toys,Medium
CUST_00829,29,27545,31,3,79,13,Books,Medium
CUST_00830,31,26966,32,1,51,11,Electronics,Medium
CUST_00831,18,74453,63,3,14,2,Books,Medium
CUST_00832,23,41868,21,5,144,1,Electronics,Low
CUST_00833,22,27432,45,2,182,16,Home & Garden,High
CUST_00834,25,32034,76,2,151,2,Books,Medium
CUST_00835,34,82675,55,4,17,10,Sports,High
CUST_00836,37,32286,48,1,37,19,Toys,Medium
CUST_00837,53,25728,49,1,126,7,Home & Garden,Medium
CUST_00838,23,25783,29,1,314,2,Electronics,Medium
CUST_00839,46,27596,32,2,86,16,Books,Medium
CUST_00840,32,26977,46,1,193,17,Toys,High
CUST_00841,34,19152,55,4,43,74,Home & Garden,High
CUST_00842,43,20700,68,1,104,4,Electronics,High
CUST_00843,21,23988,51,2,74,28,Sports,Low
CUST_00844,39,48814,77,1,206,11,Sports,High
CUST_00845,36,30012,82,4,61,3,Electronics,Low
CUST_00846,40,32742,65,9,291,14,Sports,Low
CUST_00847,38,68531,74,5,72,16,Home & Garden,Low
CUST_00848,64,69390,30,3,42,13,Toys,Low
CUST_00849,27,31537,27,5,43,43,Sports,High
CUST_00850,28,26491,60,1,58,54,Toys,High
CUST_00851,27,23571,23,1,116,4,Clothing,Low
CUST_00852,28,51348,44,1,58,5,Sports,Medium
CUST_00853,27,32782,65,1,50,16,Clothing,Low
CUST_00854,49,29934,78,1,167,11,Toys,Medium
CUST_00855,52,24177,44,3,10,51,Books,Medium
CUST_00856,28,24715,37,1,66,172,Toys,Medium
CUST_00857,25,42617,56,13,35,5,Home & Garden,High
CUST_00858,40,18812,28,9,49,43,Books,Medium
CUST_00859,28,59720,46,17,106,28,Books,Medium
CUST_00860,42,27807,49,1,77,31,Sports,High
CUST_00861,37,33697,49,9,73,9,Sports,Medium
CUST_00862,18,18611,51,8,206,3,Sports,Medium
CUST_00863,53,36091,33,11,89,23,Toys,Medium
CUST_00864,56,30817,35,3,318,28,Books,High
CUST_00865,27,35417,35,7,148,98,Home & Garden,High
CUST_00866,30,75800,17,1,45,33,Home & Garden,High
CUST_00867,38,39689,56,1,348,17,Clothing,High
CUST_00868,39,24408,67,1,109,153,Electronics,High
CUST_00869,42,25446,65,12,333,14,Home & Garden,High
CUST_00870,59,48901,44,1,74,5,Sports,High
CUST_00871,32,69518,33,1,108,28,Clothing,Medium
CUST_00872,25,41812,64,13,121,9,Sports,Medium
CUST_00873,18,51244,62,1,80,76,Books,High
CUST_00874,26,49260,54,10,219,16,Books,High
CUST_00875,34,73830,84,7,348,4,Toys,High
CUST_00876,56,15000,49,1,18,4,Sports,Medium
CUST_00877,28,50696,44,1,159,31,Home & Garden,Medium
CUST_00878,37,59389,42,3,48,13,Electronics,Medium
CUST_00879,34,18594,18,29,14,13,Sports,Low
CUST_00880,49,23322,63,10,129,28,Home & Garden,Medium
CUST_00881,65,23732,47,1,129,7,Clothing,Low
CUST_00882,28,25225,60,2,144,4,Sports,High
CUST_00883,29,28542,86,2,116,32,Clothing,High
CUST_00884,47,40998,42,6,166,1,Home & Garden,Low
CUST_00885,43,55984,3,2,59,71,Home & Garden,Low
CUST_00886,57,62358,59,1,108,6,Home & Garden,High
CUST_00887,42,23886,53,6,146,17,Home & Garden,Medium
CUST_00888,30,23804,35,3,232,7,Books,Medium
CUST_00889,42,70116,57,1,92,7,Toys,Medium
CUST_00890,48,50180,65,7,77,54,Home & Garden,Low
CUST_00891,44,37851,31,4,86,26,Books,Low
CUST_00892,41,46012,43,3,39,11,Electronics,High
CUST_00893,47,35778,79,5,154,8,Books,High
CUST_00894,49,47206,35,3,32,7,Clothing,Low
CUST_00895,51,30698,51,5,118,24,Electronics,Low
CUST_00896,42,41539,1,10,95,39,Clothing,Medium
CUST_00897,32,17064,20,4,30,8,Toys,Low
CUST_00898,36,25747,53,5,31,12,Sports,Low
CUST_00899,49,25886,74,4,49,38,Sports,Low
CUST_00900,25,30115,22,3,70,40,Books,Low
CUST_00901,39,22850,51,1,253,6,Clothing,Medium
CUST_00902,30,27812,42,2,83,14,Toys,High
CUST_00903,35,17031,69,5,131,61,Sports,Medium
CUST_00904,50,47779,25,2,218,40,Toys,Low
CUST_00905,37,34847,58,2,190,5,Toys,Low
CUST_00906,35,15481,36,7,89,14,Sports,High
CUST_00907,18,23922,54,1,54,108,Sports,Medium
CUST_00908,43,42971,51,5,127,22,Electronics,Medium
CUST_00909,42,27680,44,3,55,38,Electronics,High
CUST_00910,60,25630,59,2,320,2,Home & Garden,Medium
CUST_00911,31,34986,50,2,165,53,Clothing,Medium
CUST_00912,37,43122,47,1,104,27,Sports,High
CUST_00913,37,17708,42,2,128,5,Toys,Medium
CUST_00914,53,47813,51,2,101,14,Clothing,Medium
CUST_00915,33,24339,54,2,69,2,Home & Garden,Medium
CUST_00916,38,35991,30,5,127,45,Toys,High
CUST_00917,42,35678,43,3,75,40,Books,High
CUST_00918,37,27902,28,7,349,20,Home & Garden,High
CUST_00919,29,21767,49,5,55,18,Sports,Medium
CUST_00920,37,31481,38,1,128,18,Books,High
CUST_00921,47,81851,65,1,52,1,Books,Medium
CUST_00922,22,18382,63,1,51,13,Home & Garden,Medium
CUST_00923,36,84639,31,14,25,4,Sports,Low
CUST_00924,26,31892,49,10,120,6,Toys,Medium
CUST_00925,49,36963,62,1,62,98,Books,Low
CUST_00926,18,21091,46,4,192,9,Home & Garden,High
CUST_00927,28,24695,35,16,120,19,Home & Garden,Medium
CUST_00928,39,28241,28,6,99,65,Toys,Medium
CUST_00929,53,21528,67,3,33,16,Sports,High
CUST_00930,34,32713,68,1,135,22,Home & Garden,Medium
CUST_00931,28,29628,45,1,56,5,Home & Garden,High
CUST_00932,57,91618,65,6,33,10,Home & Garden,High
CUST_00933,18,20272,1,7,121,21,Clothing,Low
CUST_00934,18,38228,76,3,37,13,Electronics,Medium
CUST_00935,40,41106,46,1,20,1,Toys,High
CUST_00936,28,21265,52,13,223,15,Clothing,High
CUST_00937,22,51195,43,9,60,50,Home & Garden,High
CUST_00938,43,29757,77,1,26,3,Electronics,High
CUST_00939,37,15000,28,1,45,1,Toys,Medium
CUST_00940,28,50509,79,3,54,3,Books,Low
CUST_00941,19,20775,57,1,200,34,Toys,Low
CUST_00942,45,21506,62,1,28,47,Clothing,Low
CUST_00943,42,51223,43,1,35,1,Clothing,Low
CUST_00944,33,30528,23,15,178,65,Clothing,High
CUST_00945,57,57462,68,8,65,29,Toys,Medium
CUST_00946,22,66508,56,1,105,21,Sports,Low
CUST_00947,18,26305,77,10,63,8,Home & Garden,High
CUST_00948,26,53994,46,5,370,13,Toys,Medium
CUST_00949,34,24891,41,1,36,88,Books,Low
CUST_00950,37,110919,77,10,109,72,Books,Low
CUST_00951,32,25681,88,4,257,29,Books,Medium
CUST_00952,39,60660,50,9,69,25,Home & Garden,High
CUST_00953,19,55375,34,3,53,7,Electronics,Low
CUST_00954,52,42533,66,3,154,91,Clothing,Medium
CUST_00955,34,25970,44,1,181,42,Home & Garden,Low
CUST_00956,48,33667,61,2,51,14,Clothing,Low
CUST_00957,39,15000,44,4,250,50,Home & Garden,Low
CUST_00958,40,40627,81,14,93,7,Clothing,Low
CUST_00959,41,43252,36,4,128,7,Home & Garden,Medium
CUST_00960,40,38822,59,1,255,46,Electronics,Medium
CUST_00961,42,15000,40,1,154,24,Toys,Low
CUST_00962,50,19286,44,9,90,24,Books,Low
CUST_00963,37,24983,41,2,56,25,Clothing,High
CUST_00964,43,42016,64,1,599,4,Home & Garden,Low
CUST_00965,33,41968,68,8,51,12,Electronics,High
CUST_00966,52,33352,61,14,112,25,Electronics,High
CUST_00967,26,49892,47,6,128,8,Books,Medium
CUST_00968,56,21739,52,1,132,21,Home & Garden,Low
CUST_00969,34,49272,67,2,399,24,Toys,Low
CUST_00970,18,46044,68,7,93,85,Clothing,Medium
CUST_00971,36,43860,1,11,84,8,Toys,Medium
CUST_00972,26,33156,44,32,266,17,Sports,Medium
CUST_00973,45,90705,45,3,81,119,Electronics,High
CUST_00974,27,46471,63,8,166,6,Electronics,Medium
CUST_00975,29,22377,48,1,103,45,Books,High
CUST_00976,18,41116,64,1,171,5,Home & Garden,Medium
CUST_00977,29,52904,28,2,149,56,Sports,Low
CUST_00978,18,27063,55,18,67,20,Sports,Medium
CUST_00979,18,62607,68,1,24,107,Sports,High
CUST_00980,44,43959,20,1,27,5,Home & Garden,Low
CUST_00981,44,15000,100,13,24,34,Clothing,High
CUST_00982,40,42185,73,1,84,35,Electronics,Low
CUST_00983,23,29643,50,1,17,38,Home & Garden,High
CUST_00984,34,47504,33,6,80,3,Sports,Medium
CUST_00985,34,58227,46,6,98,10,Electronics,Low
CUST_00986,21,40037,51,3,163,12,Electronics,High
CUST_00987,53,83502,58,14,128,11,Sports,Low
CUST_00988,45,33211,80,1,169,33,Sports,Medium
CUST_00989,32,49632,40,12,120,1,Electronics,High
CUST_00990,35,54310,61,7,71,39,Books,High
CUST_00991,37,34590,24,2,83,22,Toys,Medium
CUST_00992,18,53604,41,8,49,5,Toys,High
CUST_00993,32,26974,57,1,105,7,Electronics,Low
CUST_00994,26,29398,63,1,29,3,Clothing,Low
CUST_00995,22,18840,34,13,189,18,Clothing,Low
CUST_00996,31,40974,41,1,46,27,Books,Medium
CUST_00997,56,42728,79,1,100,26,Home & Garden,Low
CUST_00998,42,65488,73,2,112,98,Electronics,Low
CUST_00999,28,53936,54,1,203,10,Clothing,High
CUST_01000,41,31495,5,9,27,43,Electronics,Low
CUST_01001,51,20149,100,12,71,38,Books,Medium
CUST_01002,46,45090,49,3,132,1,Sports,Medium
CUST_01003,35,63283,43,2,306,79,Books,Low
CUST_01004,27,52975,39,3,87,80,Books,Medium
CUST_01005,43,62457,57,1,59,15,Books,Medium
CUST_01006,39,32664,57,1,371,16,Clothing,Medium
CUST_01007,45,28758,69,1,157,51,Books,High
CUST_01008,42,25123,31,2,235,20,Sports,Medium
CUST_01009,47,35314,43,4,38,48,Sports,High
CUST_01010,28,34916,90,13,129,1,Sports,Medium
CUST_01011,50,40269,54,6,42,8,Home & Garden,Medium
CUST_01012,37,34042,46,6,36,2,Books,Low
CUST_01013,59,33968,31,1,135,18,Sports,Medium
CUST_01014,26,24628,60,10,142,57,Home & Garden,Medium
CUST_01015,55,58151,70,14,64,25,Books,High
CUST_01016,37,37731,67,13,245,22,Books,High
CUST_01017,27,33282,44,1,69,13,Electronics,Medium
CUST_01018,29,24991,57,4,74,1,Books,Medium
CUST_01019,31,18658,83,5,87,43,Toys,High
CUST_01020,40,69841,71,1,75,25,Electronics,Medium
CUST_01021,41,47921,34,24,220,80,Clothing,Low
CUST_01022,28,16123,1,1,43,16,Toys,High
CUST_01023,34,53187,55,1,53,15,Clothing,High
CUST_01024,60,57597,65,3,39,109,Home & Garden,Medium
CUST_01025,55,38645,28,1,336,4,Toys,High
CUST_01026,40,80745,49,12,71,8,Electronics,Medium
CUST_01027,35,40471,44,2,52,20,Clothing,Low
CUST_01028,36,17882,52,2,73,22,Clothing,Medium
CUST_01029,42,43590,39,4,163,23,Clothing,High
CUST_01030,22,41045,75,1,143,7,Books,Medium
CUST_01031,31,26858,52,7,60,78,Electronics,Low
CUST_01032,18,48376,32,7,68,36,Clothing,Low
CUST_01033,39,15774,68,3,32,8,Electronics,High
CUST_01034,42,59592,24,15,99,10,Sports,High
CUST_01035,29,23410,75,4,220,63,Sports,Low
CUST_01036,53,22192,69,5,59,14,Toys,Medium
CUST_01037,20,34306,77,12,140,24,Books,High
CUST_01038,18,45093,46,5,59,3,Sports,Medium
CUST_01039,37,39417,40,2,41,8,Home & Garden,Low
CUST_01040,47,25051,51,1,144,16,Electronics,High
CUST_01041,55,28196,48,6,465,32,Clothing,Medium
CUST_01042,29,20608,36,16,131,9,Home & Garden,Medium
CUST_01043,47,32456,38,3,67,90,Toys,Low
CUST_01044,34,62162,42,2,70,7,Home & Garden,Medium
CUST_01045,32,36238,26,3,342,45,Toys,High
CUST_01046,45,55809,63,6,111,13,Sports,High
CUST_01047,42,75184,48,1,52,53,Electronics,Medium
CUST_01048,18,27064,43,10,86,76,Toys,High
CUST_01049,52,33080,27,10,104,6,Clothing,Medium
CUST_01050,51,107537,26,3,125,20,Home & Garden,High
CUST_01051,27,74769,88,1,259,5,Toys,Low
CUST_01052,39,15737,37,5,219,36,Books,Low
CUST_01053,40,44071,62,1,103,53,Toys,High
CUST_01054,38,36325,53,3,87,14,Clothing,Low
CUST_01055,28,54897,1,1,118,15,Sports,Low
CUST_01056,26,25021,85,4,58,6,Electronics,Low
CUST_01057,34,23865,63,1,178,10,Books,Medium
CUST_01058,49,25899,34,8,78,11,Clothing,Low
CUST_01059,41,27283,49,8,126,5,Toys,Medium
CUST_01060,30,54593,27,32,298,11,Clothing,High
CUST_01061,44,20118,86,1,132,71,Home & Garden,High
CUST_01062,18,26600,31,1,105,11,Clothing,Low
CUST_01063,48,15000,39,2,62,9,Electronics,Low
CUST_01064,18,60087,35,1,85,14,Electronics,Low
CUST_01065,30,68563,51,1,40,96,Clothing,Low
CUST_01066,21,30836,77,4,130,43,Home & Garden,Low
CUST_01067,19,31289,85,4,20,6,Books,High
CUST_01068,48,45552,42,1,177,41,Toys,Medium
CUST_01069,29,75905,57,2,150,43,Books,Medium
CUST_01070,39,44547,51,3,96,89,Home & Garden,Medium
CUST_01071,34,25622,30,1,61,66,Sports,High
CUST_01072,40,16164,98,10,88,3,Electronics,High
CUST_01073,35,20794,77,1,26,18,Sports,High
CUST_01074,19,37669,53,1,160,36,Toys,Low
CUST_01075,46,26169,81,1,80,108,Home & Garden,Medium
CUST_01076,29,40033,74,1,259,2,Toys,Medium
CUST_01077,18,27543,51,10,118,13,Sports,Medium
CUST_01078,29,21395,56,1,105,20,Home & Garden,High
CUST_01079,53,20160,80,6,119,15,Books,Low
CUST_01080,45,79314,31,2,45,18,Books,High
CUST_01081,30,56641,83,5,65,13,Sports,Low
CUST_01082,30,86271,45,13,98,105,Sports,High
CUST_01083,31,47570,80,9,72,48,Electronics,High
CUST_01084,59,29290,49,1,60,40,Books,High
CUST_01085,39,70380,56,9,73,15,Electronics,Medium
CUST_01086,40,35719,49,3,92,63,Sports,Medium
CUST_01087,47,40555,39,2,456,2,Toys,High
CUST_01088,37,35546,44,5,71,4,Home & Garden,Medium
CUST_01089,31,15000,77,14,56,92,Books,Low
CUST_01090,32,81013,3,1,80,25,Home & Garden,High
CUST_01091,34,46420,25,7,257,5,Electronics,Medium
CUST_01092,34,42826,35,1,270,89,Electronics,Medium
CUST_01093,43,35210,28,2,352,110,Clothing,High
CUST_01094,35,39407,80,10,93,63,Toys,Low
CUST_01095,43,26939,75,3,141,8,Books,Medium
CUST_01096,34,49428,61,1,43,9,Books,Medium
CUST_01097,35,18891,37,3,70,15,Electronics,High
CUST_01098,18,39856,76,7,41,25,Toys,Medium
CUST_01099,45,48087,18,3,125,145,Home & Garden,Medium
CUST_01100,39,32881,92,1,92,93,Books,Medium
CUST_01101,46,43714,36,2,105,76,Electronics,Low
CUST_01102,18,22122,44,12,49,2,Clothing,Medium
CUST_01103,60,22406,41,5,163,42,Sports,Medium
CUST_01104,33,40878,28,6,16,62,Books,Low
CUST_01105,48,50984,88,7,75,12,Toys,High
CUST_01106,22,15000,65,1,83,7,Sports,Medium
CUST_01107,42,47146,74,4,21,41,Home & Garden,Medium
CUST_01108,22,27678,25,2,117,2,Clothing,Low
CUST_01109,27,32978,53,1,79,84,Books,Low
CUST_01110,57,18587,60,1,133,5,Sports,High
CUST_01111,32,23722,55,7,364,18,Toys,High
CUST_01112,37,58868,26,1,112,121,Sports,High
CUST_01113,45,36917,71,1,177,133,Electronics,Medium
CUST_01114,40,29989,52,1,236,44,Sports,High
CUST_01115,36,34260,30,1,127,54,Home & Garden,High
CUST_01116,39,46379,12,3,49,102,Sports,Low
CUST_01117,63,45263,62,7,28,78,Home & Garden,Medium
CUST_01118,34,34978,99,1,116,29,Home & Garden,High
CUST_01119,37,62722,29,1,68,39,Toys,Low
CUST_01120,47,58996,53,6,221,27,Electronics,Medium
CUST_01121,48,44653,72,4,64,21,Clothing,Medium
CUST_01122,49,37320,24,6,89,63,Home & Garden,Medium
CUST_01123,42,50446,40,1,39,40,Sports,Medium
CUST_01124,21,42494,32,8,70,58,Toys,Medium
CUST_01125,54,61722,69,3,46,3,Sports,Medium
CUST_01126,21,56941,76,4,49,25,Home & Garden,Low
CUST_01127,38,21826,53,1,86,11,Toys,High
CUST_01128,25,21099,33,1,58,21,Sports,Medium
CUST_01129,34,25575,41,7,567,28,Books,High
CUST_01130,38,59164,37,1,161,56,Electronics,Low
CUST_01131,38,16512,30,1,192,1,Sports,Low
CUST_01132,40,44239,47,4,83,5,Electronics,Medium
CUST_01133,54,43532,61,3,96,76,Home & Garden,Medium
CUST_01134,40,64946,59,4,66,102,Home & Garden,Low
CUST_01135,32,39742,49,4,565,1,Home & Garden,Medium
CUST_01136,46,18553,51,3,83,12,Electronics,Medium
CUST_01137,49,22478,48,3,58,1,Sports,Low
CUST_01138,20,20110,24,12,53,42,Books,High
CUST_01139,42,27751,53,3,113,34,Electronics,High
CUST_01140,43,33141,38,4,243,24,Toys,Low
CUST_01141,31,20277,23,1,192,35,Books,High
CUST_01142,51,75760,57,10,53,23,Sports,Medium
CUST_01143,33,18720,37,1,52,8,Sports,Medium
CUST_01144,36,71186,54,4,215,42,Electronics,High
CUST_01145,32,65682,66,2,391,45,Clothing,Low
CUST_01146,35,56905,30,4,81,57,Books,High
CUST_01147,21,25670,51,2,209,92,Home & Garden,Low
CUST_01148,18,43097,13,6,32,41,Books,High
CUST_01149,54,19174,80,1,49,1,Sports,Medium
CUST_01150,24,57265,22,2,44,1,Toys,Low
CUST_01151,23,34996,39,8,120,40,Sports,Low
CUST_01152,18,29594,76,1,79,1,Electronics,High
CUST_01153,27,19695,45,1,106,11,Clothing,Medium
CUST_01154,19,15000,26,3,211,4,Home & Garden,High
CUST_01155,54,21606,64,18,56,104,Books,Medium
CUST_01156,47,63348,63,1,96,11,Clothing,Medium
CUST_01157,26,29690,37,1,35,1,Home & Garden,High
CUST_01158,62,33367,39,4,203,89,Sports,Low
CUST_01159,46,50401,41,1,193,28,Toys,Low
CUST_01160,31,89575,45,2,115,1,Sports,Low
CUST_01161,18,70438,12,8,97,53,Electronics,Low
CUST_01162,62,22333,46,1,63,4,Electronics,Low
CUST_01163,18,15000,85,6,33,48,Toys,Low
CUST_01164,18,118161,32,3,111,27,Books,Medium
CUST_01165,47,112926,38,11,152,5,Clothing,Medium
CUST_01166,64,39903,26,18,370,41,Toys,Low
CUST_01167,51,19240,62,3,68,18,Clothing,Medium
CUST_01168,41,58783,74,4,108,30,Home & Garden,Low
CUST_01169,42,34406,73,6,196,61,Books,High
CUST_01170,45,34320,25,1,200,9,Electronics,Low
CUST_01171,44,56796,59,1,58,13,Books,High
CUST_01172,38,42924,78,16,74,177,Sports,Medium
CUST_01173,36,20072,60,2,62,21,Electronics,High
CUST_01174,34,30872,59,1,47,24,Clothing,Low
CUST_01175,25,50542,40,9,252,10,Electronics,Low
CUST_01176,31,46869,54,4,94,16,Sports,High
CUST_01177,18,41398,74,1,85,20,Electronics,Medium
CUST_01178,33,57913,56,1,107,8,Toys,Medium
CUST_01179,23,30307,25,1,93,8,Clothing,High
CUST_01180,21,39709,40,13,77,27,Sports,Medium
CUST_01181,37,15000,74,13,52,6,Toys,Low
CUST_01182,51,29003,56,1,269,24,Home & Garden,Medium
CUST_01183,46,53207,52,9,60,36,Books,Medium
CUST_01184,18,29875,38,2,46,6,Toys,High
CUST_01185,23,28764,73,5,85,41,Home & Garden,High
CUST_01186,46,21574,83,2,407,13,Sports,Medium
CUST_01187,23,59974,75,3,50,146,Sports,High
CUST_01188,32,47773,78,1,147,116,Sports,Medium
CUST_01189,41,54869,42,1,75,48,Clothing,High
CUST_01190,23,15319,39,1,106,12,Sports,Low
CUST_01191,36,33515,46,1,171,83,Books,Medium
CUST_01192,18,31569,50,18,27,201,Clothing,Low
CUST_01193,27,31562,78,16,48,18,Sports,Medium
CUST_01194,38,26688,73,8,169,28,Clothing,Low
CUST_01195,18,30544,60,1,96,1,Books,High
CUST_01196,40,55537,21,2,104,1,Books,Medium
CUST_01197,34,15000,16,2,148,20,Toys,Medium
CUST_01198,41,88313,54,2,48,28,Clothing,High
CUST_01199,37,46254,67,1,188,11,Electronics,Medium
CUST_01200,51,35554,48,3,159,3,Home & Garden,Medium
CUST_01201,36,57148,88,1,106,45,Sports,Low
CUST_01202,29,17572,28,8,124,16,Home & Garden,High
CUST_01203,36,26046,25,5,203,31,Books,Low
CUST_01204,41,34182,36,2,59,31,Home & Garden,High
CUST_01205,35,71881,35,5,143,23,Electronics,High
CUST_01206,35,35480,60,1,305,5,Home & Garden,Medium
CUST_01207,26,45479,41,1,140,28,Toys,High
CUST_01208,27,27043,19,1,77,11,Home & Garden,Medium
CUST_01209,18,46324,67,7,456,51,Books,Medium
CUST_01210,55,84004,14,1,105,6,Books,Medium
CUST_01211,20,59740,28,4,239,10,Toys,Medium
CUST_01212,26,34866,17,1,67,17,Sports,High
CUST_01213,26,50906,54,1,190,40,Clothing,High
CUST_01214,45,48472,53,1,61,38,Sports,Medium
CUST_01215,31,46783,88,5,112,12,Books,Medium
CUST_01216,49,63321,68,3,58,21,Sports,Low
CUST_01217,26,63085,78,6,340,8,Home & Garden,Medium
CUST_01218,38,34078,55,1,77,44,Home & Garden,Medium
CUST_01219,24,50058,30,1,41,6,Books,Low
CUST_01220,60,29985,52,5,96,51,Books,Medium
CUST_01221,20,22890,61,1,131,82,Sports,Medium
CUST_01222,38,31737,64,1,88,143,Sports,Medium
CUST_01223,42,34956,40,1,50,58,Home & Garden,Medium
CUST_01224,39,15822,59,6,186,7,Clothing,High
CUST_01225,32,55835,31,4,217,16,Toys,Medium
CUST_01226,33,15000,29,1,28,2,Clothing,Medium
CUST_01227,35,141126,27,4,48,5,Books,Low
CUST_01228,33,76952,50,6,80,1,Sports,Medium
CUST_01229,46,31872,26,2,62,30,Clothing,Medium
CUST_01230,61,36487,41,1,130,22,Sports,Low
CUST_01231,28,42255,68,5,326,74,Electronics,Medium
CUST_01232,18,27049,29,4,68,18,Home & Garden,Low
CUST_01233,33,39986,39,1,271,30,Toys,High
CUST_01234,65,33792,51,5,32,15,Sports,Medium
CUST_01235,25,34643,54,3,123,53,Toys,Medium
CUST_01236,54,39764,40,6,59,78,Sports,High
CUST_01237,55,18830,65,1,125,16,Sports,Low
CUST_01238,28,37041,61,1,26,2,Toys,High
CUST_01239,41,39407,72,3,36,5,Toys,Medium
CUST_01240,54,38732,48,3,125,38,Clothing,High
CUST_01241,30,32600,39,2,57,11,Sports,Low
CUST_01242,32,64146,36,6,71,46,Electronics,Low
CUST_01243,28,30429,56,4,325,41,Clothing,Low
CUST_01244,22,40686,42,6,99,35,Books,Medium
CUST_01245,27,69469,38,1,169,50,Books,Low
CUST_01246,20,34902,41,6,52,42,Home & Garden,High
CUST_01247,35,40426,36,3,35,30,Electronics,Low
CUST_01248,25,34606,53,1,85,1,Sports,Low
CUST_01249,37,67419,21,1,31,21,Electronics,Low
CUST_01250,18,31924,56,1,55,27,Books,High
CUST_01251,38,68987,63,3,106,97,Sports,High
CUST_01252,45,34482,38,1,83,31,Electronics,High
CUST_01253,18,23629,88,21,113,25,Toys,Low
CUST_01254,39,51005,50,10,137,23,Clothing,Low
CUST_01255,49,31184,18,8,38,3,Sports,Medium
CUST_01256,20,49525,44,3,46,16,Toys,Medium
CUST_01257,55,15000,51,8,19,4,Clothing,Medium
CUST_01258,40,36410,58,1,69,1,Electronics,High
CUST_01259,26,28859,44,4,150,11,Sports,Low
CUST_01260,34,21340,29,2,255,31,Home & Garden,Medium
CUST_01261,41,27539,28,1,102,60,Home & Garden,Low
CUST_01262,35,27259,36,1,235,49,Books,Medium
CUST_01263,41,35454,38,4,117,10,Toys,Medium
CUST_01264,23,18330,27,1,97,1,Sports,High
CUST_01265,37,42537,35,6,58,15,Toys,Medium
CUST_01266,18,71905,63,12,16,11,Electronics,High
CUST_01267,33,41792,82,1,211,13,Home & Garden,Low
CUST_01268,24,54420,65,3,86,24,Toys,High
CUST_01269,26,62773,76,6,237,1,Books,High
CUST_01270,49,67389,69,1,46,13,Sports,High
CUST_01271,48,92509,66,12,492,24,Home & Garden,Medium
CUST_01272,42,28293,43,10,75,16,Toys,Medium
CUST_01273,21,25355,52,1,55,33,Toys,Medium
CUST_01274,31,53730,41,1,77,6,Sports,High
CUST_01275,49,51747,45,18,101,5,Books,Low
CUST_01276,36,53521,51,15,85,11,Electronics,Low
CUST_01277,62,93399,64,2,62,3,Books,Medium
CUST_01278,39,36522,58,1,25,8,Electronics,Low
CUST_01279,37,44939,46,4,51,2,Clothing,Medium
CUST_01280,31,22243,51,1,190,15,Toys,Medium
CUST_01281,36,105626,58,13,48,37,Toys,Low
CUST_01282,33,30691,63,7,27,10,Home & Garden,High
CUST_01283,43,31128,19,5,42,1,Clothing,Low
CUST_01284,46,30534,28,1,84,24,Toys,Low
CUST_01285,25,26305,72,6,52,35,Electronics,Medium
CUST_01286,19,25217,48,1,74,14,Sports,Low
CUST_01287,18,27949,41,1,51,10,Electronics,High
CUST_01288,41,18344,44,3,182,20,Toys,Medium
CUST_01289,21,24522,44,3,126,3,Toys,High
CUST_01290,18,96228,61,7,425,30,Electronics,Medium
CUST_01291,39,52461,27,10,68,39,Sports,High
CUST_01292,64,57696,50,2,73,36,Clothing,Medium
CUST_01293,34,65421,54,2,206,11,Toys,Low
CUST_01294,45,90859,57,3,118,55,Home & Garden,Low
CUST_01295,35,15000,54,1,46,88,Electronics,Medium
CUST_01296,33,19634,60,6,132,10,Electronics,Medium
CUST_01297,46,24297,38,3,118,9,Home & Garden,Low
CUST_01298,31,28713,31,12,25,36,Electronics,Low
CUST_01299,38,31248,99,5,57,36,Home & Garden,Medium
CUST_01300,38,29042,43,1,102,21,Home & Garden,Medium
CUST_01301,26,40524,46,1,247,77,Home & Garden,High
CUST_01302,46,36962,63,2,146,4,Sports,Low
CUST_01303,32,25300,81,2,60,19,Clothing,Medium
CUST_01304,25,15000,39,2,54,1,Clothing,Medium
CUST_01305,41,22105,30,1,157,1,Books,Low
CUST_01306,24,27594,25,19,16,1,Sports,Medium
CUST_01307,35,32095,81,1,51,20,Books,Medium
CUST_01308,34,20643,29,5,241,26,Toys,Medium
CUST_01309,48,28412,49,1,110,1,Clothing,Medium
CUST_01310,40,20630,30,2,52,30,Clothing,Low
CUST_01311,34,34101,21,1,38,20,Clothing,Medium
CUST_01312,44,21236,44,2,162,7,Electronics,Low
CUST_01313,51,23754,31,3,95,1,Books,Medium
CUST_01314,41,18876,36,4,77,5,Sports,Medium
CUST_01315,35,33632,90,4,116,27,Books,Low
CUST_01316,19,23547,58,4,101,32,Toys,Low
CUST_01317,22,57147,68,9,95,31,Clothing,Low
CUST_01318,31,44485,66,10,35,4,Sports,Low
CUST_01319,27,35069,47,6,43,72,Books,Low
CUST_01320,32,24373,41,1,151,15,Clothing,Medium
CUST_01321,35,43925,54,16,133,43,Clothing,Low
CUST_01322,41,51295,53,14,117,5,Sports,High
CUST_01323,34,39001,38,6,59,19,Toys,Medium
CUST_01324,40,80971,52,3,153,22,Home & Garden,Medium
CUST_01325,35,45698,35,1,69,44,Sports,Low
CUST_01326,18,57342,46,7,223,29,Home & Garden,Medium
CUST_01327,23,38823,43,10,53,15,Toys,Medium
CUST_01328,33,50910,24,5,62,9,Electronics,Medium
CUST_01329,20,24382,2,4,80,108,Sports,Medium
CUST_01330,42,28877,31,1,162,10,Home & Garden,High
CUST_01331,53,43246,86,2,87,4,Toys,High
CUST_01332,49,43090,43,6,92,10,Books,Medium
CUST_01333,32,46807,65,1,68,11,Clothing,High
CUST_01334,52,62956,7,5,108,4,Electronics,High
CUST_01335,36,17809,29,7,85,36,Sports,Low
CUST_01336,30,22309,22,2,51,28,Home & Garden,Medium
CUST_01337,27,40732,45,1,98,11,Books,Medium
CUST_01338,31,25281,98,8,100,148,Home & Garden,Medium
CUST_01339,30,196591,59,1,466,31,Toys,High
CUST_01340,37,46997,83,2,58,36,Sports,Medium
CUST_01341,36,34920,44,6,50,24,Toys,Low
CUST_01342,35,28064,77,8,109,24,Home & Garden,Medium
CUST_01343,40,28564,91,9,44,1,Sports,High
CUST_01344,49,36866,47,3,42,44,Home & Garden,High
CUST_01345,46,38406,39,3,32,72,Clothing,Low
CUST_01346,18,28901,23,9,52,3,Sports,Medium
CUST_01347,18,31679,43,4,53,47,Sports,Low
CUST_01348,46,71121,51,4,36,22,Electronics,High
CUST_01349,18,72566,90,2,75,10,Clothing,High
CUST_01350,32,41192,24,2,17,76,Sports,Medium
CUST_01351,20,18571,51,3,127,1,Books,Medium
CUST_01352,18,47536,13,2,60,9,Home & Garden,High
CUST_01353,41,78995,41,2,67,65,Books,Low
CUST_01354,44,72033,56,25,135,19,Home & Garden,High
CUST_01355,28,52428,60,2,116,27,Toys,Low
CUST_01356,18,73954,61,1,57,41,Home & Garden,Medium
CUST_01357,28,37297,57,2,123,4,Electronics,Medium
CUST_01358,39,49714,61,4,266,7,Toys,High
CUST_01359,18,25838,50,12,44,197,Sports,Low
CUST_01360,37,42029,29,7,152,8,Home & Garden,Low
CUST_01361,34,70598,12,9,41,23,Electronics,Medium
CUST_01362,41,27045,39,9,204,10,Books,Medium
CUST_01363,36,23606,47,12,54,57,Toys,Low
CUST_01364,23,38129,75,1,53,97,Toys,Medium
CUST_01365,49,32424,47,3,201,4,Electronics,Low
CUST_01366,33,50240,46,2,149,27,Books,High
CUST_01367,34,28951,57,2,55,50,Toys,Medium
CUST_01368,23,85752,44,5,98,51,Sports,Low
CUST_01369,29,19056,66,2,54,17,Home & Garden,Medium
CUST_01370,24,67973,89,4,29,7,Clothing,Low
CUST_01371,32,24774,93,2,102,14,Books,Medium
CUST_01372,55,15000,51,1,70,41,Home & Garden,Medium
CUST_01373,18,40902,56,2,46,152,Clothing,Medium
CUST_01374,18,31974,81,8,224,24,Toys,Medium
CUST_01375,52,20851,47,4,47,6,Clothing,High
CUST_01376,32,15666,63,18,99,1,Books,Medium
CUST_01377,26,36164,27,8,191,86,Home & Garden,Medium
CUST_01378,47,59155,43,3,75,19,Toys,Low
CUST_01379,27,48653,73,1,53,37,Toys,High
CUST_01380,56,37359,35,5,110,32,Toys,Medium
CUST_01381,43,46139,47,6,123,66,Toys,Medium
CUST_01382,29,35824,18,3,166,9,Clothing,High
CUST_01383,60,17767,90,1,333,17,Toys,Low
CUST_01384,27,17846,75,4,65,73,Electronics,Low
CUST_01385,43,32807,53,1,103,26,Toys,Medium
CUST_01386,38,33512,60,14,37,2,Toys,Medium
CUST_01387,50,55575,57,4,143,6,Electronics,Medium
CUST_01388,53,53032,77,1,102,8,Home & Garden,Medium
CUST_01389,35,49146,39,1,79,152,Sports,High
CUST_01390,25,31566,64,6,58,7,Electronics,High
CUST_01391,40,18209,71,6,70,61,Books,High
CUST_01392,26,44624,74,4,106,2,Home & Garden,Medium
CUST_01393,59,47220,4,4,45,6,Toys,Medium
CUST_01394,36,15000,38,4,72,61,Clothing,High
CUST_01395,30,23928,29,2,91,68,Electronics,Low
CUST_01396,37,25705,52,13,30,5,Home & Garden,High
CUST_01397,18,38529,9,3,43,7,Home & Garden,Medium
CUST_01398,23,24302,9,1,56,22,Toys,High
CUST_01399,49,35629,93,2,269,1,Sports,High
CUST_01400,27,32686,62,1,50,87,Clothing,Medium
CUST_01401,22,33537,52,2,86,13,Clothing,Low
CUST_01402,41,25382,57,4,43,20,Clothing,High
CUST_01403,49,26383,52,1,52,3,Books,Medium
CUST_01404,43,21159,69,10,32,1,Home & Garden,Medium
CUST_01405,46,43915,37,4,143,18,Books,High
CUST_01406,25,48317,53,1,35,3,Books,High
CUST_01407,18,24703,54,1,169,29,Home & Garden,Low
CUST_01408,53,77677,29,3,124,47,Clothing,Low
CUST_01409,31,31029,75,1,85,1,Home & Garden,Low
CUST_01410,31,78049,41,1,173,28,Sports,Medium
CUST_01411,50,26342,70,1,790,50,Home & Garden,Medium
CUST_01412,41,15000,52,2,125,17,Toys,Low
CUST_01413,40,44404,82,1,41,96,Home & Garden,Low
CUST_01414,60,41120,29,1,255,3,Electronics,Medium
CUST_01415,27,36945,28,9,102,11,Sports,Low
CUST_01416,46,26341,31,1,394,7,Electronics,High
CUST_01417,35,35693,52,3,63,167,Clothing,Medium
CUST_01418,38,28123,80,1,220,10,Clothing,High
CUST_01419,53,31220,81,1,90,14,Toys,High
CUST_01420,41,55315,3,6,578,56,Toys,Medium
CUST_01421,41,39819,54,1,73,79,Toys,Medium
CUST_01422,47,49265,1,1,735,83,Sports,High
CUST_01423,30,32340,65,4,122,24,Books,High
CUST_01424,24,30607,72,1,162,32,Home & Garden,High
CUST_01425,22,20399,49,2,295,12,Electronics,Medium
CUST_01426,18,30181,51,1,51,28,Sports,Medium
CUST_01427,59,15000,51,1,177,10,Electronics,High
CUST_01428,21,27035,34,1,73,41,Home & Garden,High
CUST_01429,32,34858,58,16,100,11,Books,Medium
CUST_01430,31,48138,45,3,95,63,Electronics,Low
CUST_01431,38,31750,68,4,134,4,Sports,Low
CUST_01432,44,43210,47,5,130,25,Home & Garden,Medium
CUST_01433,45,15000,32,7,60,22,Toys,Low
CUST_01434,28,35297,19,4,98,9,Toys,Low
CUST_01435,32,15681,12,7,17,1,Toys,Low
CUST_01436,38,19847,76,2,180,4,Home & Garden,Low
CUST_01437,32,33071,40,2,294,103,Books,High
CUST_01438,54,68743,56,8,102,85,Sports,Low
CUST_01439,40,43721,85,10,29,3,Toys,High
CUST_01440,43,36648,38,1,151,14,Home & Garden,Low
CUST_01441,42,35962,37,3,52,18,Electronics,High
CUST_01442,49,25417,47,5,102,19,Toys,High
CUST_01443,37,27667,50,1,145,10,Clothing,High
CUST_01444,19,44967,87,13,131,73,Sports,High
CUST_01445,39,18166,81,3,191,71,Electronics,Medium
CUST_01446,27,48850,62,5,99,1,Books,High
CUST_01447,28,29903,78,1,101,31,Books,Low
CUST_01448,42,54873,46,1,150,2,Home & Garden,High
CUST_01449,49,58720,55,1,85,27,Books,Medium
CUST_01450,35,15732,43,1,55,60,Clothing,Low
CUST_01451,38,27152,24,3,123,31,Toys,High
CUST_01452,55,23676,74,8,40,18,Electronics,High
CUST_01453,37,15000,60,3,85,95,Toys,Low
CUST_01454,66,21671,50,1,34,41,Sports,High
CUST_01455,41,123084,49,1,61,8,Toys,Low
CUST_01456,18,49254,19,4,62,14,Home & Garden,Low
CUST_01457,44,94716,30,2,45,42,Toys,High
CUST_01458,39,54970,56,20,194,1,Sports,Low
CUST_01459,50,25061,39,7,183,1,Electronics,Low
CUST_01460,43,30004,45,8,225,58,Clothing,High
CUST_01461,33,48738,47,1,78,1,Electronics,Medium
CUST_01462,20,45195,36,7,66,34,Electronics,Medium
CUST_01463,32,27209,30,1,157,11,Home & Garden,Medium
CUST_01464,24,17068,17,4,98,52,Sports,Medium
CUST_01465,28,187940,47,2,98,56,Electronics,High
CUST_01466,42,33840,62,4,15,91,Electronics,Medium
CUST_01467,55,30857,17,1,152,3,Clothing,High
CUST_01468,39,38432,49,3,139,16,Books,Low
CUST_01469,20,32165,55,1,89,25,Clothing,Medium
CUST_01470,40,38613,30,1,159,74,Sports,Medium
CUST_01471,49,69111,78,5,137,9,Sports,Medium
CUST_01472,27,34122,42,15,55,2,Home & Garden,Low
CUST_01473,33,20305,47,7,77,6,Toys,High
CUST_01474,35,33495,46,3,44,20,Toys,Low
CUST_01475,25,28790,14,1,250,34,Toys,Low
CUST_01476,42,74009,70,1,178,35,Books,Low
CUST_01477,33,65222,30,1,50,2,Sports,High
CUST_01478,40,38321,45,18,138,42,Books,Low
CUST_01479,24,19160,61,2,109,32,Toys,High
CUST_01480,29,19674,79,9,55,15,Toys,High
CUST_01481,43,36591,28,6,98,25,Clothing,Low
CUST_01482,30,42965,41,4,164,43,Sports,Medium
CUST_01483,55,30112,77,14,173,9,Toys,Low
CUST_01484,30,28564,59,1,460,84,Electronics,Medium
CUST_01485,37,27000,63,3,96,4,Sports,Medium
CUST_01486,46,35893,28,10,76,69,Books,High
CUST_01487,18,15000,42,4,133,40,Sports,Low
CUST_01488,18,20938,46,1,79,32,Home & Garden,High
CUST_01489,18,26541,32,1,59,2,Electronics,High
CUST_01490,50,66419,16,6,47,75,Toys,Medium
CUST_01491,28,24175,39,1,10,10,Home & Garden,Medium
CUST_01492,65,39744,77,12,150,41,Clothing,Medium
CUST_01493,28,40671,51,1,28,64,Sports,Low
CUST_01494,37,69491,77,4,48,8,Sports,High
CUST_01495,53,68274,53,4,110,73,Clothing,Medium
CUST_01496,59,35286,34,4,71,28,Home & Garden,Low
CUST_01497,59,28631,75,3,405,32,Electronics,Medium
CUST_01498,49,26058,54,9,31,73,Toys,Low
CUST_01499,47,32191,69,5,431,22,Home & Garden,Medium
CUST_01500,42,29230,28,7,236,17,Books,Medium
CUST_01501,44,47897,70,1,170,30,Toys,Medium
CUST_01502,28,44808,71,1,246,24,Home & Garden,Medium
CUST_01503,25,48820,55,1,119,1,Electronics,High
CUST_01504,34,68161,33,1,27,5,Sports,Medium
CUST_01505,32,92174,49,5,129,1,Home & Garden,High
CUST_01506,29,38651,62,3,31,3,Clothing,Medium
CUST_01507,43,62927,54,6,62,39,Electronics,Low
CUST_01508,46,30460,62,1,85,1,Sports,Low
CUST_01509,36,65676,70,2,47,10,Electronics,Medium
CUST_01510,52,61744,37,10,174,17,Toys,High
CUST_01511,21,60126,26,13,77,83,Clothing,Medium
CUST_01512,32,38064,49,12,119,11,Toys,High
CUST_01513,26,25999,43,8,89,45,Toys,Low
CUST_01514,18,18083,65,5,98,15,Books,High
CUST_01515,34,35595,28,12,48,3,Electronics,Low
CUST_01516,33,78159,70,6,39,3,Electronics,Medium
CUST_01517,53,31103,77,15,80,16,Home & Garden,Low
CUST_01518,42,53774,50,1,45,1,Clothing,High
CUST_01519,22,55380,51,12,238,25,Clothing,Medium
CUST_01520,57,31513,34,4,34,20,Books,Medium
CUST_01521,49,70134,39,1,462,36,Clothing,Low
CUST_01522,41,15000,41,1,111,6,Electronics,Low
CUST_01523,32,19704,78,9,94,26,Books,Low
CUST_01524,23,22975,48,3,61,5,Clothing,Medium
CUST_01525,30,24104,23,20,142,38,Books,Low
CUST_01526,48,42964,55,1,78,11,Clothing,Low
CUST_01527,57,41982,66,2,111,28,Clothing,Medium
CUST_01528,53,44222,49,2,162,64,Home & Garden,Low
CUST_01529,29,48924,79,3,143,20,Clothing,Medium
CUST_01530,21,22582,65,5,214,6,Books,Low
CUST_01531,36,19750,29,5,131,65,Electronics,High
CUST_01532,18,44274,38,1,46,13,Home & Garden,High
CUST_01533,38,26499,54,1,20,39,Clothing,Medium
CUST_01534,33,16560,16,1,104,11,Clothing,High
CUST_01535,29,59022,56,9,105,10,Books,High
CUST_01536,18,72951,14,1,346,30,Home & Garden,Medium
CUST_01537,41,79108,70,2,83,5,Clothing,Low
CUST_01538,28,39874,68,2,116,60,Electronics,Low
CUST_01539,20,49660,60,9,155,14,Toys,Low
CUST_01540,18,72036,36,1,128,1,Electronics,High
CUST_01541,34,26351,53,1,162,10,Clothing,Medium
CUST_01542,56,63280,39,5,50,46,Electronics,High
CUST_01543,54,41676,29,16,45,58,Home & Garden,Medium
CUST_01544,29,57345,43,5,73,25,Clothing,High
CUST_01545,27,39856,63,1,19,10,Books,Medium
CUST_01546,40,69433,50,3,87,22,Home & Garden,Medium
CUST_01547,23,40609,79,18,56,54,Electronics,Medium
CUST_01548,38,17292,65,3,112,11,Clothing,High
CUST_01549,44,75054,63,2,74,14,Home & Garden,High
CUST_01550,49,22611,17,2,44,23,Electronics,Low
CUST_01551,33,67950,44,17,225,65,Clothing,Medium
CUST_01552,32,34713,28,6,95,26,Toys,Low
CUST_01553,24,65382,46,5,164,6,Sports,High
CUST_01554,25,64047,36,1,102,2,Books,Low
CUST_01555,32,45029,42,4,124,2,Electronics,Medium
CUST_01556,39,46829,71,2,34,90,Toys,High
CUST_01557,45,44860,59,1,220,51,Electronics,Medium
CUST_01558,25,15000,70,11,166,43,Sports,Low
CUST_01559,52,38528,17,2,88,20,Sports,Medium
CUST_01560,31,20784,51,1,110,33,Home & Garden,High
CUST_01561,34,39560,69,13,181,4,Books,Low
CUST_01562,26,20507,80,1,69,29,Books,High
CUST_01563,18,20080,19,6,29,49,Electronics,Low
CUST_01564,45,81021,42,5,70,1,Sports,Medium
CUST_01565,43,61989,70,12,100,10,Books,Medium
CUST_01566,31,36240,46,8,87,3,Clothing,High
CUST_01567,35,39830,31,6,226,9,Books,High
CUST_01568,41,32081,19,1,45,44,Electronics,Low
CUST_01569,18,48287,31,3,50,12,Toys,High
CUST_01570,28,25899,16,14,42,35,Toys,Medium
CUST_01571,44,59687,51,1,121,44,Books,High
CUST_01572,19,31998,67,7,30,50,Home & Garden,Low
CUST_01573,38,29439,24,1,151,61,Sports,Medium
CUST_01574,18,36711,55,1,46,27,Toys,Low
CUST_01575,40,27022,66,1,52,9,Electronics,High
CUST_01576,34,42802,49,1,310,4,Electronics,Low
CUST_01577,18,27759,17,24,213,21,Sports,Low
CUST_01578,48,45901,57,10,97,3,Sports,Medium
CUST_01579,26,66702,48,3,35,72,Sports,High
CUST_01580,25,25345,46,6,368,17,Toys,High
CUST_01581,37,34020,39,4,78,61,Electronics,Low
CUST_01582,48,45737,51,8,107,37,Sports,Medium
CUST_01583,22,29204,60,9,170,58,Toys,High
CUST_01584,35,45805,97,1,22,64,Sports,Low
CUST_01585,40,47939,52,3,57,1,Electronics,High
CUST_01586,43,62419,80,5,85,38,Electronics,Medium
CUST_01587,37,26822,57,19,98,7,Home & Garden,Medium
CUST_01588,30,22665,48,5,36,136,Books,Medium
CUST_01589,25,31138,52,11,113,45,Clothing,Medium
CUST_01590,36,22384,25,9,92,1,Electronics,Medium
CUST_01591,22,48158,56,4,289,78,Clothing,Medium
CUST_01592,18,20315,10,11,181,10,Home & Garden,Medium
CUST_01593,40,116600,32,2,74,16,Books,Medium
CUST_01594,45,69422,52,2,78,28,Toys,High
CUST_01595,18,36544,73,7,183,74,Books,High
CUST_01596,22,56033,78,1,109,78,Books,High
CUST_01597,42,16020,45,1,34,24,Toys,High
CUST_01598,59,128243,53,4,389,11,Home & Garden,Medium
CUST_01599,35,27035,69,2,45,9,Sports,High
CUST_01600,26,34192,23,14,510,13,Books,High
CUST_01601,32,15000,58,15,121,5,Books,Medium
CUST_01602,51,46311,33,3,57,33,Home & Garden,High
CUST_01603,27,20885,46,3,17,22,Sports,Low
CUST_01604,25,38209,40,6,155,44,Books,Low
CUST_01605,29,27663,58,3,30,2,Books,Medium
CUST_01606,23,21186,61,1,115,15,Sports,High
CUST_01607,36,24289,67,6,348,8,Electronics,Medium
CUST_01608,54,40655,56,6,40,22,Toys,Low
CUST_01609,38,19134,53,1,150,18,Electronics,Low
CUST_01610,31,24974,87,8,51,17,Toys,Low
CUST_01611,31,50596,19,4,198,11,Toys,Medium
CUST_01612,18,133417,83,1,94,38,Books,Low
CUST_01613,45,46110,44,5,88,19,Toys,High
CUST_01614,34,22956,61,1,209,6,Clothing,Medium
CUST_01615,32,30225,43,1,139,23,Sports,Medium
CUST_01616,73,36893,35,9,51,27,Sports,Medium
CUST_01617,38,30494,59,13,314,1,Clothing,High
CUST_01618,25,57041,70,1,30,6,Sports,Medium
CUST_01619,29,40487,59,13,109,8,Home & Garden,Medium
CUST_01620,48,57178,39,1,50,8,Sports,High
CUST_01621,36,31032,100,1,31,8,Sports,Low
CUST_01622,18,70456,73,1,40,9,Sports,Low
CUST_01623,46,33414,68,1,86,9,Toys,Medium
CUST_01624,26,22346,42,2,114,64,Electronics,Medium
CUST_01625,57,107867,37,13,188,11,Home & Garden,Low
CUST_01626,47,15000,44,1,252,12,Sports,Medium
CUST_01627,29,25100,71,2,109,9,Home & Garden,Medium
CUST_01628,50,26542,30,6,66,102,Toys,High
CUST_01629,35,127281,28,1,186,23,Home & Garden,Medium
CUST_01630,45,89628,60,5,58,28,Home & Garden,Medium
CUST_01631,40,76646,56,2,29,39,Clothing,Low
CUST_01632,24,30781,34,1,173,12,Toys,Medium
CUST_01633,27,122160,28,6,227,104,Sports,Medium
CUST_01634,47,43659,78,1,50,4,Electronics,Medium
CUST_01635,30,59197,57,1,355,18,Electronics,High
CUST_01636,30,39729,22,2,135,4,Electronics,High
CUST_01637,23,35428,24,3,121,46,Electronics,High
CUST_01638,40,32019,42,5,62,3,Sports,Low
CUST_01639,59,32701,64,3,183,24,Electronics,Medium
CUST_01640,22,49229,61,4,30,3,Toys,Low
CUST_01641,35,43634,72,4,70,18,Toys,High
CUST_01642,51,35748,20,2,53,9,Home & Garden,Medium
CUST_01643,34,77246,54,13,36,70,Clothing,Low
CUST_01644,40,15000,78,15,164,1,Books,Medium
CUST_01645,22,46861,76,4,114,31,Electronics,Low
CUST_01646,40,51993,57,1,158,35,Books,High
CUST_01647,32,64439,96,3,74,65,Books,Medium
CUST_01648,46,35156,62,1,179,63,Books,Medium
CUST_01649,49,40294,70,3,95,113,Home & Garden,Medium
CUST_01650,66,59454,50,1,64,8,Toys,Medium
CUST_01651,41,76541,34,6,57,9,Electronics,High
CUST_01652,38,31248,32,1,22,15,Sports,Low
CUST_01653,37,41501,53,15,203,23,Home & Garden,Low
CUST_01654,30,84060,45,1,187,13,Toys,Medium
CUST_01655,39,15000,14,5,698,40,Sports,Low
CUST_01656,31,25719,29,12,71,1,Toys,High
CUST_01657,37,75577,43,1,56,1,Electronics,Medium
CUST_01658,50,62709,64,13,27,37,Home & Garden,Medium
CUST_01659,22,47156,49,2,176,64,Books,Medium
CUST_01660,48,29018,48,16,150,44,Home & Garden,Low
CUST_01661,50,23367,30,17,266,3,Home & Garden,Medium
CUST_01662,33,27021,50,1,47,81,Electronics,Medium
CUST_01663,18,78747,76,8,148,22,Books,Low
CUST_01664,27,26523,53,1,62,40,Books,Low
CUST_01665,50,38204,19,1,230,6,Clothing,Medium
CUST_01666,34,24913,24,1,131,23,Clothing,Medium
CUST_01667,23,55347,61,1,30,12,Toys,Medium
CUST_01668,28,27740,45,5,82,110,Sports,Medium
CUST_01669,45,34585,48,2,23,19,Clothing,Low
CUST_01670,41,15651,37,7,39,42,Electronics,Medium
CUST_01671,32,16208,60,2,41,27,Home & Garden,High
CUST_01672,30,36455,43,17,57,2,Books,Low
CUST_01673,30,18721,46,1,74,23,Home & Garden,Medium
CUST_01674,23,104041,32,1,101,23,Electronics,Low
CUST_01675,54,15000,68,6,97,37,Home & Garden,Medium
CUST_01676,31,24340,45,10,88,11,Books,Medium
CUST_01677,49,36620,62,7,113,59,Clothing,Low
CUST_01678,53,30255,26,3,37,29,Sports,Low
CUST_01679,46,20908,84,1,94,1,Books,High
CUST_01680,29,22494,75,1,245,36,Books,Medium
CUST_01681,39,22129,11,3,80,71,Books,Medium
CUST_01682,34,31465,33,3,127,34,Toys,Medium
CUST_01683,24,96371,59,2,119,14,Toys,Low
CUST_01684,38,37758,23,4,164,26,Books,Medium
CUST_01685,20,65607,47,6,110,5,Electronics,Medium
CUST_01686,49,46792,58,6,162,27,Books,High
CUST_01687,29,63381,46,1,128,20,Toys,Medium
CUST_01688,37,15000,60,4,142,1,Toys,High
CUST_01689,38,31187,36,1,122,11,Home & Garden,Medium
CUST_01690,31,69812,5,1,44,6,Electronics,Medium
CUST_01691,42,27286,69,7,39,14,Clothing,Medium
CUST_01692,29,87661,69,5,70,8,Home & Garden,Medium
CUST_01693,45,76263,100,7,266,53,Toys,High
CUST_01694,18,28722,5,1,79,35,Home & Garden,Medium
CUST_01695,36,28237,65,12,111,40,Home & Garden,Medium
CUST_01696,58,21877,10,1,22,13,Home & Garden,Low
CUST_01697,22,26508,85,10,103,1,Electronics,Medium
CUST_01698,26,19608,59,2,95,7,Clothing,Medium
CUST_01699,41,44999,30,1,13,42,Clothing,Medium
CUST_01700,37,17535,65,1,110,27,Books,Low
CUST_01701,39,49112,38,1,28,23,Toys,Medium
CUST_01702,40,49713,56,3,54,9,Sports,Medium
CUST_01703,42,15825,54,14,180,2,Electronics,High
CUST_01704,48,78818,84,1,100,46,Clothing,High
CUST_01705,39,46948,86,4,65,1,Toys,Medium
CUST_01706,32,52830,38,11,61,1,Toys,Medium
CUST_01707,43,24851,71,4,67,10,Electronics,Low
CUST_01708,57,49572,57,2,100,25,Electronics,Low
CUST_01709,33,63780,21,23,38,145,Toys,Low
CUST_01710,23,34568,36,1,197,2,Books,High
CUST_01711,48,98810,96,3,40,19,Clothing,Low
CUST_01712,33,37124,57,7,26,27,Sports,High
CUST_01713,18,64240,69,1,180,51,Sports,Medium
CUST_01714,45,42045,45,6,66,35,Sports,High
CUST_01715,28,48667,39,1,94,49,Home & Garden,High
CUST_01716,33,15745,50,1,142,22,Clothing,High
CUST_01717,38,43718,44,1,54,17,Home & Garden,Medium
CUST_01718,37,25147,20,17,99,28,Home & Garden,High
CUST_01719,43,23784,29,11,141,69,Toys,Medium
CUST_01720,29,86859,64,1,284,24,Home & Garden,Low
CUST_01721,41,32634,42,1,62,27,Books,Medium
CUST_01722,31,21990,50,2,65,12,Books,High
CUST_01723,43,30346,54,4,133,27,Electronics,High
CUST_01724,42,18954,56,10,104,29,Electronics,Low
CUST_01725,23,74379,72,16,81,42,Clothing,Low
CUST_01726,48,25646,28,6,274,25,Clothing,Low
CUST_01727,28,47318,61,4,27,6,Books,Medium
CUST_01728,44,71542,65,1,33,26,Electronics,High
CUST_01729,39,28280,69,1,27,10,Toys,Medium
CUST_01730,57,47382,21,4,208,2,Electronics,Medium
CUST_01731,32,21697,55,3,129,52,Home & Garden,Low
CUST_01732,30,123362,84,9,34,2,Sports,High
CUST_01733,34,57999,48,1,82,29,Toys,High
CUST_01734,31,32981,59,1,88,133,Sports,Medium
CUST_01735,44,24675,65,2,19,2,Sports,Medium
CUST_01736,18,34303,29,17,102,7,Books,High
CUST_01737,22,30638,86,7,39,42,Sports,Medium
CUST_01738,22,96420,59,1,147,3,Sports,Medium
CUST_01739,46,19677,60,10,40,53,Home & Garden,Medium
CUST_01740,55,38847,16,3,104,1,Clothing,Low
CUST_01741,33,35984,65,2,222,66,Books,Medium
CUST_01742,32,34244,60,2,178,2,Electronics,Medium
CUST_01743,35,34395,82,4,128,76,Home & Garden,High
CUST_01744,48,34267,43,3,85,59,Sports,Medium
CUST_01745,23,56192,30,5,31,23,Electronics,Low
CUST_01746,37,49241,36,4,66,45,Home & Garden,Medium
CUST_01747,46,44777,39,1,76,2,Toys,Medium
CUST_01748,41,15000,27,1,73,4,Toys,Low
CUST_01749,37,42188,75,9,30,13,Books,Medium
CUST_01750,47,15869,76,5,122,23,Sports,Medium
CUST_01751,18,50169,46,2,39,60,Books,Low
CUST_01752,43,75905,42,1,265,23,Toys,Medium
CUST_01753,27,22853,13,1,99,32,Home & Garden,Low
CUST_01754,18,31860,63,1,178,34,Electronics,Medium
CUST_01755,41,26911,83,1,176,63,Clothing,Medium
CUST_01756,51,67353,37,3,385,44,Sports,Medium
CUST_01757,33,38082,47,8,102,113,Books,Low
CUST_01758,46,86177,58,1,68,1,Electronics,Low
CUST_01759,54,44661,84,9,69,6,Electronics,Low
CUST_01760,50,40995,53,6,256,79,Clothing,Low
CUST_01761,54,37575,53,1,35,47,Home & Garden,Low
CUST_01762,43,54665,53,5,48,9,Clothing,Low
CUST_01763,35,15232,21,1,106,109,Clothing,High
CUST_01764,18,37898,21,5,80,61,Home & Garden,Medium
CUST_01765,32,35065,33,1,177,2,Home & Garden,Low
CUST_01766,24,52193,70,2,35,50,Home & Garden,Low
CUST_01767,61,33062,43,4,85,46,Electronics,Low
CUST_01768,32,21603,39,1,78,7,Electronics,Medium
CUST_01769,36,36449,39,1,42,33,Sports,Low
CUST_01770,41,21132,47,1,166,105,Toys,Low
CUST_01771,35,15000,84,3,84,33,Sports,Medium
CUST_01772,55,52237,46,9,81,50,Clothing,High
CUST_01773,27,48510,34,1,50,3,Clothing,Medium
CUST_01774,37,45869,50,2,69,38,Sports,Low
CUST_01775,26,69665,85,3,44,6,Books,Medium
CUST_01776,19,26042,39,1,164,2,Toys,Medium
CUST_01777,27,17755,26,4,185,24,Clothing,High
CUST_01778,34,35065,39,1,291,41,Books,Medium
CUST_01779,29,30523,52,7,121,23,Books,High
CUST_01780,26,23833,63,3,70,80,Toys,Low
CUST_01781,18,34894,70,1,64,35,Home & Garden,High
CUST_01782,34,26747,29,4,126,3,Electronics,Low
CUST_01783,18,15000,30,4,103,81,Sports,Medium
CUST_01784,44,29126,43,2,79,4,Toys,High
CUST_01785,35,20574,63,1,74,42,Electronics,High
CUST_01786,18,40774,24,1,204,4,Sports,High
CUST_01787,31,26159,37,2,66,196,Electronics,Medium
CUST_01788,25,63311,38,1,231,12,Sports,Medium
CUST_01789,38,80978,68,4,102,20,Electronics,Medium
CUST_01790,51,51005,60,6,69,18,Home & Garden,Medium
CUST_01791,18,16722,68,9,51,3,Books,Medium
CUST_01792,36,77079,76,5,80,20,Sports,Low
CUST_01793,33,79846,43,5,128,4,Books,Low
CUST_01794,43,36658,26,4,69,48,Sports,Low
CUST_01795,37,70365,26,21,163,95,Toys,Medium
CUST_01796,25,27561,13,1,66,49,Toys,Medium
CUST_01797,31,15000,40,1,82,16,Sports,High
CUST_01798,25,24831,42,1,36,1,Home & Garden,Low
CUST_01799,47,86219,65,3,133,1,Electronics,Medium
CUST_01800,35,17230,50,1,74,20,Sports,Low
CUST_01801,57,36306,40,1,271,34,Electronics,Medium
CUST_01802,34,36940,47,3,147,51,Home & Garden,Medium
CUST_01803,26,28099,29,15,95,27,Clothing,Medium
CUST_01804,18,29092,70,16,212,114,Books,Low
CUST_01805,18,37651,34,6,119,20,Sports,High
CUST_01806,18,27417,27,2,182,27,Toys,Medium
CUST_01807,38,17835,66,10,49,7,Home & Garden,High
CUST_01808,41,40437,61,10,124,12,Electronics,Medium
CUST_01809,18,62111,15,12,127,34,Sports,High
CUST_01810,45,56094,67,5,30,27,Electronics,High
CUST_01811,29,24224,35,1,258,13,Clothing,Low
CUST_01812,36,19426,42,1,39,3,Sports,Medium
CUST_01813,54,31505,53,12,36,12,Books,Medium
CUST_01814,45,79530,61,1,12,1,Sports,High
CUST_01815,31,50151,58,1,125,26,Books,Medium
CUST_01816,24,51636,49,3,28,11,Electronics,Medium
CUST_01817,18,56665,41,1,62,14,Sports,Low
CUST_01818,26,44818,58,11,161,25,Home & Garden,Medium
CUST_01819,32,38572,47,1,102,26,Toys,Low
CUST_01820,23,50572,86,1,58,26,Home & Garden,High
CUST_01821,33,27637,61,25,29,20,Clothing,Low
CUST_01822,35,17903,31,1,83,20,Home & Garden,Low
CUST_01823,32,52130,40,10,163,51,Clothing,Low
CUST_01824,27,67431,50,3,147,18,Electronics,Medium
CUST_01825,37,20762,75,5,314,23,Books,Medium
CUST_01826,40,54773,78,1,56,133,Toys,Low
CUST_01827,21,84152,42,3,35,5,Electronics,Low
CUST_01828,51,36274,31,1,111,38,Books,High
CUST_01829,33,24124,28,15,104,19,Books,Medium
CUST_01830,35,38619,55,1,89,53,Clothing,High
CUST_01831,43,27576,96,1,53,15,Home & Garden,Low
CUST_01832,37,26679,60,11,14,10,Home & Garden,High
CUST_01833,46,45097,18,3,44,6,Toys,Medium
CUST_01834,38,16287,35,4,132,61,Toys,High
CUST_01835,27,17641,37,5,109,38,Clothing,Medium
CUST_01836,39,36667,33,1,176,2,Clothing,High
CUST_01837,21,35912,42,1,114,37,Electronics,Medium
CUST_01838,36,43121,57,13,150,1,Clothing,Medium
CUST_01839,34,92745,63,1,153,6,Home & Garden,Medium
CUST_01840,32,38263,71,2,91,26,Clothing,High
CUST_01841,33,48976,60,5,91,18,Clothing,Low
CUST_01842,18,22297,10,1,11,55,Books,Low
CUST_01843,28,53314,28,6,56,28,Clothing,Medium
CUST_01844,36,27911,46,3,58,100,Toys,High
CUST_01845,36,37635,52,9,83,57,Electronics,Low
CUST_01846,22,34391,67,1,46,12,Clothing,Low
CUST_01847,50,60869,50,1,173,53,Toys,Low
CUST_01848,24,18864,51,8,48,61,Sports,Medium
CUST_01849,46,15000,54,1,194,104,Sports,Low
CUST_01850,40,32639,44,2,45,1,Books,High
CUST_01851,27,45902,51,7,58,62,Books,Low
CUST_01852,56,39188,72,5,55,2,Sports,Medium
CUST_01853,20,67245,48,2,63,22,Toys,Low
CUST_01854,46,45192,49,1,205,16,Books,High
CUST_01855,47,27393,49,7,71,75,Toys,High
CUST_01856,26,15000,75,1,72,15,Toys,High
CUST_01857,51,32252,27,13,53,27,Books,High
CUST_01858,31,60717,85,1,75,35,Home & Garden,High
CUST_01859,38,29851,26,8,104,1,Toys,Medium
CUST_01860,38,36833,36,2,77,26,Home & Garden,High
CUST_01861,33,44832,64,1,81,21,Clothing,Low
CUST_01862,44,21858,70,2,183,27,Sports,Medium
CUST_01863,44,49593,21,1,109,2,Electronics,Low
CUST_01864,18,82335,28,1,40,1,Sports,Low
CUST_01865,50,33309,55,1,84,5,Sports,Medium
CUST_01866,18,20649,96,10,61,61,Toys,High
CUST_01867,47,35126,74,1,129,13,Home & Garden,Medium
CUST_01868,48,15000,45,17,96,17,Home & Garden,Medium
CUST_01869,21,42978,1,1,198,14,Books,High
CUST_01870,30,45530,51,5,53,37,Electronics,Medium
CUST_01871,21,83936,57,9,78,9,Home & Garden,Low
CUST_01872,32,32958,42,13,42,2,Books,Medium
CUST_01873,31,44544,32,1,87,14,Electronics,Low
CUST_01874,44,23608,53,5,30,39,Home & Garden,Medium
CUST_01875,50,30387,31,1,112,73,Sports,Low
CUST_01876,51,16939,87,2,86,1,Sports,Low
CUST_01877,28,32945,80,6,100,49,Electronics,Medium
CUST_01878,32,31174,63,2,156,2,Electronics,High
CUST_01879,18,42175,51,1,105,12,Home & Garden,Low
CUST_01880,25,26587,36,1,36,1,Home & Garden,High
CUST_01881,46,37860,49,1,61,72,Electronics,Medium
CUST_01882,54,30739,82,1,85,36,Toys,High
CUST_01883,20,30768,67,10,71,13,Electronics,Medium
CUST_01884,27,37804,54,1,77,14,Books,High
CUST_01885,34,37058,68,5,280,30,Books,Low
CUST_01886,38,53134,60,7,96,2,Books,High
CUST_01887,25,34189,57,4,117,4,Sports,High
CUST_01888,40,30487,69,6,22,56,Sports,High
CUST_01889,29,33176,60,5,151,6,Books,High
CUST_01890,34,25404,67,3,662,38,Books,High
CUST_01891,41,30334,53,2,230,7,Toys,High
CUST_01892,35,100265,44,14,66,2,Electronics,High
CUST_01893,29,23009,39,17,444,69,Sports,Medium
CUST_01894,33,31592,36,5,91,69,Books,High
CUST_01895,33,29919,17,1,111,27,Toys,Medium
CUST_01896,30,32093,31,2,74,18,Clothing,High
CUST_01897,31,30772,31,3,73,24,Home & Garden,High
CUST_01898,54,41756,39,7,18,15,Books,High
CUST_01899,41,15443,81,5,156,42,Sports,High
CUST_01900,31,60997,46,3,73,42,Books,Low
CUST_01901,43,49825,54,5,78,51,Clothing,High
CUST_01902,30,19507,55,1,108,22,Electronics,Low
CUST_01903,49,15000,81,7,67,48,Sports,Medium
CUST_01904,39,22280,38,1,108,5,Electronics,High
CUST_01905,33,32166,45,5,208,1,Home & Garden,High
CUST_01906,40,131945,47,1,119,31,Toys,High
CUST_01907,18,47649,72,1,80,3,Electronics,Medium
CUST_01908,21,15000,76,1,82,23,Books,Low
CUST_01909,20,25723,59,12,103,38,Toys,Medium
CUST_01910,36,35362,74,4,50,15,Clothing,Medium
CUST_01911,55,41226,53,2,104,1,Electronics,Medium
CUST_01912,61,18819,46,7,145,65,Clothing,Medium
CUST_01913,42,33945,73,4,95,1,Toys,High
CUST_01914,41,25366,59,4,66,70,Sports,Medium
CUST_01915,18,20912,35,3,73,1,Sports,High
CUST_01916,28,41348,69,1,142,39,Books,Medium
CUST_01917,25,53473,45,1,41,77,Books,Medium
CUST_01918,27,55299,43,1,50,71,Books,Low
CUST_01919,32,48397,67,5,29,67,Clothing,High
CUST_01920,29,28319,48,1,92,64,Home & Garden,Medium
CUST_01921,18,51910,57,2,164,21,Home & Garden,High
CUST_01922,43,42384,63,2,228,24,Home & Garden,Medium
CUST_01923,22,38830,34,1,266,29,Sports,High
CUST_01924,37,26746,57,15,55,67,Sports,Low
CUST_01925,59,28326,76,13,107,54,Home & Garden,High
CUST_01926,23,37682,30,1,67,45,Toys,High
CUST_01927,18,122999,58,8,285,33,Books,High
CUST_01928,31,42218,33,3,224,28,Electronics,Medium
CUST_01929,48,26753,70,7,101,76,Toys,High
CUST_01930,58,23951,70,1,58,6,Toys,Medium
CUST_01931,20,28399,42,1,10,6,Home & Garden,Medium
CUST_01932,40,107866,94,11,32,121,Electronics,High
CUST_01933,29,29743,72,11,24,24,Home & Garden,Medium
CUST_01934,33,57150,64,3,32,19,Electronics,Low
CUST_01935,66,30092,63,10,335,57,Books,Medium
CUST_01936,18,41381,69,5,36,56,Toys,Medium
CUST_01937,38,53953,30,1,42,5,Sports,High
CUST_01938,40,27283,53,1,47,5,Home & Garden,High
CUST_01939,48,26355,57,1,555,47,Home & Garden,High
CUST_01940,36,83235,41,7,86,46,Toys,Low
CUST_01941,38,59414,59,21,180,7,Toys,Medium
CUST_01942,30,53924,74,3,101,55,Books,Medium
CUST_01943,38,53832,41,5,22,19,Clothing,Medium
CUST_01944,30,45696,48,6,263,19,Home & Garden,Low
CUST_01945,42,99597,33,1,119,127,Electronics,Low
CUST_01946,30,37121,14,2,82,21,Books,Low
CUST_01947,39,48466,65,2,308,4,Toys,Medium
CUST_01948,34,17580,49,4,70,9,Clothing,Medium
CUST_01949,48,24041,50,9,81,12,Home & Garden,Medium
CUST_01950,34,19922,30,1,70,95,Home & Garden,Medium
CUST_01951,18,68667,46,3,191,9,Toys,Medium
CUST_01952,50,15000,71,6,159,16,Toys,High
CUST_01953,24,29698,50,1,109,41,Toys,Low
CUST_01954,27,15000,50,3,43,9,Sports,Low
CUST_01955,27,23965,54,1,69,36,Clothing,Medium
CUST_01956,51,28410,25,3,43,6,Books,Low
CUST_01957,18,72579,62,7,202,8,Toys,Medium
CUST_01958,72,44281,24,1,29,128,Electronics,Low
CUST_01959,47,23942,31,9,274,13,Home & Garden,Low
CUST_01960,37,61881,29,2,221,39,Books,Low
CUST_01961,34,36640,46,1,47,54,Sports,Low
CUST_01962,38,37004,42,3,67,12,Toys,Medium
CUST_01963,41,19903,49,10,54,13,Home & Garden,Medium
CUST_01964,42,22136,31,1,121,44,Clothing,Medium
CUST_01965,41,24039,70,1,241,28,Toys,Medium
CUST_01966,36,37169,66,5,206,13,Toys,Medium
CUST_01967,32,37757,46,2,66,41,Toys,Medium
CUST_01968,33,78593,40,1,216,59,Toys,High
CUST_01969,32,44025,38,2,204,8,Books,Low
CUST_01970,48,15000,43,8,78,1,Electronics,Low
CUST_01971,42,41411,21,17,89,9,Toys,High
CUST_01972,18,17588,30,1,264,33,Toys,Medium
CUST_01973,42,22404,67,4,188,74,Sports,High
CUST_01974,37,24195,56,1,212,59,Books,Medium
CUST_01975,34,26064,82,5,549,7,Home & Garden,Low
CUST_01976,30,18259,44,1,132,63,Electronics,Medium
CUST_01977,48,40204,42,1,113,49,Home & Garden,Medium
CUST_01978,46,17936,41,7,232,39,Home & Garden,Medium
CUST_01979,25,43405,43,1,361,34,Clothing,Medium
CUST_01980,39,111133,36,1,58,49,Clothing,High
CUST_01981,23,18682,55,15,78,59,Home & Garden,Medium
CUST_01982,18,31500,50,21,44,51,Sports,Medium
CUST_01983,27,15000,39,1,114,3,Clothing,High
CUST_01984,45,31242,75,4,167,38,Clothing,Low
CUST_01985,46,50079,87,4,46,55,Clothing,Medium
CUST_01986,41,52068,73,3,199,6,Clothing,High
CUST_01987,43,37747,61,12,65,7,Electronics,High
CUST_01988,41,56649,65,7,61,46,Home & Garden,Medium
CUST_01989,27,129706,87,7,198,12,Electronics,Medium
CUST_01990,40,85489,65,1,58,15,Books,Medium
CUST_01991,44,27965,38,2,33,14,Books,Medium
CUST_01992,44,17578,57,3,151,7,Toys,Low
CUST_01993,49,29641,62,1,82,83,Books,Low
CUST_01994,43,22618,30,1,208,49,Electronics,Medium
CUST_01995,39,45509,44,1,161,8,Toys,Medium
CUST_01996,47,20118,72,1,26,3,Home & Garden,Medium
CUST_01997,34,35016,13,1,226,13,Books,High
CUST_01998,24,55215,24,1,340,16,Clothing,Low
CUST_01999,33,34532,46,1,185,1,Books,Low
CUST_02000,26,22625,57,3,190,65,Sports,High
CUST_02001,26,65343,22,3,75,57,Clothing,High
CUST_02002,33,15000,47,1,64,56,Clothing,High
CUST_02003,25,30825,73,11,104,49,Clothing,Low
CUST_02004,31,35566,51,4,171,39,Toys,Low
CUST_02005,18,36605,68,7,168,30,Books,Medium
CUST_02006,37,39745,38,12,66,96,Clothing,High
CUST_02007,35,49277,33,1,61,37,Toys,Low
CUST_02008,25,35678,66,2,31,29,Sports,High
CUST_02009,42,30211,57,2,141,46,Electronics,Low
CUST_02010,46,29620,26,2,68,8,Sports,Low
CUST_02011,18,26748,33,1,72,102,Home & Garden,Low
CUST_02012,25,53839,81,8,301,1,Toys,Low
CUST_02013,25,26284,31,1,136,31,Toys,High
CUST_02014,23,55458,68,26,112,2,Clothing,Medium
CUST_02015,44,36662,40,7,160,57,Sports,Low
CUST_02016,32,27983,49,4,243,102,Books,Low
CUST_02017,31,49474,55,1,29,15,Home & Garden,Medium
CUST_02018,18,25242,7,3,60,58,Toys,Low
CUST_02019,42,49965,20,1,76,12,Sports,Low
CUST_02020,20,40391,51,1,45,5,Clothing,Low
CUST_02021,35,26952,35,8,74,9,Books,Low
CUST_02022,38,47302,69,2,30,10,Clothing,High
CUST_02023,51,47729,17,2,171,29,Home & Garden,Medium
CUST_02024,19,64780,61,9,62,47,Sports,High
CUST_02025,18,58869,22,1,103,6,Clothing,High
CUST_02026,37,46427,42,4,93,2,Home & Garden,High
CUST_02027,56,20665,28,4,132,7,Toys,Low
CUST_02028,49,123536,88,2,16,10,Books,Medium
CUST_02029,37,18001,23,8,123,9,Sports,Medium
CUST_02030,29,58374,47,14,74,7,Sports,Medium
CUST_02031,44,45055,15,3,119,18,Home & Garden,Medium
CUST_02032,23,20189,81,3,39,58,Sports,Low
CUST_02033,40,34127,58,3,120,3,Books,Medium
CUST_02034,41,34913,52,6,223,59,Books,Low
CUST_02035,47,69758,79,5,102,20,Sports,High
CUST_02036,68,25421,52,1,54,32,Clothing,Low
CUST_02037,39,31857,54,1,56,50,Clothing,Medium
CUST_02038,28,15000,52,14,134,10,Books,High
CUST_02039,34,86455,61,1,134,92,Clothing,Low
CUST_02040,18,21263,40,5,115,2,Home & Garden,High
CUST_02041,26,42764,45,8,87,22,Electronics,Medium
CUST_02042,30,34520,66,1,103,8,Toys,High
CUST_02043,28,34578,55,5,86,15,Sports,Low
CUST_02044,36,54444,47,1,68,17,Home & Garden,High
CUST_02045,25,83753,21,17,152,73,Books,Low
CUST_02046,48,41181,79,1,111,17,Electronics,Medium
CUST_02047,35,50389,36,2,222,35,Toys,Medium
CUST_02048,34,42806,69,3,196,90,Books,Medium
CUST_02049,31,60401,53,7,109,20,Electronics,Medium
CUST_02050,36,28811,24,1,136,15,Home & Garden,High
CUST_02051,44,62174,75,2,46,108,Electronics,High
CUST_02052,24,63275,55,1,85,52,Clothing,Medium
CUST_02053,27,62396,76,1,114,84,Home & Garden,Medium
CUST_02054,31,26106,46,7,29,15,Sports,Medium
CUST_02055,18,33383,64,1,121,35,Books,Medium
CUST_02056,25,40934,14,6,45,8,Clothing,Low
CUST_02057,29,18298,39,8,49,60,Sports,High
CUST_02058,45,80616,24,11,62,81,Electronics,High
CUST_02059,38,36093,42,4,88,9,Clothing,Medium
CUST_02060,37,41854,59,2,35,3,Sports,High
CUST_02061,45,27214,37,2,163,6,Home & Garden,High
CUST_02062,33,18705,67,17,101,30,Electronics,High
CUST_02063,39,26849,32,10,346,9,Sports,Medium
CUST_02064,33,40522,67,3,111,30,Electronics,Medium
CUST_02065,38,50854,76,14,134,12,Sports,Medium
CUST_02066,28,39375,70,8,49,74,Books,Medium
CUST_02067,18,43189,43,11,39,18,Home & Garden,Medium
CUST_02068,33,30683,7,5,138,20,Clothing,High
CUST_02069,52,46542,61,9,41,12,Sports,High
CUST_02070,46,76222,47,11,141,2,Electronics,Low
CUST_02071,46,51657,30,1,297,20,Home & Garden,Low
CUST_02072,49,54435,38,16,174,44,Clothing,Low
CUST_02073,36,42066,78,2,134,91,Electronics,High
CUST_02074,37,17127,27,2,108,2,Home & Garden,Medium
CUST_02075,27,21539,59,7,68,47,Electronics,Medium
CUST_02076,31,45589,54,5,83,9,Toys,Medium
CUST_02077,42,36117,42,11,60,51,Toys,High
CUST_02078,49,45248,62,2,35,12,Home & Garden,Medium
CUST_02079,33,83969,82,2,92,3,Clothing,Medium
CUST_02080,29,52209,44,1,195,28,Clothing,Low
CUST_02081,35,68148,45,3,36,67,Electronics,Medium
CUST_02082,42,38076,62,6,239,6,Home & Garden,Low
CUST_02083,18,24255,68,1,211,1,Sports,High
CUST_02084,18,35279,47,3,118,64,Toys,High
CUST_02085,28,24285,43,1,119,35,Clothing,Low
CUST_02086,20,79153,5,7,79,49,Toys,Low
CUST_02087,28,53916,34,1,92,1,Sports,Low
CUST_02088,33,47110,27,6,65,66,Sports,Low
CUST_02089,29,67371,63,2,92,16,Books,High
CUST_02090,52,15000,45,1,99,68,Electronics,High
CUST_02091,38,48730,44,9,335,2,Electronics,Medium
CUST_02092,38,18857,49,3,133,64,Electronics,Low
CUST_02093,42,36183,32,4,77,33,Home & Garden,Medium
CUST_02094,21,31074,81,6,83,24,Clothing,High
CUST_02095,47,50557,75,5,54,1,Clothing,High
CUST_02096,34,40704,82,6,61,34,Books,Low
CUST_02097,43,71150,63,7,170,27,Toys,Medium
CUST_02098,22,26877,49,4,63,38,Books,Medium
CUST_02099,18,51769,82,2,58,37,Books,Medium
CUST_02100,44,39383,36,1,59,17,Sports,Medium
CUST_02101,39,16032,32,11,54,6,Electronics,Medium
CUST_02102,24,22941,37,17,198,75,Home & Garden,Medium
CUST_02103,24,33693,60,2,99,77,Clothing,Low
CUST_02104,48,63332,34,1,73,7,Home & Garden,Medium
CUST_02105,20,45791,46,1,91,29,Electronics,High
CUST_02106,54,20256,17,5,104,6,Electronics,Low
CUST_02107,24,33854,59,1,53,59,Clothing,High
CUST_02108,42,99598,19,7,34,3,Sports,Low
CUST_02109,31,38392,31,12,229,138,Toys,Medium
CUST_02110,42,30832,74,16,179,28,Books,High
CUST_02111,28,46437,73,1,117,1,Sports,Medium
CUST_02112,33,53193,57,15,171,64,Electronics,High
CUST_02113,35,28909,55,6,343,34,Electronics,Medium
CUST_02114,22,46690,39,1,61,35,Sports,Medium
CUST_02115,43,30808,34,2,41,9,Books,Medium
CUST_02116,28,52034,42,6,143,12,Books,Medium
CUST_02117,32,39531,19,15,32,73,Electronics,High
CUST_02118,23,46211,55,1,92,30,Toys,Medium
CUST_02119,18,24844,50,1,73,1,Books,High
CUST_02120,32,24085,31,3,144,11,Books,High
CUST_02121,63,58264,81,17,64,27,Clothing,High
CUST_02122,44,34902,62,17,208,4,Toys,Medium
CUST_02123,34,41878,63,1,53,3,Clothing,Medium
CUST_02124,31,31157,40,1,147,1,Home & Garden,High
CUST_02125,35,56917,49,11,56,29,Sports,Low
CUST_02126,41,26798,62,6,132,11,Electronics,Low
CUST_02127,20,33934,53,17,44,14,Books,Low
CUST_02128,48,53798,82,11,88,1,Home & Garden,Low
CUST_02129,43,65282,45,1,227,40,Clothing,Medium
CUST_02130,43,27948,39,7,97,43,Books,High
CUST_02131,40,96745,62,1,206,53,Sports,Low
CUST_02132,35,42472,24,8,88,31,Clothing,High
CUST_02133,43,21558,68,4,63,44,Toys,Medium
CUST_02134,42,43674,23,15,101,25,Toys,Medium
CUST_02135,30,29986,62,16,138,20,Electronics,High
CUST_02136,28,45117,37,1,23,9,Books,High
CUST_02137,36,35545,59,1,129,1,Home & Garden,Low
CUST_02138,53,37689,68,3,46,10,Electronics,Low
CUST_02139,20,23021,53,10,39,34,Books,High
CUST_02140,18,59577,26,8,131,78,Books,Low
CUST_02141,36,20372,32,16,229,8,Books,Low
CUST_02142,35,20860,35,4,104,33,Books,Medium
CUST_02143,37,43637,12,1,34,19,Books,High
CUST_02144,37,80936,72,1,56,29,Electronics,Medium
CUST_02145,32,30445,52,1,67,1,Sports,Medium
CUST_02146,52,51559,27,5,103,3,Sports,Medium
CUST_02147,18,62110,79,13,85,7,Electronics,High
CUST_02148,25,54575,35,1,127,67,Toys,Low
CUST_02149,33,31082,55,10,181,1,Sports,Low
CUST_02150,18,21046,33,2,114,25,Home & Garden,Low
CUST_02151,32,15000,9,1,168,79,Home & Garden,Low
CUST_02152,54,31843,22,3,74,31,Toys,Low
CUST_02153,35,65450,41,2,904,19,Electronics,High
CUST_02154,37,20700,67,12,132,14,Home & Garden,High
CUST_02155,19,51539,56,3,145,29,Electronics,High
CUST_02156,27,22582,52,1,308,19,Home & Garden,Low
CUST_02157,30,38293,9,9,95,36,Clothing,Medium
CUST_02158,31,51735,75,33,57,28,Toys,Medium
CUST_02159,50,26114,54,5,224,25,Toys,High
CUST_02160,41,39546,47,1,234,94,Toys,High
CUST_02161,21,29509,72,1,100,54,Electronics,High
CUST_02162,37,51666,74,1,308,28,Books,Medium
CUST_02163,40,40849,73,1,84,23,Toys,Medium
CUST_02164,48,37356,45,12,172,38,Home & Garden,High
CUST_02165,53,79155,29,1,260,48,Clothing,Low
CUST_02166,22,50571,69,3,96,10,Electronics,Low
CUST_02167,25,25714,22,5,123,32,Home & Garden,Medium
CUST_02168,19,34789,88,9,184,4,Books,High
CUST_02169,32,34963,50,1,69,16,Home & Garden,Low
CUST_02170,40,37803,28,2,50,83,Toys,Medium
CUST_02171,46,128316,25,1,228,11,Clothing,Medium
CUST_02172,34,43714,24,1,111,5,Toys,Medium
CUST_02173,31,15000,52,1,63,4,Sports,Medium
CUST_02174,36,27683,49,4,96,15,Toys,High
CUST_02175,24,15000,25,1,128,7,Sports,Medium
CUST_02176,60,30794,42,2,30,16,Toys,High
CUST_02177,18,15000,22,1,148,38,Clothing,Low
CUST_02178,37,23487,61,17,119,65,Clothing,Medium
CUST_02179,59,16977,48,4,286,3,Electronics,Medium
CUST_02180,35,44005,42,10,77,43,Toys,Low
CUST_02181,32,36325,24,1,236,3,Sports,Low
CUST_02182,30,42255,43,8,87,14,Electronics,Medium
CUST_02183,32,34465,41,2,99,170,Home & Garden,High
CUST_02184,51,18085,56,1,109,2,Clothing,Low
CUST_02185,18,46946,53,7,389,1,Electronics,Low
CUST_02186,53,94950,65,7,37,12,Clothing,Medium
CUST_02187,18,44560,40,27,127,90,Electronics,Medium
CUST_02188,31,29349,12,7,92,1,Home & Garden,Low
CUST_02189,29,17782,69,1,88,7,Home & Garden,High
CUST_02190,42,23062,31,1,135,27,Books,Low
CUST_02191,18,45547,27,3,195,7,Sports,Low
CUST_02192,40,62103,49,1,130,1,Books,Medium
CUST_02193,59,41375,56,7,213,1,Sports,Low
CUST_02194,18,54173,39,3,75,24,Home & Garden,Low
CUST_02195,37,51732,39,14,87,24,Electronics,Medium
CUST_02196,27,46782,42,4,44,36,Toys,High
CUST_02197,40,26128,78,3,360,4,Clothing,Medium
CUST_02198,35,39614,49,1,78,20,Home & Garden,Medium
CUST_02199,27,23761,30,1,73,27,Home & Garden,High
CUST_02200,40,36633,30,9,137,7,Electronics,Low
CUST_02201,56,42848,44,23,195,23,Toys,Medium
CUST_02202,32,84068,54,2,55,36,Home & Garden,Low
CUST_02203,43,18866,59,8,206,140,Home & Garden,Medium
CUST_02204,19,46200,52,4,72,27,Electronics,Medium
CUST_02205,23,76162,33,15,245,59,Home & Garden,Medium
CUST_02206,40,53073,41,1,61,53,Sports,Medium
CUST_02207,52,55076,64,3,150,84,Sports,High
CUST_02208,39,48720,27,2,92,38,Toys,Low
CUST_02209,31,69505,40,3,40,7,Sports,High
CUST_02210,34,21083,61,1,33,10,Sports,Low
CUST_02211,19,18161,67,3,53,46,Home & Garden,Medium
CUST_02212,42,36200,46,4,180,22,Clothing,Low
CUST_02213,45,15000,41,1,23,8,Sports,High
CUST_02214,29,67192,23,6,113,32,Toys,High
CUST_02215,29,66860,60,6,106,71,Sports,Medium
CUST_02216,38,29240,76,10,27,13,Home & Garden,High
CUST_02217,29,30170,100,2,51,27,Books,High
CUST_02218,34,35025,57,1,51,26,Home & Garden,High
CUST_02219,60,37272,48,3,93,4,Electronics,High
CUST_02220,32,38699,31,1,251,2,Toys,Low
CUST_02221,30,48007,12,5,191,66,Sports,Medium
CUST_02222,27,33312,53,1,69,81,Electronics,High
CUST_02223,43,58197,97,2,50,70,Sports,Low
CUST_02224,32,45386,75,1,30,15,Books,High
CUST_02225,27,26809,72,1,69,10,Clothing,Low
CUST_02226,50,70795,54,16,47,85,Books,Medium
CUST_02227,52,18414,57,27,87,64,Home & Garden,Low
CUST_02228,27,34679,1,4,90,51,Home & Garden,Medium
CUST_02229,18,58891,65,1,64,12,Electronics,High
CUST_02230,47,25297,38,12,65,30,Electronics,Low
CUST_02231,26,42394,35,12,55,41,Home & Garden,Medium
CUST_02232,44,47651,43,9,62,25,Toys,Medium
CUST_02233,18,23617,42,3,245,27,Home & Garden,High
CUST_02234,45,35023,35,1,129,42,Home & Garden,Low
CUST_02235,20,33582,50,1,130,43,Sports,Low
CUST_02236,43,27560,38,11,182,8,Books,Low
CUST_02237,35,114787,52,10,171,14,Toys,Low
CUST_02238,23,24796,20,2,244,45,Sports,Medium
CUST_02239,30,60021,45,1,135,9,Clothing,High
CUST_02240,43,29839,28,5,103,74,Toys,Medium
CUST_02241,36,21092,37,8,59,54,Sports,Low
CUST_02242,42,38231,52,6,50,67,Home & Garden,High
CUST_02243,58,50238,17,4,166,10,Sports,Low
CUST_02244,18,57541,33,1,83,3,Electronics,Low
CUST_02245,54,79311,61,1,34,3,Toys,Medium
CUST_02246,36,158359,21,6,20,24,Home & Garden,Low
CUST_02247,24,41161,85,8,404,10,Books,Medium
CUST_02248,19,26067,74,1,45,9,Sports,Low
CUST_02249,32,45544,40,1,55,7,Home & Garden,High
CUST_02250,46,31789,34,5,212,24,Toys,Medium
CUST_02251,33,57698,54,2,38,23,Electronics,Medium
CUST_02252,53,18985,21,4,130,16,Electronics,Low
CUST_02253,18,118677,9,4,322,4,Toys,Low
CUST_02254,34,55716,40,7,395,79,Toys,Medium
CUST_02255,19,15646,47,8,65,16,Sports,High
CUST_02256,39,25475,51,1,89,3,Home & Garden,Medium
CUST_02257,45,54613,37,3,68,1,Books,High
CUST_02258,29,65393,75,1,88,4,Toys,Low
CUST_02259,18,19223,20,9,223,10,Toys,Low
CUST_02260,37,51870,27,9,33,29,Clothing,Low
CUST_02261,40,15000,59,1,141,106,Electronics,Medium
CUST_02262,39,34729,26,1,78,9,Clothing,High
CUST_02263,49,63324,25,1,234,46,Books,Medium
CUST_02264,22,27563,52,4,226,72,Toys,Medium
CUST_02265,43,17094,28,1,67,14,Sports,High
CUST_02266,49,39069,47,5,83,8,Electronics,Medium
CUST_02267,18,26839,36,5,168,20,Clothing,Medium
CUST_02268,38,49750,32,4,179,68,Electronics,Low
CUST_02269,28,23326,7,10,15,1,Clothing,Medium
CUST_02270,34,24678,52,2,167,20,Toys,High
CUST_02271,39,15000,25,11,285,42,Home & Garden,High
CUST_02272,29,39536,46,1,107,27,Home & Garden,High
CUST_02273,26,33508,39,1,175,20,Sports,Low
CUST_02274,35,20046,45,2,220,24,Books,Low
CUST_02275,21,40010,47,4,105,28,Electronics,High
CUST_02276,21,60690,53,1,159,34,Books,High
CUST_02277,43,32604,35,4,90,13,Clothing,Medium
CUST_02278,21,41526,74,1,86,21,Toys,Low
CUST_02279,42,41633,13,10,56,9,Sports,Low
CUST_02280,40,19887,45,3,101,124,Home & Garden,High
CUST_02281,18,101548,66,4,337,6,Home & Garden,Low
CUST_02282,26,28697,59,14,47,4,Sports,Low
CUST_02283,49,50415,30,7,138,9,Electronics,Medium
CUST_02284,23,53348,33,2,112,75,Books,Low
CUST_02285,29,33867,29,3,252,32,Clothing,Low
CUST_02286,40,49187,61,5,288,18,Books,Low
CUST_02287,44,41064,35,1,47,77,Home & Garden,High
CUST_02288,31,17875,55,1,60,69,Sports,Low
CUST_02289,27,30756,55,1,62,15,Home & Garden,High
CUST_02290,52,26734,97,7,64,24,Toys,Medium
CUST_02291,55,28828,56,1,68,70,Home & Garden,High
CUST_02292,46,18920,33,1,114,11,Clothing,High
CUST_02293,36,63781,20,1,49,15,Electronics,Medium
CUST_02294,25,80902,44,5,54,47,Electronics,High
CUST_02295,25,59219,47,4,51,35,Toys,Low
CUST_02296,41,68546,5,5,127,1,Clothing,Medium
CUST_02297,40,30567,35,1,86,3,Sports,Medium
CUST_02298,51,26419,55,11,76,56,Books,High
CUST_02299,42,24605,39,3,49,1,Sports,Medium
CUST_02300,18,50112,69,3,29,75,Books,Low
CUST_02301,47,40681,18,14,282,9,Electronics,Medium
CUST_02302,23,34940,63,19,73,27,Home & Garden,High
CUST_02303,30,69395,68,5,600,24,Home & Garden,Low
CUST_02304,38,44465,69,14,154,15,Toys,Medium
CUST_02305,58,23877,18,3,323,1,Sports,Medium
CUST_02306,72,25836,56,1,180,6,Clothing,Low
CUST_02307,42,51072,36,1,100,28,Books,Medium
CUST_02308,32,61136,21,4,59,17,Home & Garden,High
CUST_02309,41,47850,41,4,45,16,Toys,High
CUST_02310,45,93755,31,2,197,3,Sports,Medium
CUST_02311,31,82248,68,10,108,12,Clothing,Medium
CUST_02312,56,45275,60,2,138,22,Electronics,Medium
CUST_02313,37,23877,26,1,159,2,Clothing,Low
CUST_02314,40,18863,35,1,115,2,Electronics,Medium
CUST_02315,42,29920,42,17,64,20,Sports,High
CUST_02316,40,52923,48,8,182,24,Clothing,Low
CUST_02317,45,90519,70,4,78,8,Toys,High
CUST_02318,27,44744,63,8,95,11,Sports,High
CUST_02319,28,65144,51,8,148,47,Electronics,Low
CUST_02320,21,32123,44,13,86,61,Toys,High
CUST_02321,40,49582,14,2,25,11,Home & Garden,Medium
CUST_02322,44,54812,75,4,186,13,Toys,Medium
CUST_02323,40,15000,41,1,216,53,Home & Garden,Medium
CUST_02324,55,29533,81,16,24,109,Toys,Medium
CUST_02325,34,58387,53,21,43,11,Electronics,High
CUST_02326,43,41657,90,7,371,46,Books,Low
CUST_02327,21,19965,62,3,105,19,Books,Medium
CUST_02328,30,15000,21,3,90,9,Home & Garden,Medium
CUST_02329,43,30245,37,2,66,34,Home & Garden,Low
CUST_02330,45,35038,46,1,43,18,Clothing,High
CUST_02331,31,23342,32,3,78,9,Toys,High
CUST_02332,34,39008,42,1,178,3,Toys,Medium
CUST_02333,18,46779,22,24,89,60,Toys,Low
CUST_02334,30,50784,50,2,137,63,Toys,High
CUST_02335,45,15000,54,13,309,2,Clothing,High
CUST_02336,41,18823,29,6,59,32,Home & Garden,Low
CUST_02337,41,31184,88,1,111,5,Books,Medium
CUST_02338,35,48343,51,1,181,31,Clothing,Low
CUST_02339,35,46379,33,27,46,71,Electronics,Low
CUST_02340,27,45978,17,7,101,9,Clothing,Low
CUST_02341,43,29980,51,1,333,12,Clothing,Medium
CUST_02342,40,30828,44,1,70,47,Clothing,High
CUST_02343,40,25231,65,5,190,39,Sports,Low
CUST_02344,28,53321,47,1,81,15,Electronics,Medium
CUST_02345,18,22919,26,1,317,56,Home & Garden,High
CUST_02346,48,55548,83,6,28,75,Books,Medium
CUST_02347,29,40292,58,5,94,18,Books,High
CUST_02348,24,35506,44,3,31,1,Home & Garden,High
CUST_02349,43,26151,53,14,55,21,Sports,High
CUST_02350,30,18439,59,5,54,40,Books,Medium
CUST_02351,47,26269,21,11,74,7,Clothing,Low
CUST_02352,42,30791,53,1,39,3,Books,Medium
CUST_02353,43,15000,40,1,85,10,Electronics,Medium
CUST_02354,18,32903,60,1,124,1,Electronics,Medium
CUST_02355,49,57651,35,1,30,37,Home & Garden,Medium
CUST_02356,38,48223,37,17,57,4,Sports,High
CUST_02357,30,28336,83,16,533,38,Toys,High
CUST_02358,36,37177,74,7,113,8,Toys,Low
CUST_02359,18,27499,1,3,25,145,Sports,Medium
CUST_02360,39,39119,73,7,33,22,Books,High
CUST_02361,22,78437,48,4,105,1,Sports,Medium
CUST_02362,18,58938,35,1,96,44,Sports,High
CUST_02363,18,47117,29,3,59,15,Books,Medium
CUST_02364,48,28383,31,4,417,28,Electronics,Medium
CUST_02365,27,52837,36,1,562,90,Clothing,Medium
CUST_02366,53,15623,27,1,74,21,Home & Garden,Low
CUST_02367,28,32010,22,1,165,48,Toys,High
CUST_02368,18,48623,29,4,171,10,Electronics,Medium
CUST_02369,21,52586,56,1,188,37,Sports,Medium
CUST_02370,49,50763,51,6,57,3,Sports,High
CUST_02371,33,42083,61,2,349,67,Toys,Medium
CUST_02372,28,32929,48,2,85,6,Books,Medium
CUST_02373,36,47523,23,8,120,10,Home & Garden,High
CUST_02374,41,22551,59,3,90,95,Clothing,High
CUST_02375,48,23805,29,2,81,5,Books,High
CUST_02376,52,37453,62,10,109,8,Toys,Medium
CUST_02377,30,39600,26,2,39,26,Books,Medium
CUST_02378,19,15000,36,9,22,118,Clothing,Medium
CUST_02379,30,45595,42,3,77,35,Clothing,Low
CUST_02380,38,53442,63,1,48,3,Sports,Low
CUST_02381,23,34938,53,4,132,41,Books,Medium
CUST_02382,23,119042,50,1,121,16,Electronics,Low
CUST_02383,39,25810,87,1,90,146,Electronics,High
CUST_02384,34,30316,13,1,253,29,Books,High
CUST_02385,35,29806,29,1,89,22,Clothing,Low
CUST_02386,25,34958,28,6,32,24,Home & Garden,Low
CUST_02387,32,30811,14,9,76,30,Clothing,High
CUST_02388,23,17972,35,9,204,39,Clothing,High
CUST_02389,45,27631,63,1,24,2,Home & Garden,High
CUST_02390,47,34585,38,5,84,4,Toys,Medium
CUST_02391,18,67123,43,1,134,10,Clothing,Low
CUST_02392,23,109220,15,4,576,19,Home & Garden,High
CUST_02393,18,70808,34,10,209,11,Books,High
CUST_02394,27,24644,40,1,98,7,Home & Garden,High
CUST_02395,33,25644,62,21,129,77,Electronics,Low
CUST_02396,18,33534,16,8,23,1,Home & Garden,Medium
CUST_02397,23,88634,40,7,43,83,Clothing,High
CUST_02398,22,33432,71,5,141,71,Toys,Low
CUST_02399,37,18699,41,7,100,34,Books,High
CUST_02400,35,28265,7,26,110,1,Home & Garden,Low
CUST_02401,26,53025,75,7,92,7,Clothing,Medium
CUST_02402,37,51275,64,2,89,116,Toys,Medium
CUST_02403,28,32856,67,4,96,70,Home & Garden,High
CUST_02404,31,51108,15,2,42,100,Books,Low
CUST_02405,55,15000,80,17,76,166,Books,High
CUST_02406,51,38250,34,11,37,1,Electronics,High
CUST_02407,19,55845,39,4,58,25,Books,Medium
CUST_02408,44,23946,35,7,207,53,Toys,Medium
CUST_02409,44,23904,68,12,79,11,Clothing,Medium
CUST_02410,21,15000,46,1,136,17,Books,High
CUST_02411,44,80414,59,4,97,10,Books,Low
CUST_02412,53,25334,51,3,68,1,Clothing,Medium
CUST_02413,21,40966,48,7,44,2,Clothing,Low
CUST_02414,23,49116,31,2,68,1,Toys,Low
CUST_02415,47,77345,86,6,102,22,Books,Medium
CUST_02416,38,33625,20,2,135,28,Toys,Low
CUST_02417,41,27730,58,1,98,11,Books,Low
CUST_02418,39,39597,57,1,141,52,Home & Garden,Low
CUST_02419,39,69012,73,1,31,65,Books,Low
CUST_02420,19,33353,77,1,165,4,Electronics,High
CUST_02421,47,22529,47,3,40,1,Electronics,Medium
CUST_02422,49,16808,60,5,179,11,Electronics,High
CUST_02423,32,19719,85,1,127,37,Electronics,Medium
CUST_02424,34,55948,48,4,24,21,Toys,Low
CUST_02425,18,30936,28,4,150,20,Books,High
CUST_02426,41,26802,42,1,180,4,Home & Garden,Low
CUST_02427,41,25387,23,2,217,12,Toys,Medium
CUST_02428,34,37893,57,7,52,95,Clothing,Low
CUST_02429,48,32217,71,1,102,12,Books,Low
CUST_02430,30,31679,47,1,146,26,Sports,Medium
CUST_02431,41,71300,17,27,150,1,Books,Low
CUST_02432,22,78355,70,6,119,1,Toys,Medium
CUST_02433,34,16236,14,3,66,16,Electronics,Medium
CUST_02434,32,42778,19,4,179,27,Sports,High
CUST_02435,37,24626,46,9,180,13,Toys,Medium
CUST_02436,30,32076,55,9,80,5,Books,Medium
CUST_02437,33,42388,58,1,52,39,Home & Garden,Medium
CUST_02438,44,32651,48,3,54,4,Toys,Medium
CUST_02439,29,40750,85,5,234,33,Home & Garden,Medium
CUST_02440,18,50842,51,1,175,94,Sports,Low
CUST_02441,55,42078,70,14,88,19,Clothing,Medium
CUST_02442,51,26280,65,2,78,6,Toys,High
CUST_02443,19,26513,24,2,26,55,Sports,Low
CUST_02444,43,17679,46,11,84,21,Home & Garden,High
CUST_02445,28,23695,92,1,39,77,Sports,Low
CUST_02446,38,96861,39,1,100,38,Electronics,Medium
CUST_02447,38,24440,36,5,206,16,Toys,High
CUST_02448,32,19996,53,2,45,28,Electronics,High
CUST_02449,25,42615,40,7,106,5,Clothing,Medium
CUST_02450,26,34365,34,1,180,14,Sports,Low
CUST_02451,24,32932,40,2,105,27,Sports,High
CUST_02452,25,73461,78,1,62,26,Sports,Low
CUST_02453,34,47789,47,6,90,26,Sports,High
CUST_02454,26,27861,23,1,175,40,Clothing,High
CUST_02455,43,29370,19,3,108,3,Home & Garden,High
CUST_02456,52,28245,94,8,89,2,Books,Medium
CUST_02457,28,56239,45,12,202,4,Clothing,High
CUST_02458,37,31129,58,6,129,47,Home & Garden,Medium
CUST_02459,40,15000,34,2,38,2,Toys,Medium
CUST_02460,40,35448,56,4,140,7,Home & Garden,Medium
CUST_02461,35,16839,79,5,174,8,Toys,Medium
CUST_02462,43,108240,36,10,37,31,Home & Garden,Medium
CUST_02463,40,22407,59,10,18,15,Sports,High
CUST_02464,20,33492,21,13,43,6,Clothing,Medium
CUST_02465,45,41319,90,8,83,17,Home & Garden,High
CUST_02466,45,31434,55,1,182,34,Books,Low
CUST_02467,25,31413,41,6,48,46,Books,High
CUST_02468,35,44842,44,8,132,3,Electronics,Low
CUST_02469,43,77894,39,10,11,37,Home & Garden,Low
CUST_02470,32,53303,40,12,102,1,Clothing,High
CUST_02471,47,76058,1,3,67,38,Sports,High
CUST_02472,63,21518,48,5,391,32,Electronics,Medium
CUST_02473,25,42560,47,1,23,18,Home & Garden,Medium
CUST_02474,18,39246,59,4,89,4,Sports,Medium
CUST_02475,38,43284,39,3,23,43,Clothing,Low
CUST_02476,43,72266,34,16,61,2,Clothing,High
CUST_02477,32,32519,49,11,27,67,Electronics,High
CUST_02478,52,29650,17,7,450,44,Electronics,Medium
CUST_02479,18,47429,52,1,70,40,Home & Garden,Medium
CUST_02480,43,15000,12,2,77,42,Sports,Low
CUST_02481,27,32259,72,5,87,2,Books,Medium
CUST_02482,55,33958,63,1,40,138,Sports,High
CUST_02483,58,22921,31,1,188,58,Clothing,High
CUST_02484,25,61606,63,10,140,21,Clothing,Medium
CUST_02485,28,21351,52,1,171,38,Home & Garden,Low
CUST_02486,45,33930,29,1,38,40,Books,High
CUST_02487,30,42048,9,4,199,53,Toys,Medium
CUST_02488,34,71448,56,14,183,8,Home & Garden,Low
CUST_02489,35,36124,34,8,76,13,Clothing,Medium
CUST_02490,18,57992,71,18,168,48,Clothing,Medium
CUST_02491,34,51549,50,7,108,43,Sports,High
CUST_02492,26,38627,36,2,29,22,Books,Low
CUST_02493,29,21062,85,14,79,15,Sports,Medium
CUST_02494,52,17724,61,2,64,103,Sports,Low
CUST_02495,19,38301,1,2,95,16,Home & Garden,Low
CUST_02496,44,27685,40,2,183,43,Sports,High
CUST_02497,31,57505,22,8,28,15,Electronics,High
CUST_02498,31,52729,34,12,65,11,Electronics,Medium
CUST_02499,44,33113,47,2,50,30,Sports,High
CUST_02500,39,20356,57,3,52,49,Books,High
CUST_02501,41,46881,55,11,50,119,Sports,High
CUST_02502,46,21829,71,1,94,4,Clothing,Medium
CUST_02503,31,24853,62,7,129,62,Clothing,Medium
CUST_02504,27,22254,61,3,114,22,Books,High
CUST_02505,21,33885,54,2,102,3,Home & Garden,Medium
CUST_02506,25,65192,75,2,139,47,Electronics,Medium
CUST_02507,70,36224,43,2,476,12,Electronics,Low
CUST_02508,49,29097,44,7,99,60,Home & Garden,Medium
CUST_02509,18,16935,11,13,183,5,Sports,Medium
CUST_02510,19,47861,71,3,176,37,Books,Low
CUST_02511,40,24582,48,8,312,10,Toys,Medium
CUST_02512,41,38513,100,6,133,8,Toys,Medium
CUST_02513,41,30421,41,2,49,1,Sports,Medium
CUST_02514,31,55220,51,4,111,19,Home & Garden,High
CUST_02515,33,33569,60,5,107,14,Books,Low
CUST_02516,38,35261,27,1,159,1,Electronics,Medium
CUST_02517,36,46298,57,2,48,7,Electronics,High
CUST_02518,18,104137,50,24,218,20,Sports,Low
CUST_02519,32,56625,43,5,90,49,Clothing,Low
CUST_02520,24,34741,73,2,161,79,Home & Garden,Medium
CUST_02521,37,36373,31,1,111,21,Toys,Low
CUST_02522,70,27933,55,1,98,15,Home & Garden,Low
CUST_02523,39,22584,79,2,106,92,Sports,High
CUST_02524,31,27546,35,1,144,98,Home & Garden,Medium
CUST_02525,46,24684,44,1,354,6,Electronics,Low
CUST_02526,40,50346,96,2,21,22,Sports,High
CUST_02527,40,21256,59,4,131,51,Electronics,Medium
CUST_02528,42,70728,39,1,92,51,Books,High
CUST_02529,59,52892,66,1,79,34,Books,Medium
CUST_02530,21,36689,38,1,17,19,Clothing,High
CUST_02531,40,36321,18,1,135,15,Home & Garden,Low
CUST_02532,23,27484,77,1,82,49,Books,Medium
CUST_02533,41,41566,27,3,50,7,Home & Garden,High
CUST_02534,23,62570,99,3,92,16,Electronics,Low
CUST_02535,29,25550,40,1,73,25,Sports,High
CUST_02536,31,16870,92,8,26,53,Books,High
CUST_02537,46,51617,22,3,95,14,Sports,High
CUST_02538,46,42709,70,1,135,23,Books,High
CUST_02539,20,20741,59,1,61,9,Home & Garden,Medium
CUST_02540,35,25167,66,18,108,54,Books,Medium
CUST_02541,26,23634,69,18,97,46,Toys,High
CUST_02542,19,25279,40,1,187,51,Books,Low
CUST_02543,32,30889,23,1,83,1,Electronics,Medium
CUST_02544,31,31784,48,3,157,20,Clothing,Low
CUST_02545,64,26228,54,3,72,4,Electronics,High
CUST_02546,40,24857,40,2,356,33,Sports,High
CUST_02547,18,32390,55,3,66,11,Home & Garden,High
CUST_02548,28,39491,56,1,55,44,Home & Garden,High
CUST_02549,47,31003,31,1,83,2,Books,Medium
CUST_02550,60,64817,57,4,54,21,Home & Garden,Medium
CUST_02551,18,46818,44,13,37,3,Clothing,Medium
CUST_02552,18,16392,36,1,149,24,Clothing,High
CUST_02553,57,47186,65,6,10,28,Books,High
CUST_02554,39,49156,34,2,54,18,Books,High
CUST_02555,24,29220,40,1,35,9,Sports,High
CUST_02556,41,17195,51,9,99,1,Books,High
CUST_02557,18,36462,77,3,19,32,Electronics,High
CUST_02558,35,36175,53,4,132,61,Electronics,Low
CUST_02559,38,20726,60,2,142,39,Electronics,Low
CUST_02560,46,17577,44,1,28,67,Clothing,High
CUST_02561,22,34760,48,4,102,79,Toys,High
CUST_02562,36,32320,49,2,129,17,Home & Garden,High
CUST_02563,23,29477,55,1,173,35,Sports,High
CUST_02564,38,34832,44,4,32,15,Books,Low
CUST_02565,24,20923,76,1,29,75,Sports,High
CUST_02566,30,29219,42,1,257,24,Clothing,High
CUST_02567,23,47413,15,7,50,41,Books,Medium
CUST_02568,42,30485,100,1,62,1,Books,Medium
CUST_02569,45,15740,43,5,140,25,Clothing,Medium
CUST_02570,32,28671,76,14,39,40,Home & Garden,Medium
CUST_02571,35,21267,78,1,74,8,Books,High
CUST_02572,18,41504,68,2,168,1,Home & Garden,High
CUST_02573,31,42591,46,4,33,40,Clothing,Low
CUST_02574,34,15845,55,2,63,12,Sports,Low
CUST_02575,66,53077,24,4,40,16,Books,Low
CUST_02576,21,20824,89,2,52,24,Toys,High
CUST_02577,52,79188,32,1,206,3,Home & Garden,High
CUST_02578,46,35440,44,1,240,3,Books,Medium
CUST_02579,38,19473,51,6,107,97,Home & Garden,Low
CUST_02580,56,20516,47,1,130,12,Books,High
CUST_02581,39,43219,36,9,128,8,Books,Low
CUST_02582,39,29862,77,6,56,1,Books,Low
CUST_02583,34,34602,69,1,106,5,Sports,Low
CUST_02584,49,81339,56,1,36,16,Toys,High
CUST_02585,48,25600,42,1,46,12,Books,Medium
CUST_02586,27,37420,71,4,84,16,Home & Garden,Low
CUST_02587,19,73859,40,8,42,36,Sports,High
CUST_02588,32,41575,81,1,36,30,Electronics,Medium
CUST_02589,25,16263,52,1,54,20,Home & Garden,High
CUST_02590,34,46755,74,2,200,50,Home & Garden,Low
CUST_02591,49,20302,47,1,267,58,Toys,High
CUST_02592,29,73379,51,3,87,26,Electronics,Low
CUST_02593,34,24066,74,3,135,3,Sports,Medium
CUST_02594,35,160292,93,1,60,15,Books,Medium
CUST_02595,45,75636,81,3,21,30,Home & Garden,High
CUST_02596,18,24384,67,2,48,1,Toys,High
CUST_02597,27,36680,61,2,72,1,Toys,High
CUST_02598,37,52935,39,1,99,88,Toys,Medium
CUST_02599,49,53735,55,3,83,39,Electronics,High
CUST_02600,29,45304,31,2,73,4,Books,High
CUST_02601,18,67919,57,1,60,17,Sports,Medium
CUST_02602,42,34149,58,1,114,6,Home & Garden,Low
CUST_02603,27,30231,10,1,34,1,Toys,High
CUST_02604,20,30533,50,1,157,14,Books,Medium
CUST_02605,27,55780,58,2,59,31,Books,Medium
CUST_02606,32,43590,48,1,382,92,Clothing,Medium
CUST_02607,27,42009,57,2,72,44,Toys,High
CUST_02608,18,54047,23,1,64,7,Electronics,Low
CUST_02609,45,15000,34,3,60,12,Books,Medium
CUST_02610,50,42405,70,6,64,22,Sports,Low
CUST_02611,42,40509,50,3,137,6,Clothing,High
CUST_02612,21,83650,56,1,87,53,Books,Low
CUST_02613,32,16910,39,1,179,5,Toys,Low
CUST_02614,34,79109,50,1,124,10,Toys,High
CUST_02615,42,37710,3,2,92,25,Books,Medium
CUST_02616,43,46374,66,1,116,3,Sports,High
CUST_02617,26,83948,86,1,207,29,Clothing,Medium
CUST_02618,35,48068,28,10,142,86,Toys,Medium
CUST_02619,40,44364,31,1,109,35,Clothing,High
CUST_02620,52,40992,58,14,121,50,Electronics,High
CUST_02621,43,28517,79,9,40,17,Books,Medium
CUST_02622,44,35801,49,8,544,13,Toys,High
CUST_02623,36,25393,25,9,130,11,Electronics,High
CUST_02624,51,35515,45,1,139,32,Clothing,Medium
CUST_02625,39,15000,29,1,88,21,Electronics,High
CUST_02626,24,45004,36,1,18,19,Sports,Low
CUST_02627,51,34170,43,1,74,3,Home & Garden,High
CUST_02628,43,30696,31,1,94,33,Sports,Medium
CUST_02629,29,40533,34,8,50,38,Clothing,Low
CUST_02630,29,17733,51,1,50,6,Sports,High
CUST_02631,38,95285,54,1,70,42,Toys,High
CUST_02632,40,34496,21,5,154,63,Clothing,Low
CUST_02633,37,33761,57,1,216,5,Sports,Medium
CUST_02634,38,22410,42,2,101,18,Books,High
CUST_02635,55,36752,64,1,60,62,Books,Medium
CUST_02636,47,72655,65,9,69,20,Sports,Low
CUST_02637,37,60959,39,3,96,50,Toys,Medium
CUST_02638,46,55671,62,5,104,7,Toys,Medium
CUST_02639,22,47724,33,1,122,1,Electronics,High
CUST_02640,39,30355,76,13,66,1,Toys,Low
CUST_02641,56,17587,34,1,130,107,Clothing,High
CUST_02642,32,32842,57,6,123,5,Books,Medium
CUST_02643,24,32275,46,15,68,60,Clothing,High
CUST_02644,27,61352,29,3,27,11,Books,Medium
CUST_02645,21,42391,68,3,48,1,Home & Garden,Medium
CUST_02646,25,81320,37,1,269,8,Toys,Low
CUST_02647,30,66088,15,2,27,21,Sports,Low
CUST_02648,18,28904,1,9,226,3,Books,Medium
CUST_02649,35,15000,32,1,26,76,Sports,Medium
CUST_02650,45,72604,77,12,52,69,Home & Garden,Medium
CUST_02651,24,71660,75,5,69,4,Clothing,High
CUST_02652,53,18340,35,2,313,40,Sports,Medium
CUST_02653,41,77235,42,3,91,18,Books,Medium
CUST_02654,47,43961,40,1,77,120,Home & Garden,High
CUST_02655,27,39353,23,1,46,1,Books,High
CUST_02656,45,81421,31,1,129,19,Home & Garden,Medium
CUST_02657,21,71135,69,2,62,10,Toys,Low
CUST_02658,45,50295,60,12,76,38,Toys,Low
CUST_02659,37,46009,55,2,70,3,Toys,Low
CUST_02660,41,49424,23,3,148,29,Toys,High
CUST_02661,20,29731,52,1,153,88,Toys,Medium
CUST_02662,24,35328,3,6,48,18,Home & Garden,High
CUST_02663,42,23128,66,4,58,18,Books,High
CUST_02664,23,30744,55,2,54,20,Sports,Low
CUST_02665,40,30232,23,14,102,16,Clothing,Medium
CUST_02666,18,26432,82,11,169,17,Clothing,High
CUST_02667,45,38885,14,5,103,18,Home & Garden,Low
CUST_02668,20,30884,60,12,19,187,Books,Low
CUST_02669,41,46682,61,4,153,3,Home & Garden,Medium
CUST_02670,42,16136,25,8,35,10,Clothing,Medium
CUST_02671,26,34314,49,2,54,7,Home & Garden,Low
CUST_02672,41,38784,17,1,103,23,Home & Garden,Medium
CUST_02673,38,31091,1,25,84,1,Toys,Low
CUST_02674,28,33316,28,1,165,76,Clothing,Low
CUST_02675,22,16438,37,1,58,22,Toys,Low
CUST_02676,18,43401,62,1,45,67,Toys,Low
CUST_02677,39,50201,51,2,72,12,Sports,Low
CUST_02678,18,46479,51,1,178,4,Home & Garden,Medium
CUST_02679,36,61044,29,4,139,6,Sports,High
CUST_02680,31,40165,39,28,95,19,Home & Garden,High
CUST_02681,43,46135,31,1,227,1,Books,High
CUST_02682,31,39263,25,7,200,45,Toys,High
CUST_02683,31,51214,38,1,156,46,Home & Garden,High
CUST_02684,43,16504,51,1,39,36,Home & Garden,High
CUST_02685,39,23230,38,5,155,67,Electronics,High
CUST_02686,38,80293,43,10,78,23,Books,High
CUST_02687,40,15000,63,1,68,19,Toys,Medium
CUST_02688,18,33857,39,2,55,22,Books,Low
CUST_02689,44,65260,23,1,79,6,Sports,Low
CUST_02690,42,34660,61,11,58,21,Sports,High
CUST_02691,22,29658,55,1,101,23,Home & Garden,Low
CUST_02692,32,38743,56,2,79,43,Clothing,High
CUST_02693,34,30437,62,11,105,12,Home & Garden,Medium
CUST_02694,33,36880,59,4,132,2,Electronics,Low
CUST_02695,39,25804,50,13,73,27,Home & Garden,Medium
CUST_02696,52,63217,97,13,53,46,Toys,High
CUST_02697,47,73986,24,3,22,104,Electronics,Low
CUST_02698,19,33972,38,4,154,2,Home & Garden,Low
CUST_02699,42,18155,69,1,95,41,Sports,High
CUST_02700,50,27947,52,23,79,27,Toys,High
CUST_02701,39,33123,65,1,204,1,Home & Garden,Medium
CUST_02702,48,46759,53,7,36,38,Toys,Medium
CUST_02703,59,21938,77,1,93,1,Sports,High
CUST_02704,47,24721,29,1,45,46,Clothing,High
CUST_02705,37,46879,76,1,142,38,Clothing,Low
CUST_02706,47,58072,73,4,18,34,Books,Low
CUST_02707,36,26614,25,1,158,3,Home & Garden,High
CUST_02708,35,18646,62,1,153,75,Books,High
CUST_02709,30,187598,49,1,47,68,Toys,Medium
CUST_02710,53,53725,37,1,94,69,Home & Garden,Medium
CUST_02711,25,31777,12,3,47,13,Clothing,Low
CUST_02712,53,56078,29,2,121,20,Electronics,Medium
CUST_02713,40,34124,64,1,159,3,Books,Low
CUST_02714,18,56026,66,3,44,1,Toys,Low
CUST_02715,39,39328,45,7,36,1,Books,Medium
CUST_02716,18,38011,66,4,193,25,Clothing,Medium
CUST_02717,42,34310,68,18,350,11,Clothing,Medium
CUST_02718,45,17611,53,1,127,25,Electronics,Medium
CUST_02719,27,95707,35,8,134,26,Toys,High
CUST_02720,36,22679,58,3,71,71,Books,High
CUST_02721,58,18397,59,3,102,64,Clothing,High
CUST_02722,28,32649,63,3,115,38,Toys,Medium
CUST_02723,22,22454,67,1,79,51,Clothing,High
CUST_02724,52,35388,22,1,231,1,Electronics,High
CUST_02725,58,51219,39,4,101,1,Electronics,High
CUST_02726,35,59733,12,1,111,18,Sports,Medium
CUST_02727,47,54576,64,4,80,31,Home & Garden,Medium
CUST_02728,51,31169,45,6,86,47,Toys,High
CUST_02729,26,37227,58,2,211,17,Sports,Low
CUST_02730,29,44530,20,1,99,84,Electronics,High
CUST_02731,49,15079,78,1,101,50,Toys,High
CUST_02732,55,48305,26,1,102,3,Clothing,High
CUST_02733,41,17524,65,1,69,17,Electronics,Medium
CUST_02734,24,100727,52,1,33,158,Books,Low
CUST_02735,58,29665,46,1,270,15,Clothing,Low
CUST_02736,28,33109,44,1,190,14,Sports,Medium
CUST_02737,30,24714,37,1,215,10,Toys,High
CUST_02738,39,26503,75,26,42,19,Sports,Low
CUST_02739,53,113215,50,23,247,39,Sports,Low
CUST_02740,45,58115,24,1,356,1,Toys,Medium
CUST_02741,39,16737,42,1,187,54,Clothing,Medium
CUST_02742,40,77042,52,3,285,74,Home & Garden,Medium
CUST_02743,35,65947,67,1,157,45,Home & Garden,Low
CUST_02744,41,31552,37,3,49,74,Home & Garden,Low
CUST_02745,18,42334,39,2,128,2,Toys,High
CUST_02746,31,36045,50,1,44,17,Electronics,Low
CUST_02747,37,97371,67,8,59,2,Electronics,Low
CUST_02748,21,24388,22,8,112,54,Toys,Low
CUST_02749,39,39065,60,22,102,91,Books,High
CUST_02750,32,29317,40,1,124,10,Clothing,Medium
CUST_02751,56,17738,43,10,25,22,Books,Medium
CUST_02752,53,108642,90,3,80,10,Toys,Low
CUST_02753,29,20114,46,4,132,14,Toys,Medium
CUST_02754,33,40540,65,11,151,19,Electronics,Medium
CUST_02755,34,15209,64,14,159,46,Clothing,Low
CUST_02756,29,29746,26,6,107,4,Sports,High
CUST_02757,37,44845,13,2,69,5,Clothing,High
CUST_02758,25,24043,66,3,127,6,Electronics,High
CUST_02759,21,48698,28,4,72,1,Sports,Medium
CUST_02760,42,31744,16,8,169,30,Sports,Medium
CUST_02761,42,64863,70,5,121,6,Clothing,Medium
CUST_02762,25,71745,29,2,86,17,Toys,Low
CUST_02763,45,27082,34,2,52,34,Home & Garden,Low
CUST_02764,27,37735,89,1,197,17,Electronics,Medium
CUST_02765,38,39804,16,12,133,70,Electronics,Medium
CUST_02766,44,49497,24,1,392,43,Home & Garden,Low
CUST_02767,34,36577,40,4,130,9,Books,Medium
CUST_02768,40,39938,45,10,137,4,Books,Medium
CUST_02769,28,32154,32,2,32,67,Electronics,High
CUST_02770,32,38469,26,8,111,15,Home & Garden,High
CUST_02771,32,69492,80,8,72,14,Home & Garden,Low
CUST_02772,26,50163,55,1,160,49,Sports,High
CUST_02773,32,51566,61,2,113,1,Toys,High
CUST_02774,18,52132,47,5,179,17,Books,High
CUST_02775,29,33627,55,2,400,37,Books,High
CUST_02776,31,42591,68,3,51,56,Sports,Low
CUST_02777,31,21108,30,4,174,64,Clothing,High
CUST_02778,32,68487,55,1,145,18,Books,Low
CUST_02779,34,15000,63,2,359,56,Sports,High
CUST_02780,40,34767,80,1,147,1,Home & Garden,Medium
CUST_02781,45,64244,88,1,137,10,Clothing,Medium
CUST_02782,27,18362,51,3,163,1,Electronics,Low
CUST_02783,20,44350,72,4,171,5,Home & Garden,Medium
CUST_02784,22,25838,1,1,249,38,Clothing,High
CUST_02785,29,30200,81,7,50,1,Toys,High
CUST_02786,30,58277,35,2,68,22,Sports,Medium
CUST_02787,25,40095,45,12,303,16,Toys,Medium
CUST_02788,19,15000,58,2,22,3,Home & Garden,High
CUST_02789,29,22287,46,1,84,34,Toys,Low
CUST_02790,37,59140,53,7,99,35,Clothing,High
CUST_02791,42,45454,81,4,79,38,Electronics,Low
CUST_02792,28,87035,42,2,272,43,Toys,High
CUST_02793,30,84231,28,2,125,11,Home & Garden,High
CUST_02794,23,30603,86,1,68,154,Home & Garden,Low
CUST_02795,34,126958,60,2,57,2,Books,High
CUST_02796,24,36762,88,1,109,31,Toys,Medium
CUST_02797,41,22441,67,3,203,105,Clothing,High
CUST_02798,18,26454,23,11,99,7,Clothing,Low
CUST_02799,30,15000,62,7,81,9,Books,High
CUST_02800,38,81105,30,1,55,25,Toys,Medium
CUST_02801,37,80610,50,10,116,45,Sports,Medium
CUST_02802,67,21856,48,3,112,11,Sports,Medium
CUST_02803,39,32404,17,1,54,54,Books,High
CUST_02804,22,38093,33,6,184,8,Home & Garden,Low
CUST_02805,33,22467,94,1,297,62,Electronics,High
CUST_02806,18,15099,54,1,93,8,Sports,Medium
CUST_02807,34,32689,46,1,111,28,Toys,High
CUST_02808,25,30929,86,3,41,13,Electronics,Low
CUST_02809,45,29905,42,1,150,11,Clothing,High
CUST_02810,28,40593,48,7,124,13,Clothing,High
CUST_02811,33,74217,69,3,71,20,Sports,Low
CUST_02812,27,31208,41,2,53,55,Home & Garden,High
CUST_02813,55,39546,35,1,328,42,Clothing,Medium
CUST_02814,31,52231,4,8,117,17,Electronics,Medium
CUST_02815,56,47909,31,3,47,9,Home & Garden,Low
CUST_02816,44,26709,31,2,163,57,Sports,Low
CUST_02817,40,38108,53,7,105,61,Clothing,High
CUST_02818,39,47751,37,1,93,18,Sports,Medium
CUST_02819,39,20657,93,2,178,35,Home & Garden,Low
CUST_02820,18,68307,28,4,14,13,Home & Garden,Medium
CUST_02821,31,74294,78,3,25,4,Home & Garden,High
CUST_02822,45,25301,54,1,236,11,Books,Medium
CUST_02823,34,40008,66,1,82,34,Toys,Low
CUST_02824,18,50068,64,1,66,44,Books,Medium
CUST_02825,34,27644,5,24,35,57,Electronics,High
CUST_02826,55,46203,49,1,103,1,Home & Garden,High
CUST_02827,49,39404,44,1,112,19,Toys,Medium
CUST_02828,34,17431,27,8,246,9,Home & Garden,Low
CUST_02829,46,45687,59,2,116,34,Toys,High
CUST_02830,30,20950,84,2,72,8,Clothing,High
CUST_02831,18,58081,1,3,119,25,Electronics,High
CUST_02832,23,25962,39,4,195,37,Toys,Medium
CUST_02833,53,33501,25,4,167,44,Electronics,Medium
CUST_02834,31,72123,51,1,139,9,Sports,Low
CUST_02835,32,46545,43,8,109,2,Home & Garden,High
CUST_02836,31,21168,37,1,59,7,Clothing,High
CUST_02837,57,21862,63,1,43,27,Sports,Low
CUST_02838,54,26912,82,1,39,1,Toys,Low
CUST_02839,61,44237,100,7,118,5,Books,High
CUST_02840,33,43440,35,4,127,161,Toys,Low
CUST_02841,38,23824,13,7,193,14,Home & Garden,Medium
CUST_02842,18,20259,61,5,133,20,Toys,Medium
CUST_02843,52,41805,82,1,187,1,Electronics,High
CUST_02844,20,33159,66,1,82,26,Toys,Low
CUST_02845,37,106788,82,3,154,11,Home & Garden,Medium
CUST_02846,21,36986,45,1,44,22,Home & Garden,Medium
CUST_02847,27,89960,37,1,86,22,Books,High
CUST_02848,24,20227,52,10,24,102,Clothing,Medium
CUST_02849,27,16537,43,6,92,9,Clothing,High
CUST_02850,28,20742,63,2,212,25,Clothing,Medium
CUST_02851,28,65812,69,7,94,14,Sports,High
CUST_02852,45,87382,70,4,149,16,Clothing,Medium
CUST_02853,21,24560,60,1,108,1,Sports,High
CUST_02854,37,28845,54,2,60,34,Toys,Low
CUST_02855,49,20241,65,1,78,6,Books,Medium
CUST_02856,28,15000,10,1,205,18,Home & Garden,Low
CUST_02857,26,52010,54,1,148,17,Sports,Low
CUST_02858,32,40599,51,14,58,18,Toys,Medium
CUST_02859,49,36506,54,3,34,14,Books,Medium
CUST_02860,37,18033,48,9,104,8,Sports,Medium
CUST_02861,28,82452,58,1,59,17,Books,Medium
CUST_02862,40,28235,38,1,79,1,Toys,Low
CUST_02863,21,47420,72,10,32,8,Clothing,Medium
CUST_02864,43,17548,59,3,186,46,Clothing,High
CUST_02865,39,33015,53,11,84,55,Toys,High
CUST_02866,31,42011,36,1,93,37,Books,Medium
CUST_02867,24,42767,66,12,50,30,Electronics,High
CUST_02868,24,39234,54,2,74,50,Books,High
CUST_02869,41,46502,34,1,98,4,Sports,Low
CUST_02870,49,20634,48,5,58,22,Books,Medium
CUST_02871,27,40082,62,7,77,3,Toys,High
CUST_02872,40,38440,61,1,237,45,Home & Garden,Medium
CUST_02873,18,40775,59,21,26,22,Electronics,Medium
CUST_02874,27,37653,51,5,102,49,Books,Medium
CUST_02875,34,19213,70,1,51,48,Electronics,Medium
CUST_02876,24,18790,74,1,229,18,Electronics,High
CUST_02877,23,15000,64,2,79,20,Books,Medium
CUST_02878,26,54653,38,1,43,1,Books,Low
CUST_02879,38,54930,28,3,77,22,Clothing,Medium
CUST_02880,32,55368,39,7,114,33,Books,Medium
CUST_02881,18,42336,89,5,628,7,Books,Medium
CUST_02882,18,15000,55,2,20,129,Clothing,Low
CUST_02883,27,21734,92,1,38,110,Clothing,Low
CUST_02884,40,39545,47,15,224,9,Home & Garden,Low
CUST_02885,18,38861,44,1,31,37,Books,Low
CUST_02886,29,32487,48,1,90,1,Sports,Medium
CUST_02887,28,43671,48,5,64,32,Electronics,Medium
CUST_02888,51,36527,34,7,57,29,Toys,High
CUST_02889,30,38575,27,20,79,51,Clothing,High
CUST_02890,39,26382,60,17,71,10,Toys,High
CUST_02891,36,59338,71,12,188,63,Books,High
CUST_02892,18,29278,98,2,228,58,Sports,Medium
CUST_02893,44,18670,41,1,121,33,Electronics,Low
CUST_02894,37,24698,42,4,76,19,Books,Medium
CUST_02895,41,30508,34,1,107,28,Sports,Low
CUST_02896,75,59694,72,1,158,39,Electronics,Medium
CUST_02897,18,35556,66,1,181,110,Sports,Low
CUST_02898,55,33087,32,1,116,3,Clothing,Low
CUST_02899,31,19451,31,3,262,11,Books,High
CUST_02900,38,53784,69,2,58,45,Sports,Low
CUST_02901,34,26213,57,2,199,15,Sports,Medium
CUST_02902,29,34543,65,8,147,33,Books,High
CUST_02903,28,76121,32,5,58,4,Electronics,Low
CUST_02904,38,46834,12,13,105,37,Books,Low
CUST_02905,18,16088,32,2,111,33,Sports,Low
CUST_02906,44,15000,63,1,81,26,Toys,Medium
CUST_02907,30,35166,92,1,80,43,Home & Garden,Low
CUST_02908,21,19803,41,5,30,63,Toys,High
CUST_02909,29,50225,95,9,55,53,Electronics,Medium
CUST_02910,50,37091,66,1,76,4,Sports,Low
CUST_02911,28,39446,22,10,60,40,Home & Garden,Low
CUST_02912,39,25504,54,3,49,17,Electronics,Medium
CUST_02913,26,86741,67,1,189,12,Toys,High
CUST_02914,44,150436,1,5,83,63,Clothing,Medium
CUST_02915,43,31593,62,3,410,24,Books,Low
CUST_02916,57,43326,73,1,105,20,Electronics,Medium
CUST_02917,32,38128,57,2,186,46,Electronics,High
CUST_02918,43,31893,48,7,77,24,Sports,Medium
CUST_02919,36,23955,46,4,56,58,Home & Garden,Medium
CUST_02920,50,21110,45,1,108,3,Toys,Medium
CUST_02921,26,20582,26,13,222,44,Electronics,Medium
CUST_02922,43,44472,36,1,84,5,Books,High
CUST_02923,32,28005,41,1,123,7,Electronics,Medium
CUST_02924,34,15000,52,2,107,5,Electronics,High
CUST_02925,36,45361,38,11,84,8,Sports,Medium
CUST_02926,38,35627,32,3,87,39,Electronics,High
CUST_02927,33,71206,65,5,44,31,Home & Garden,High
CUST_02928,37,43763,57,18,89,7,Sports,Medium
CUST_02929,53,17338,39,7,142,9,Clothing,High
CUST_02930,46,15000,60,1,110,3,Clothing,Low
CUST_02931,45,25343,40,7,102,16,Toys,Low
CUST_02932,29,26567,51,6,149,14,Toys,Low
CUST_02933,24,58196,69,1,103,4,Toys,Low
CUST_02934,46,36154,37,1,90,53,Sports,High
CUST_02935,45,64013,26,6,150,57,Home & Garden,Low
CUST_02936,52,18724,47,1,99,3,Sports,Low
CUST_02937,27,58843,22,1,76,9,Sports,Medium
CUST_02938,32,52077,44,6,124,39,Sports,Medium
CUST_02939,18,15000,44,10,87,61,Sports,High
CUST_02940,30,70354,1,1,73,2,Electronics,Medium
CUST_02941,46,38052,60,2,100,69,Toys,High
CUST_02942,29,44179,46,4,101,1,Toys,Medium
CUST_02943,42,23565,73,5,41,30,Books,High
CUST_02944,32,68708,54,27,113,1,Clothing,Low
CUST_02945,38,20071,64,5,327,79,Toys,Medium
CUST_02946,21,55052,73,4,45,13,Home & Garden,High
CUST_02947,36,54737,47,22,63,31,Electronics,Low
CUST_02948,18,22312,49,1,630,6,Clothing,High
CUST_02949,32,97898,18,1,50,11,Books,Medium
CUST_02950,18,40772,74,4,221,41,Sports,Low
CUST_02951,49,50359,47,2,76,108,Books,Medium
CUST_02952,44,16923,29,1,93,145,Clothing,High
CUST_02953,40,104701,64,1,82,49,Toys,Low
CUST_02954,53,19687,6,5,121,56,Clothing,Medium
CUST_02955,23,60623,41,10,29,104,Electronics,High
CUST_02956,55,22084,68,1,102,1,Electronics,High
CUST_02957,46,26648,41,3,67,5,Home & Garden,Medium
CUST_02958,32,53872,35,1,24,1,Sports,Medium
CUST_02959,48,60704,41,5,197,20,Toys,High
CUST_02960,21,19232,9,3,20,95,Toys,Low
CUST_02961,25,62644,64,13,405,26,Books,High
CUST_02962,27,61235,47,1,138,24,Sports,Medium
CUST_02963,28,22720,44,3,34,52,Books,Low
CUST_02964,22,80767,44,1,229,79,Sports,Low
CUST_02965,49,17528,50,3,53,35,Clothing,Low
CUST_02966,31,26572,63,9,54,67,Clothing,High
CUST_02967,39,46143,48,12,25,5,Sports,Medium
CUST_02968,28,23699,22,2,49,20,Home & Garden,Low
CUST_02969,18,41436,61,8,53,13,Clothing,High
CUST_02970,38,40967,59,1,159,12,Home & Garden,High
CUST_02971,18,33072,54,1,203,7,Clothing,Low
CUST_02972,34,55061,71,9,37,67,Toys,Medium
CUST_02973,18,32396,50,1,108,17,Electronics,Low
CUST_02974,58,40772,72,1,24,22,Electronics,Medium
CUST_02975,45,64423,78,2,109,9,Toys,High
CUST_02976,36,53924,61,2,408,98,Sports,Medium
CUST_02977,50,53798,35,1,25,28,Books,High
CUST_02978,24,20443,47,8,44,1,Electronics,High
CUST_02979,41,47211,74,2,149,9,Clothing,Medium
CUST_02980,37,23406,20,3,162,220,Clothing,Medium
CUST_02981,38,19135,42,1,46,110,Electronics,Medium
CUST_02982,50,35036,43,3,252,23,Electronics,Low
CUST_02983,43,23106,32,7,50,24,Books,High
CUST_02984,38,53922,67,11,290,69,Electronics,High
CUST_02985,18,54571,57,17,124,36,Sports,Medium
CUST_02986,23,15000,35,2,219,80,Books,Low
CUST_02987,33,24000,62,23,116,19,Toys,High
CUST_02988,36,17502,46,1,142,111,Toys,Medium
CUST_02989,21,28815,32,1,147,23,Electronics,Medium
CUST_02990,63,45596,35,7,200,31,Clothing,Medium
CUST_02991,53,32172,58,1,87,2,Toys,High
CUST_02992,42,27041,68,1,47,28,Electronics,Low
CUST_02993,35,69569,40,12,85,43,Sports,Low
CUST_02994,32,15000,60,7,56,17,Sports,High
CUST_02995,23,67402,81,1,59,20,Clothing,Low
CUST_02996,35,27663,24,7,286,14,Books,High
CUST_02997,38,34924,57,9,139,104,Clothing,Low
CUST_02998,20,27898,66,11,134,19,Electronics,High
CUST_02999,39,78546,48,3,190,4,Clothing,High
CUST_03000,33,19624,74,6,138,1,Books,Medium
CUST_03001,18,36529,93,7,332,44,Home & Garden,Medium
CUST_03002,24,47274,56,5,20,23,Clothing,Low
CUST_03003,30,16228,45,5,44,1,Toys,Low
CUST_03004,57,22926,69,3,55,14,Books,High
CUST_03005,41,33722,66,3,34,73,Home & Garden,High
CUST_03006,18,23310,1,27,97,88,Books,Low
CUST_03007,40,24153,49,2,100,1,Books,High
CUST_03008,18,30487,42,1,358,3,Toys,Medium
CUST_03009,47,50251,57,7,169,1,Home & Garden,Medium
CUST_03010,29,30596,46,1,63,60,Clothing,Low
CUST_03011,33,62268,48,3,127,2,Home & Garden,Medium
CUST_03012,50,22051,32,1,25,3,Clothing,Medium
CUST_03013,19,19419,64,4,99,7,Toys,Medium
CUST_03014,18,95146,83,14,95,74,Books,Medium
CUST_03015,27,26134,33,6,47,34,Clothing,Medium
CUST_03016,47,18855,22,1,78,28,Sports,Low
CUST_03017,18,15198,50,17,55,46,Home & Garden,Low
CUST_03018,18,62165,49,1,46,35,Home & Garden,Low
CUST_03019,29,30618,73,2,144,41,Electronics,High
CUST_03020,41,31988,25,3,185,2,Books,High
CUST_03021,49,33536,39,23,128,26,Books,High
CUST_03022,29,60262,7,1,66,41,Toys,Low
CUST_03023,30,33197,77,5,56,25,Clothing,High
CUST_03024,48,117245,55,2,67,1,Toys,Low
CUST_03025,18,38827,40,1,77,7,Toys,Medium
CUST_03026,30,61752,23,13,48,98,Sports,High
CUST_03027,37,54318,25,4,188,36,Books,Low
CUST_03028,40,35659,58,7,78,34,Sports,Medium
CUST_03029,28,27079,27,1,153,32,Electronics,Low
CUST_03030,35,42872,52,7,33,4,Home & Garden,Medium
CUST_03031,18,46866,90,8,55,1,Toys,Medium
CUST_03032,27,27274,43,2,164,17,Toys,Medium
CUST_03033,40,39464,30,4,165,17,Sports,Medium
CUST_03034,23,67379,57,17,38,50,Books,Medium
CUST_03035,35,102229,25,9,111,6,Home & Garden,High
CUST_03036,40,55669,84,2,113,9,Toys,High
CUST_03037,30,92169,78,5,54,2,Sports,High
CUST_03038,37,26510,46,7,115,15,Sports,Medium
CUST_03039,23,51582,32,1,29,8,Clothing,High
CUST_03040,32,70916,41,4,47,9,Home & Garden,Medium
CUST_03041,42,23198,44,20,136,8,Sports,Low
CUST_03042,36,28487,57,14,91,7,Clothing,Low
CUST_03043,27,86591,70,8,95,11,Books,High
CUST_03044,37,22302,29,1,79,23,Sports,High
CUST_03045,43,18572,70,25,131,17,Clothing,High
CUST_03046,18,77963,62,4,135,1,Clothing,High
CUST_03047,48,66064,39,1,156,16,Home & Garden,Medium
CUST_03048,30,45073,28,5,98,56,Toys,Low
CUST_03049,40,35494,52,9,68,3,Clothing,Medium
CUST_03050,49,29165,28,1,60,86,Sports,Medium
CUST_03051,18,41813,70,12,42,11,Electronics,Low
CUST_03052,26,80009,27,12,67,1,Books,High
CUST_03053,31,40916,60,1,58,8,Sports,Low
CUST_03054,25,107310,48,11,276,2,Sports,Medium
CUST_03055,55,23179,38,14,43,25,Books,Medium
CUST_03056,24,35959,47,1,186,11,Books,Medium
CUST_03057,28,30135,71,1,74,49,Clothing,Medium
CUST_03058,37,21108,26,2,77,39,Sports,Low
CUST_03059,20,33639,41,2,119,18,Clothing,Low
CUST_03060,30,44741,34,7,33,24,Home & Garden,Low
CUST_03061,38,47198,49,2,51,28,Clothing,Low
CUST_03062,31,107497,36,15,37,9,Home & Garden,High
CUST_03063,33,45808,14,26,68,4,Toys,Medium
CUST_03064,28,64541,28,1,47,14,Electronics,Low
CUST_03065,18,37535,82,3,226,2,Sports,High
CUST_03066,38,84038,54,4,59,11,Home & Garden,Medium
CUST_03067,56,120478,54,4,17,24,Electronics,Low
CUST_03068,35,47360,44,2,71,23,Books,High
CUST_03069,37,22107,48,1,158,3,Toys,Medium
CUST_03070,43,27600,41,1,281,1,Clothing,Medium
CUST_03071,19,41813,60,1,76,2,Electronics,Medium
CUST_03072,55,45626,52,11,62,1,Home & Garden,Low
CUST_03073,37,51493,26,1,89,15,Sports,High
CUST_03074,54,45711,55,1,120,14,Toys,Low
CUST_03075,26,36442,1,4,40,8,Books,Medium
CUST_03076,56,26420,58,1,75,7,Books,High
CUST_03077,44,44381,21,1,86,15,Electronics,Medium
CUST_03078,41,91811,48,4,92,2,Electronics,Medium
CUST_03079,37,60473,26,4,81,7,Clothing,High
CUST_03080,32,47446,50,1,46,15,Books,High
CUST_03081,49,60765,61,3,114,2,Toys,High
CUST_03082,36,30165,80,2,87,55,Toys,Medium
CUST_03083,18,28165,19,3,87,33,Books,Medium
CUST_03084,21,24986,69,6,42,14,Clothing,Medium
CUST_03085,32,34110,52,1,140,4,Sports,Medium
CUST_03086,38,29407,40,2,46,6,Clothing,Low
CUST_03087,34,66445,65,7,279,3,Home & Garden,High
CUST_03088,49,28633,45,12,39,5,Home & Garden,Low
CUST_03089,18,24309,64,11,153,16,Electronics,Low
CUST_03090,36,95921,30,3,23,8,Clothing,Medium
CUST_03091,18,28978,37,3,18,64,Clothing,Low
CUST_03092,44,39213,68,3,61,97,Toys,Medium
CUST_03093,33,45508,79,10,18,35,Electronics,Medium
CUST_03094,40,20571,49,9,150,49,Toys,Low
CUST_03095,24,67355,1,1,88,8,Sports,Medium
CUST_03096,50,49939,46,1,240,32,Clothing,Medium
CUST_03097,47,79157,50,2,80,1,Toys,Medium
CUST_03098,42,25858,45,1,106,96,Books,High
CUST_03099,33,38160,56,15,74,33,Toys,Medium
CUST_03100,41,37037,40,1,48,11,Clothing,Low
CUST_03101,26,41437,66,1,67,44,Sports,Medium
CUST_03102,45,17547,26,11,38,1,Clothing,Low
CUST_03103,54,38384,74,1,118,14,Books,Low
CUST_03104,47,17796,81,1,72,67,Home & Garden,High
CUST_03105,26,43441,31,2,83,9,Home & Garden,Medium
CUST_03106,39,15000,31,4,649,33,Sports,Low
CUST_03107,19,15000,58,1,67,13,Sports,Medium
CUST_03108,41,54681,26,3,112,14,Books,Medium
CUST_03109,40,27627,40,1,86,41,Toys,Low
CUST_03110,18,22160,72,4,202,72,Home & Garden,Medium
CUST_03111,21,68557,64,2,106,5,Home & Garden,Low
CUST_03112,31,42779,89,9,74,9,Home & Garden,Medium
CUST_03113,31,56164,53,2,447,20,Home & Garden,Medium
CUST_03114,20,33418,37,2,49,28,Books,Medium
CUST_03115,39,138664,51,4,78,18,Sports,High
CUST_03116,38,26842,46,1,170,49,Sports,Low
CUST_03117,32,86876,47,1,50,43,Electronics,Medium
CUST_03118,25,35218,49,7,153,15,Toys,Medium
CUST_03119,47,15878,31,1,64,1,Sports,Medium
CUST_03120,54,46231,55,5,181,6,Home & Garden,Medium
CUST_03121,29,42505,21,1,178,20,Clothing,Low
CUST_03122,27,21468,35,8,84,78,Home & Garden,Medium
CUST_03123,40,22899,47,22,44,25,Home & Garden,Low
CUST_03124,30,35869,4,2,68,22,Sports,Low
CUST_03125,33,43255,65,3,89,38,Electronics,High
CUST_03126,43,15000,8,2,167,4,Books,Medium
CUST_03127,18,61485,63,11,112,4,Clothing,Medium
CUST_03128,50,28360,24,1,131,12,Toys,High
CUST_03129,35,18659,41,5,114,158,Clothing,High
CUST_03130,30,58135,60,5,162,62,Electronics,Medium
CUST_03131,33,35889,93,2,78,34,Home & Garden,Low
CUST_03132,34,66708,52,1,101,14,Books,Low
CUST_03133,18,45205,10,1,91,24,Books,Medium
CUST_03134,52,36288,69,8,66,10,Books,Medium
CUST_03135,35,33645,45,1,182,33,Toys,Medium
CUST_03136,40,46228,51,4,180,16,Sports,Low
CUST_03137,46,29532,61,1,209,3,Home & Garden,Medium
CUST_03138,22,23711,5,1,52,7,Clothing,High
CUST_03139,40,49264,50,3,115,28,Clothing,High
CUST_03140,31,33784,41,11,193,35,Home & Garden,Medium
CUST_03141,45,36930,74,4,257,3,Clothing,Low
CUST_03142,18,62610,64,7,31,49,Sports,High
CUST_03143,33,34305,17,4,89,52,Books,High
CUST_03144,27,36589,75,5,78,38,Clothing,Low
CUST_03145,40,26907,58,2,274,34,Sports,Medium
CUST_03146,40,45042,19,13,19,7,Books,Low
CUST_03147,26,43256,51,3,43,75,Toys,Low
CUST_03148,26,56976,70,4,245,9,Toys,Low
CUST_03149,33,27185,25,3,64,6,Home & Garden,Low
CUST_03150,24,28885,77,1,36,30,Home & Garden,Medium
CUST_03151,45,53963,19,1,259,13,Sports,Low
CUST_03152,30,41196,34,1,33,81,Toys,Low
CUST_03153,18,23083,31,6,184,18,Toys,Medium
CUST_03154,30,69792,77,1,30,5,Toys,High
CUST_03155,22,15533,40,2,32,94,Sports,Low
CUST_03156,18,53752,26,12,103,21,Sports,High
CUST_03157,20,19291,58,4,49,21,Clothing,Medium
CUST_03158,36,93236,63,1,108,14,Toys,Medium
CUST_03159,50,16775,63,8,317,54,Home & Garden,Medium
CUST_03160,38,64610,44,1,80,10,Clothing,Medium
CUST_03161,27,34863,55,4,281,1,Clothing,Medium
CUST_03162,40,30233,36,3,112,20,Toys,Low
CUST_03163,29,39842,83,1,175,78,Books,Low
CUST_03164,26,49808,72,1,17,9,Sports,Medium
CUST_03165,21,23104,71,1,140,9,Clothing,Medium
CUST_03166,18,24151,65,1,126,40,Books,Low
CUST_03167,30,50251,60,1,69,44,Toys,High
CUST_03168,36,15464,25,29,339,17,Electronics,Medium
CUST_03169,33,27116,62,2,63,53,Books,Medium
CUST_03170,30,166099,52,9,29,5,Electronics,Medium
CUST_03171,23,22381,75,3,155,13,Electronics,Medium
CUST_03172,42,64466,66,5,33,15,Toys,Low
CUST_03173,19,27092,61,1,94,11,Electronics,Medium
CUST_03174,44,46841,16,1,229,7,Electronics,Low
CUST_03175,22,50371,48,3,127,12,Sports,Medium
CUST_03176,25,63861,38,10,75,1,Clothing,Medium
CUST_03177,18,32855,55,1,70,36,Toys,High
CUST_03178,28,98168,41,3,218,34,Clothing,Medium
CUST_03179,46,27047,44,1,38,17,Electronics,Medium
CUST_03180,41,40827,59,3,154,11,Toys,Low
CUST_03181,46,41053,41,4,418,17,Clothing,Low
CUST_03182,41,20723,52,6,131,82,Electronics,Medium
CUST_03183,21,31478,19,1,76,27,Clothing,Medium
CUST_03184,31,39369,33,1,80,39,Books,Medium
CUST_03185,25,29258,63,3,64,7,Sports,Medium
CUST_03186,50,123064,25,31,57,2,Home & Garden,Low
CUST_03187,20,23877,74,2,97,2,Electronics,High
CUST_03188,45,65493,69,2,144,19,Books,High
CUST_03189,45,55727,44,2,277,37,Toys,Medium
CUST_03190,56,36064,100,1,22,44,Toys,Medium
CUST_03191,30,23562,74,7,16,38,Books,Medium
CUST_03192,43,24732,31,1,281,73,Sports,Medium
CUST_03193,62,28029,64,6,93,1,Toys,High
CUST_03194,27,15000,51,3,97,58,Sports,High
CUST_03195,18,21988,34,4,127,32,Electronics,High
CUST_03196,18,17305,28,1,78,5,Electronics,Low
CUST_03197,43,71177,69,11,358,34,Books,Low
CUST_03198,18,49475,38,1,127,21,Books,Medium
CUST_03199,30,53797,47,5,65,13,Sports,Medium
CUST_03200,40,48747,31,7,70,8,Electronics,High
CUST_03201,37,39477,35,3,81,18,Electronics,Low
CUST_03202,40,75383,47,2,52,8,Books,Medium
CUST_03203,37,26758,57,19,293,2,Toys,Medium
CUST_03204,50,38304,1,1,98,56,Home & Garden,High
CUST_03205,23,52761,50,14,39,26,Books,Low
CUST_03206,26,18758,35,1,119,13,Home & Garden,Medium
CUST_03207,25,170807,78,2,246,17,Electronics,Low
CUST_03208,44,36837,100,1,189,60,Books,Medium
CUST_03209,45,38987,42,1,52,11,Toys,High
CUST_03210,40,68080,15,1,41,14,Toys,Medium
CUST_03211,49,57381,52,1,244,43,Sports,High
CUST_03212,20,37013,45,21,28,6,Clothing,Low
CUST_03213,55,38756,89,7,116,32,Electronics,Medium
CUST_03214,53,17118,83,1,60,17,Electronics,High
CUST_03215,43,27495,67,1,225,20,Books,High
CUST_03216,56,47033,38,5,43,46,Clothing,High
CUST_03217,18,45340,63,2,51,149,Clothing,Medium
CUST_03218,28,66875,55,8,138,53,Clothing,Low
CUST_03219,26,34192,54,3,157,5,Books,High
CUST_03220,43,18148,18,5,233,7,Books,High
CUST_03221,22,61596,71,4,125,15,Home & Garden,High
CUST_03222,44,74462,52,5,114,38,Home & Garden,High
CUST_03223,51,56904,47,1,187,21,Home & Garden,Low
CUST_03224,43,33462,37,2,34,69,Sports,Low
CUST_03225,38,61217,34,1,48,1,Electronics,High
CUST_03226,23,200000,56,4,36,8,Home & Garden,Low
CUST_03227,24,38467,15,3,13,7,Sports,High
CUST_03228,49,18847,65,7,162,40,Sports,Medium
CUST_03229,44,27088,28,1,244,18,Books,Low
CUST_03230,34,49649,8,2,132,1,Clothing,Low
CUST_03231,29,16278,86,1,117,44,Toys,Low
CUST_03232,18,39525,32,4,95,13,Clothing,High
CUST_03233,22,43921,35,9,93,9,Home & Garden,High
CUST_03234,57,78241,72,7,294,6,Toys,Low
CUST_03235,19,69919,87,14,266,87,Electronics,Medium
CUST_03236,37,55954,19,17,59,85,Toys,Low
CUST_03237,47,15000,30,7,195,2,Toys,Low
CUST_03238,19,57556,32,1,212,7,Electronics,Medium
CUST_03239,37,51676,68,1,141,31,Electronics,High
CUST_03240,46,41273,82,2,118,33,Sports,High
CUST_03241,35,15289,28,25,115,16,Sports,Medium
CUST_03242,69,24627,78,2,31,25,Sports,Low
CUST_03243,18,20263,35,1,29,36,Books,High
CUST_03244,47,15000,56,14,155,90,Sports,Medium
CUST_03245,32,36262,24,2,41,38,Electronics,Medium
CUST_03246,44,24369,47,5,34,3,Toys,High
CUST_03247,40,134949,47,7,21,37,Electronics,Medium
CUST_03248,26,33376,43,9,64,2,Toys,Medium
CUST_03249,37,69346,57,8,116,20,Clothing,Medium
CUST_03250,18,16571,29,9,123,22,Electronics,Medium
CUST_03251,42,27860,32,5,163,45,Sports,High
CUST_03252,38,38118,58,2,68,1,Sports,Low
CUST_03253,42,23061,76,5,97,62,Toys,Medium
CUST_03254,47,29404,49,9,162,32,Home & Garden,High
CUST_03255,39,32566,60,2,124,1,Books,Low
CUST_03256,36,32307,65,1,59,5,Electronics,Low
CUST_03257,24,91817,66,2,111,1,Books,Medium
CUST_03258,26,43875,30,4,22,43,Electronics,Medium
CUST_03259,49,46154,34,1,90,5,Clothing,High
CUST_03260,52,47563,36,7,58,1,Clothing,Low
CUST_03261,32,49331,88,1,260,4,Toys,Low
CUST_03262,35,34841,60,1,45,24,Books,High
CUST_03263,24,30934,59,1,97,20,Sports,Low
CUST_03264,49,39474,57,4,66,8,Home & Garden,Low
CUST_03265,42,64757,23,1,60,85,Electronics,High
CUST_03266,58,63775,88,2,117,57,Electronics,Low
CUST_03267,24,32202,59,13,67,11,Toys,High
CUST_03268,30,53312,64,9,329,19,Home & Garden,Medium
CUST_03269,37,32948,14,9,22,21,Books,Medium
CUST_03270,42,36935,65,4,140,42,Books,Low
CUST_03271,32,28659,42,10,84,16,Toys,Medium
CUST_03272,24,33162,23,7,86,23,Electronics,High
CUST_03273,45,71016,30,15,111,15,Clothing,Medium
CUST_03274,43,38033,24,1,180,43,Home & Garden,Medium
CUST_03275,24,38856,24,1,108,24,Electronics,Medium
CUST_03276,51,17612,51,1,181,52,Clothing,Medium
CUST_03277,49,31112,42,13,92,1,Books,High
CUST_03278,36,32187,56,4,43,70,Clothing,Medium
CUST_03279,35,23990,83,2,84,51,Toys,Low
CUST_03280,41,36711,47,3,201,51,Sports,Low
CUST_03281,24,29301,5,8,67,4,Electronics,Low
CUST_03282,35,37797,45,13,42,9,Home & Garden,Medium
CUST_03283,18,38590,73,6,138,117,Clothing,Low
CUST_03284,45,22519,48,7,113,90,Books,Low
CUST_03285,18,29751,80,1,52,7,Clothing,Medium
CUST_03286,53,37747,59,3,76,17,Books,Medium
CUST_03287,31,65653,13,10,79,5,Sports,Medium
CUST_03288,32,41289,52,7,90,9,Toys,Medium
CUST_03289,27,26082,55,5,141,6,Books,High
CUST_03290,31,44333,71,1,67,2,Home & Garden,High
CUST_03291,52,85286,86,1,146,25,Sports,Low
CUST_03292,18,57431,68,1,61,8,Toys,High
CUST_03293,50,47751,58,4,288,145,Clothing,Low
CUST_03294,39,52197,63,3,293,21,Toys,High
CUST_03295,20,74606,46,14,49,13,Toys,Medium
CUST_03296,22,62181,20,5,38,73,Electronics,Low
CUST_03297,55,48212,50,1,178,29,Books,High
CUST_03298,23,61964,57,1,107,4,Toys,High
CUST_03299,21,21145,25,9,132,20,Home & Garden,High
CUST_03300,48,17134,76,3,56,17,Electronics,Medium
CUST_03301,39,39283,70,5,82,43,Electronics,High
CUST_03302,23,37584,22,4,70,35,Sports,Low
CUST_03303,37,27668,77,1,111,13,Clothing,Low
CUST_03304,22,54881,43,1,37,19,Electronics,Low
CUST_03305,48,15000,34,2,83,21,Home & Garden,Medium
CUST_03306,47,27795,71,2,37,16,Books,Medium
CUST_03307,41,28496,48,5,62,3,Books,Medium
CUST_03308,39,16024,87,5,84,70,Books,Medium
CUST_03309,56,76677,32,17,128,33,Sports,High
CUST_03310,34,18405,15,9,136,19,Home & Garden,High
CUST_03311,20,27060,44,3,153,25,Electronics,High
CUST_03312,40,57181,65,3,31,7,Toys,High
CUST_03313,60,50162,31,5,218,22,Home & Garden,High
CUST_03314,22,20866,23,1,57,41,Sports,High
CUST_03315,30,51084,54,45,60,22,Sports,Low
CUST_03316,39,41977,20,3,108,19,Clothing,Medium
CUST_03317,34,116601,56,12,71,18,Home & Garden,Low
CUST_03318,23,44443,43,17,115,43,Books,High
CUST_03319,48,33839,59,4,132,41,Sports,Low
CUST_03320,62,23664,22,1,52,41,Sports,High
CUST_03321,37,25031,75,4,79,8,Clothing,Medium
CUST_03322,24,24031,46,4,80,28,Toys,Low
CUST_03323,18,72081,65,7,176,45,Books,Medium
CUST_03324,38,36643,69,1,64,24,Toys,High
CUST_03325,48,48176,26,3,63,45,Sports,Low
CUST_03326,40,77429,67,12,44,57,Electronics,Medium
CUST_03327,34,15000,21,23,47,5,Books,Low
CUST_03328,27,68832,22,1,34,10,Home & Garden,High
CUST_03329,21,37335,89,10,55,27,Clothing,Low
CUST_03330,45,45140,72,1,274,10,Toys,Medium
CUST_03331,45,23999,91,9,146,85,Electronics,Medium
CUST_03332,18,24895,42,1,220,6,Electronics,Low
CUST_03333,54,46370,52,16,46,13,Home & Garden,High
CUST_03334,41,119646,60,5,23,155,Clothing,Medium
CUST_03335,51,59973,49,2,112,6,Sports,Low
CUST_03336,18,68374,35,1,329,17,Toys,High
CUST_03337,18,32991,32,1,64,11,Toys,High
CUST_03338,33,26900,54,5,96,49,Clothing,High
CUST_03339,41,24577,28,11,30,10,Toys,Medium
CUST_03340,56,28448,28,7,91,5,Sports,Medium
CUST_03341,43,15000,57,9,82,81,Home & Garden,High
CUST_03342,32,25274,48,7,20,11,Home & Garden,Low
CUST_03343,22,27441,68,19,43,40,Electronics,High
CUST_03344,49,33266,41,7,41,10,Electronics,Low
CUST_03345,23,38788,38,1,29,5,Electronics,Medium
CUST_03346,54,43530,58,7,54,48,Home & Garden,High
CUST_03347,31,36045,33,1,128,1,Sports,Medium
CUST_03348,54,27153,36,27,57,12,Home & Garden,Medium
CUST_03349,43,15000,37,2,201,45,Home & Garden,Low
CUST_03350,33,27237,45,1,69,21,Electronics,Low
CUST_03351,28,22331,85,1,113,35,Clothing,Low
CUST_03352,30,45845,22,5,127,2,Electronics,High
CUST_03353,40,57219,75,1,263,41,Clothing,Medium
CUST_03354,35,58063,64,15,54,5,Sports,Low
CUST_03355,27,53022,81,1,122,49,Sports,Medium
CUST_03356,33,33970,100,1,46,24,Books,High
CUST_03357,35,27973,78,1,300,40,Books,Low
CUST_03358,18,24995,68,1,43,7,Books,Low
CUST_03359,40,17090,23,2,117,15,Sports,Medium
CUST_03360,23,59630,26,2,268,48,Electronics,Low
CUST_03361,21,33277,57,1,38,72,Electronics,Medium
CUST_03362,18,19473,16,1,136,7,Electronics,High
CUST_03363,18,24022,62,1,44,47,Home & Garden,Medium
CUST_03364,18,23541,7,7,459,3,Books,High
CUST_03365,26,37105,73,2,23,16,Electronics,Medium
CUST_03366,58,61928,43,1,31,83,Books,Low
CUST_03367,28,30515,52,1,41,87,Books,High
CUST_03368,37,15000,35,4,41,10,Home & Garden,Low
CUST_03369,39,33037,12,1,129,6,Sports,High
CUST_03370,36,33587,74,4,317,4,Electronics,Low
CUST_03371,34,32452,76,22,202,19,Home & Garden,High
CUST_03372,20,26536,42,1,106,2,Sports,High
CUST_03373,52,40486,63,1,90,13,Sports,Low
CUST_03374,56,37536,42,1,58,1,Electronics,Low
CUST_03375,18,35867,55,2,118,9,Toys,Low
CUST_03376,22,44637,65,1,77,69,Books,Low
CUST_03377,31,29292,61,3,102,17,Clothing,Medium
CUST_03378,23,28472,76,13,53,2,Books,Medium
CUST_03379,41,72407,60,1,38,31,Books,Medium
CUST_03380,26,48034,50,2,91,93,Clothing,Low
CUST_03381,60,54911,34,7,90,18,Toys,Low
CUST_03382,49,67040,40,1,59,29,Sports,Medium
CUST_03383,37,47238,66,1,52,75,Clothing,High
CUST_03384,47,57768,19,4,133,16,Clothing,Medium
CUST_03385,48,16486,72,1,123,32,Home & Garden,Low
CUST_03386,28,40218,44,8,334,17,Home & Garden,Medium
CUST_03387,25,33144,33,1,236,98,Home & Garden,Medium
CUST_03388,35,84022,28,3,39,21,Sports,Medium
CUST_03389,45,57746,63,6,78,65,Clothing,Medium
CUST_03390,36,26496,49,1,34,21,Electronics,High
CUST_03391,18,43756,81,1,24,33,Clothing,Medium
CUST_03392,25,39491,24,1,418,14,Sports,Low
CUST_03393,34,45577,38,9,253,74,Home & Garden,Low
CUST_03394,34,21819,48,6,57,31,Sports,Medium
CUST_03395,58,43477,34,1,214,1,Home & Garden,High
CUST_03396,18,32400,50,6,238,1,Sports,High
CUST_03397,41,41823,56,6,23,33,Electronics,Low
CUST_03398,52,25280,59,30,163,3,Home & Garden,Low
CUST_03399,62,27104,80,2,63,37,Home & Garden,High
CUST_03400,30,65311,23,10,117,11,Clothing,Low
CUST_03401,40,21466,56,2,740,23,Toys,High
CUST_03402,41,22272,37,11,273,5,Toys,Medium
CUST_03403,37,35390,58,1,82,8,Sports,Medium
CUST_03404,33,24687,58,1,243,17,Books,Low
CUST_03405,40,23329,30,9,23,32,Books,Medium
CUST_03406,18,38274,31,8,128,5,Clothing,High
CUST_03407,43,17110,60,1,130,9,Sports,Medium
CUST_03408,36,21938,50,4,147,6,Electronics,Medium
CUST_03409,32,101422,45,2,63,59,Clothing,High
CUST_03410,59,45694,63,1,117,31,Home & Garden,Medium
CUST_03411,26,25002,64,1,163,18,Electronics,High
CUST_03412,30,44761,39,1,17,88,Sports,Low
CUST_03413,58,48226,32,4,72,39,Home & Garden,High
CUST_03414,25,59707,24,1,47,80,Books,Low
CUST_03415,28,34078,50,1,143,27,Sports,Low
CUST_03416,33,59174,21,14,236,4,Home & Garden,Low
CUST_03417,45,15000,51,1,58,33,Sports,High
CUST_03418,37,21414,74,5,42,6,Home & Garden,Low
CUST_03419,19,39416,42,11,97,12,Sports,High
CUST_03420,28,42822,39,1,40,21,Toys,Medium
CUST_03421,27,23019,89,1,76,5,Books,Medium
CUST_03422,34,41345,80,4,71,1,Clothing,High
CUST_03423,40,26584,34,3,135,11,Home & Garden,Low
CUST_03424,40,31619,52,3,112,52,Home & Garden,High
CUST_03425,18,60620,56,4,100,1,Books,High
CUST_03426,47,57209,54,14,283,3,Toys,Medium
CUST_03427,38,22058,86,1,108,49,Clothing,High
CUST_03428,51,21404,51,7,67,10,Sports,High
CUST_03429,40,29566,54,1,73,83,Home & Garden,Medium
CUST_03430,48,35833,63,2,52,14,Clothing,Medium
CUST_03431,40,26135,73,1,44,47,Sports,Medium
CUST_03432,51,61103,68,2,34,8,Home & Garden,Medium
CUST_03433,41,43204,60,8,199,1,Home & Garden,Medium
CUST_03434,33,44491,18,1,54,63,Toys,High
CUST_03435,62,19278,40,1,112,78,Toys,Medium
CUST_03436,45,65097,66,2,72,36,Toys,Medium
CUST_03437,41,15000,55,1,88,44,Sports,Medium
CUST_03438,19,55106,66,7,201,1,Books,Medium
CUST_03439,19,57939,87,7,101,42,Clothing,Low
CUST_03440,38,29254,26,9,47,19,Home & Garden,High
CUST_03441,36,68627,72,4,60,18,Sports,Medium
CUST_03442,27,35187,43,3,164,23,Home & Garden,Medium
CUST_03443,36,37467,68,1,126,9,Sports,Medium
CUST_03444,54,43034,49,5,171,35,Home & Garden,High
CUST_03445,43,178668,92,2,76,10,Electronics,Low
CUST_03446,21,71126,52,17,33,24,Books,High
CUST_03447,33,51563,37,17,128,4,Clothing,Medium
CUST_03448,25,23008,58,11,107,33,Books,High
CUST_03449,30,39018,56,2,109,6,Books,High
CUST_03450,30,24183,72,2,34,5,Clothing,Low
CUST_03451,29,54778,58,9,57,1,Toys,High
CUST_03452,19,38957,99,6,46,3,Books,High
CUST_03453,33,20696,47,6,119,7,Electronics,Low
CUST_03454,28,37818,48,1,121,7,Toys,High
CUST_03455,18,23748,37,8,87,11,Sports,Medium
CUST_03456,59,39167,51,4,177,1,Toys,Low
CUST_03457,48,23634,54,2,255,82,Clothing,Low
CUST_03458,30,36818,55,10,115,3,Sports,Medium
CUST_03459,35,52851,51,2,143,36,Home & Garden,Low
CUST_03460,20,35364,37,5,61,22,Toys,Low
CUST_03461,55,29868,32,3,54,24,Electronics,High
CUST_03462,57,40200,42,4,182,3,Sports,High
CUST_03463,36,51461,72,1,48,8,Toys,Medium
CUST_03464,47,20877,77,3,146,45,Sports,Low
CUST_03465,37,41370,48,4,299,18,Clothing,Low
CUST_03466,18,70176,31,3,142,18,Toys,Medium
CUST_03467,30,48379,48,9,85,23,Home & Garden,High
CUST_03468,36,37379,91,1,35,17,Clothing,Low
CUST_03469,29,50004,69,10,100,49,Home & Garden,Low
CUST_03470,32,45535,61,2,182,41,Toys,High
CUST_03471,33,52933,69,5,79,11,Clothing,High
CUST_03472,34,15000,80,1,184,50,Toys,Medium
CUST_03473,35,16701,26,1,116,21,Sports,Medium
CUST_03474,22,60018,42,7,110,29,Sports,Low
CUST_03475,26,17109,39,1,72,60,Electronics,Low
CUST_03476,19,44389,61,17,32,19,Sports,High
CUST_03477,46,30454,53,1,66,42,Books,Medium
CUST_03478,18,22068,65,11,66,29,Sports,Medium
CUST_03479,48,43253,39,3,134,16,Books,Medium
CUST_03480,51,40155,77,4,89,46,Sports,High
CUST_03481,31,104315,48,1,192,3,Books,Low
CUST_03482,18,26571,63,2,109,26,Books,Medium
CUST_03483,30,74611,73,1,63,1,Toys,Medium
CUST_03484,34,43313,72,3,50,5,Sports,Low
CUST_03485,22,26094,57,4,59,27,Books,Medium
CUST_03486,28,54155,66,6,100,11,Electronics,Medium
CUST_03487,53,48188,84,10,69,9,Home & Garden,Medium
CUST_03488,42,36972,60,3,42,93,Toys,Medium
CUST_03489,23,41487,35,1,182,13,Books,Low
CUST_03490,18,26943,61,2,100,24,Books,Medium
CUST_03491,31,24031,49,9,109,22,Toys,Medium
CUST_03492,32,53088,3,1,50,1,Electronics,High
CUST_03493,40,32468,59,4,43,33,Electronics,Low
CUST_03494,28,34890,52,1,80,21,Clothing,Low
CUST_03495,41,41769,73,1,21,14,Toys,High
CUST_03496,58,41466,34,4,155,2,Toys,Medium
CUST_03497,44,17771,19,3,54,10,Home & Garden,Low
CUST_03498,34,69087,53,3,74,64,Clothing,High
CUST_03499,32,38583,57,5,121,5,Toys,Low
CUST_03500,30,32816,51,1,76,7,Books,Medium
CUST_03501,49,45045,50,1,39,6,Electronics,High
CUST_03502,27,40874,28,5,258,66,Books,High
CUST_03503,35,53291,47,3,30,36,Toys,Low
CUST_03504,35,47524,43,1,18,64,Toys,Low
CUST_03505,28,51996,71,5,166,73,Toys,Medium
CUST_03506,18,71360,57,4,32,78,Sports,Low
CUST_03507,38,56489,44,1,216,19,Home & Garden,Low
CUST_03508,34,33515,84,6,117,19,Sports,Medium
CUST_03509,41,20713,44,3,109,52,Electronics,Low
CUST_03510,28,83608,61,1,60,12,Electronics,High
CUST_03511,49,32245,46,4,50,1,Electronics,Medium
CUST_03512,24,28665,82,4,69,12,Home & Garden,Medium
CUST_03513,55,15239,51,12,48,37,Clothing,High
CUST_03514,18,43012,52,6,209,3,Books,Medium
CUST_03515,40,39122,47,1,53,46,Toys,High
CUST_03516,40,17025,53,1,128,50,Books,Low
CUST_03517,25,45553,73,9,181,3,Books,Medium
CUST_03518,40,28308,66,9,48,3,Books,High
CUST_03519,50,139407,50,1,117,6,Toys,Medium
CUST_03520,18,27318,84,1,48,13,Books,Low
CUST_03521,41,29214,67,6,79,22,Clothing,High
CUST_03522,18,23449,41,6,65,19,Sports,Medium
CUST_03523,23,68798,22,1,55,57,Home & Garden,Medium
CUST_03524,54,30140,41,5,100,4,Sports,High
CUST_03525,28,25274,58,1,38,35,Sports,High
CUST_03526,20,51713,61,1,172,23,Toys,Low
CUST_03527,32,18211,77,1,42,40,Books,Medium
CUST_03528,59,49640,28,3,37,12,Toys,Medium
CUST_03529,18,88494,41,8,75,19,Books,Low
CUST_03530,22,48209,26,3,69,1,Clothing,Low
CUST_03531,52,49958,23,1,115,3,Home & Garden,Medium
CUST_03532,57,56107,37,10,95,14,Electronics,Medium
CUST_03533,33,85378,57,1,28,19,Sports,High
CUST_03534,20,66499,65,7,179,2,Electronics,Medium
CUST_03535,60,45244,31,7,74,52,Home & Garden,High
CUST_03536,54,57064,33,1,106,87,Sports,High
CUST_03537,43,23319,14,1,420,27,Electronics,Medium
CUST_03538,25,53537,54,10,221,1,Electronics,Medium
CUST_03539,34,21965,35,4,104,40,Toys,High
CUST_03540,33,30226,83,1,34,7,Clothing,Medium
CUST_03541,38,15000,58,11,34,39,Home & Garden,Medium
CUST_03542,52,44387,46,2,203,17,Home & Garden,Medium
CUST_03543,45,26319,37,2,67,1,Home & Garden,Medium
CUST_03544,22,63295,20,5,80,9,Sports,Low
CUST_03545,51,44138,22,5,40,16,Clothing,Medium
CUST_03546,38,63706,37,2,122,39,Books,Low
CUST_03547,43,21124,36,1,200,4,Sports,High
CUST_03548,52,61034,30,4,261,10,Home & Garden,Medium
CUST_03549,21,104081,57,4,65,2,Sports,Low
CUST_03550,34,53214,60,9,141,28,Electronics,Medium
CUST_03551,28,53915,40,3,84,19,Sports,High
CUST_03552,18,39529,88,5,166,79,Toys,High
CUST_03553,39,27935,15,1,89,40,Toys,Low
CUST_03554,65,53135,51,11,50,45,Sports,High
CUST_03555,18,17102,45,1,226,5,Home & Garden,High
CUST_03556,34,29469,38,5,96,9,Electronics,Medium
CUST_03557,42,15000,36,12,70,21,Home & Garden,High
CUST_03558,36,25544,49,8,101,1,Electronics,High
CUST_03559,33,50062,45,5,53,61,Toys,Medium
CUST_03560,19,46755,42,6,120,45,Electronics,High
CUST_03561,37,37251,24,12,78,1,Electronics,Low
CUST_03562,25,39545,17,8,51,56,Home & Garden,High
CUST_03563,18,15000,44,4,475,1,Toys,Medium
CUST_03564,49,30143,41,5,44,3,Electronics,Medium
CUST_03565,46,25830,46,1,115,1,Toys,High
CUST_03566,35,26120,47,3,93,19,Clothing,High
CUST_03567,37,49010,39,1,43,45,Toys,High
CUST_03568,47,23617,45,2,71,5,Clothing,Low
CUST_03569,37,26840,32,5,35,44,Books,Medium
CUST_03570,45,15000,80,1,382,6,Clothing,High
CUST_03571,31,31349,34,1,74,139,Books,Medium
CUST_03572,50,21080,42,2,79,57,Clothing,High
CUST_03573,38,37782,35,1,351,40,Home & Garden,High
CUST_03574,37,22571,35,2,50,26,Books,Medium
CUST_03575,19,38264,50,13,222,8,Sports,Medium
CUST_03576,38,33781,47,6,136,3,Sports,Low
CUST_03577,25,83785,40,1,22,18,Clothing,Medium
CUST_03578,27,46565,44,1,69,15,Sports,Low
CUST_03579,25,15000,35,4,122,33,Toys,Medium
CUST_03580,22,19294,58,5,92,5,Clothing,High
CUST_03581,60,37331,91,3,92,24,Clothing,Medium
CUST_03582,50,22812,32,1,58,35,Toys,Low
CUST_03583,58,15000,57,1,54,10,Toys,High
CUST_03584,20,71308,50,1,72,45,Sports,Medium
CUST_03585,35,52057,63,3,355,16,Sports,Medium
CUST_03586,19,47121,63,7,47,5,Electronics,Medium
CUST_03587,26,26804,54,9,64,6,Toys,Medium
CUST_03588,23,44973,49,2,91,9,Books,Low
CUST_03589,49,25535,41,7,32,5,Clothing,Medium
CUST_03590,30,40232,34,25,121,24,Sports,Low
CUST_03591,47,22918,48,6,36,89,Books,High
CUST_03592,42,77508,24,6,42,67,Sports,High
CUST_03593,62,16562,38,12,40,11,Sports,Low
CUST_03594,18,67247,72,2,28,60,Electronics,High
CUST_03595,50,37029,51,1,218,92,Toys,High
CUST_03596,48,28431,67,21,129,10,Clothing,Medium
CUST_03597,23,39478,79,3,171,70,Clothing,Low
CUST_03598,47,52400,46,7,161,178,Home & Garden,Medium
CUST_03599,39,71924,54,8,80,47,Toys,Medium
CUST_03600,32,42470,43,2,88,14,Electronics,Low
CUST_03601,25,23263,33,3,183,28,Books,Low
CUST_03602,26,37339,30,3,283,13,Electronics,Low
CUST_03603,59,90074,66,1,37,165,Books,Low
CUST_03604,35,71242,54,1,525,2,Clothing,High
CUST_03605,44,57204,86,3,35,67,Home & Garden,High
CUST_03606,25,54059,69,1,65,2,Home & Garden,Medium
CUST_03607,25,51519,35,2,94,1,Clothing,Medium
CUST_03608,47,64820,66,1,101,84,Sports,High
CUST_03609,18,28902,43,6,355,60,Electronics,High
CUST_03610,30,18443,74,10,182,13,Home & Garden,High
CUST_03611,35,37590,40,4,120,94,Toys,Medium
CUST_03612,36,24129,28,2,185,59,Sports,Medium
CUST_03613,32,21428,34,28,114,69,Books,High
CUST_03614,39,25332,35,1,56,27,Toys,High
CUST_03615,43,125826,33,1,126,95,Home & Garden,High
CUST_03616,43,38873,38,1,94,49,Books,High
CUST_03617,23,43519,67,2,49,84,Sports,Medium
CUST_03618,31,19708,85,1,217,9,Books,Medium
CUST_03619,49,15000,23,1,86,22,Sports,Low
CUST_03620,45,24112,75,1,41,60,Books,Low
CUST_03621,18,74540,40,3,45,26,Electronics,High
CUST_03622,39,42921,56,2,130,48,Home & Garden,High
CUST_03623,18,48986,16,5,187,108,Home & Garden,Medium
CUST_03624,35,52537,60,3,126,48,Sports,Low
CUST_03625,57,27019,9,1,126,11,Books,High
CUST_03626,23,72691,56,8,51,3,Clothing,Medium
CUST_03627,24,26465,55,3,96,9,Toys,High
CUST_03628,44,73358,53,1,71,32,Toys,Medium
CUST_03629,18,45304,35,1,78,1,Home & Garden,Low
CUST_03630,27,15000,60,7,83,6,Books,Medium
CUST_03631,42,24984,57,6,56,11,Books,Medium
CUST_03632,27,15000,45,3,152,62,Electronics,Medium
CUST_03633,32,64967,63,1,44,1,Toys,Low
CUST_03634,43,35869,48,3,36,1,Clothing,Low
CUST_03635,40,15000,60,5,51,24,Home & Garden,Low
CUST_03636,38,43821,47,10,167,5,Electronics,High
CUST_03637,30,27761,54,4,114,8,Clothing,Low
CUST_03638,39,17293,61,1,25,6,Home & Garden,High
CUST_03639,33,84034,42,1,136,26,Electronics,High
CUST_03640,40,38316,25,1,87,1,Clothing,Medium
CUST_03641,29,31359,55,5,67,84,Home & Garden,Low
CUST_03642,32,29741,73,1,75,3,Toys,Low
CUST_03643,23,17040,55,3,35,90,Clothing,Medium
CUST_03644,34,18915,56,6,101,45,Books,Low
CUST_03645,25,69041,49,1,37,52,Sports,Low
CUST_03646,21,28654,64,5,70,5,Sports,Medium
CUST_03647,38,36718,46,4,70,33,Books,Low
CUST_03648,37,15000,40,2,154,50,Clothing,Low
CUST_03649,44,18787,72,11,92,24,Books,High
CUST_03650,29,49261,39,5,147,24,Sports,Medium
CUST_03651,39,43864,67,2,38,5,Sports,High
CUST_03652,41,87263,72,8,83,16,Clothing,Low
CUST_03653,40,71074,61,6,130,4,Sports,Low
CUST_03654,25,32358,25,7,214,108,Toys,High
CUST_03655,36,46003,50,5,40,34,Books,Medium
CUST_03656,39,30998,45,2,49,1,Toys,High
CUST_03657,35,101458,40,2,128,19,Toys,High
CUST_03658,18,64505,52,5,278,30,Clothing,Medium
CUST_03659,36,39531,65,1,109,3,Books,Medium
CUST_03660,61,40142,40,8,41,32,Clothing,High
CUST_03661,30,74788,46,2,41,5,Sports,High
CUST_03662,26,48522,45,4,98,15,Home & Garden,Low
CUST_03663,39,79166,73,3,115,29,Clothing,Medium
CUST_03664,38,15000,44,3,77,13,Clothing,Medium
CUST_03665,49,45734,25,6,42,14,Home & Garden,High
CUST_03666,19,28065,18,4,194,55,Sports,High
CUST_03667,43,87394,57,1,70,11,Books,Low
CUST_03668,42,78684,34,1,130,31,Electronics,High
CUST_03669,33,36916,63,9,26,56,Home & Garden,High
CUST_03670,39,78261,23,10,208,4,Electronics,Low
CUST_03671,47,88570,39,1,55,1,Sports,Medium
CUST_03672,45,37692,23,1,230,52,Clothing,Medium
CUST_03673,21,124987,58,1,138,24,Clothing,Medium
CUST_03674,44,35750,62,13,33,52,Sports,High
CUST_03675,34,32621,56,1,106,7,Books,Low
CUST_03676,35,55990,28,1,287,53,Books,High
CUST_03677,35,30427,35,1,59,3,Toys,Low
CUST_03678,33,37898,54,6,287,64,Sports,Medium
CUST_03679,49,73476,16,10,117,51,Sports,Low
CUST_03680,33,36666,45,2,230,25,Toys,Medium
CUST_03681,21,15560,80,1,100,28,Sports,Medium
CUST_03682,30,43636,46,4,82,12,Sports,High
CUST_03683,37,25638,20,1,325,6,Toys,High
CUST_03684,49,55973,37,1,149,18,Sports,Medium
CUST_03685,42,51436,37,10,76,32,Sports,Medium
CUST_03686,24,75788,92,10,121,194,Clothing,Medium
CUST_03687,64,57168,83,18,60,50,Electronics,High
CUST_03688,38,62637,64,3,97,17,Books,Medium
CUST_03689,50,25989,43,1,207,40,Electronics,Low
CUST_03690,33,54284,74,7,80,3,Clothing,Medium
CUST_03691,41,97170,27,1,48,16,Home & Garden,Low
CUST_03692,45,25736,71,1,45,16,Electronics,Low
CUST_03693,49,89310,68,1,94,202,Home & Garden,High
CUST_03694,47,27593,46,15,51,14,Clothing,Low
CUST_03695,45,23718,72,6,33,2,Books,Medium
CUST_03696,31,42112,41,1,38,2,Home & Garden,High
CUST_03697,28,51945,24,1,204,35,Clothing,High
CUST_03698,38,57289,69,9,81,10,Sports,Medium
CUST_03699,46,22451,48,8,93,60,Books,Low
CUST_03700,32,45128,62,5,45,19,Toys,High
CUST_03701,47,25776,86,1,59,12,Sports,High
CUST_03702,52,17249,35,3,58,42,Books,Medium
CUST_03703,24,22825,47,4,74,16,Books,Low
CUST_03704,24,24948,81,13,28,40,Electronics,Low
CUST_03705,33,47136,63,1,193,37,Books,Low
CUST_03706,38,64608,36,3,88,38,Electronics,High
CUST_03707,28,17385,30,1,103,58,Home & Garden,Low
CUST_03708,51,43303,39,2,170,56,Books,Low
CUST_03709,40,20163,35,1,161,32,Home & Garden,Low
CUST_03710,35,49738,54,9,60,94,Books,Medium
CUST_03711,18,26599,51,1,137,1,Electronics,Low
CUST_03712,19,21468,55,2,136,79,Toys,High
CUST_03713,38,54167,33,2,112,4,Sports,Low
CUST_03714,18,27079,48,10,189,7,Books,High
CUST_03715,47,31008,8,7,157,51,Clothing,High
CUST_03716,33,15000,52,1,149,15,Sports,High
CUST_03717,73,58295,73,1,234,16,Electronics,Low
CUST_03718,62,54745,21,4,91,9,Toys,Low
CUST_03719,32,36414,59,2,93,7,Toys,Low
CUST_03720,33,16919,37,1,159,3,Clothing,Medium
CUST_03721,46,66481,66,7,79,6,Home & Garden,Low
CUST_03722,55,26026,53,1,126,25,Electronics,Low
CUST_03723,18,28949,58,18,60,36,Sports,Low
CUST_03724,18,115384,51,1,18,40,Home & Garden,Medium
CUST_03725,27,25544,76,1,136,13,Home & Garden,Low
CUST_03726,41,52633,56,1,30,76,Electronics,Low
CUST_03727,40,48100,35,3,55,11,Sports,Low
CUST_03728,47,44138,51,1,159,3,Electronics,High
CUST_03729,20,41814,42,6,161,87,Clothing,Low
CUST_03730,18,43835,53,2,204,23,Clothing,High
CUST_03731,45,41604,41,1,21,106,Toys,Medium
CUST_03732,25,35384,36,10,110,15,Books,High
CUST_03733,18,77314,53,14,75,42,Toys,Medium
CUST_03734,36,18838,51,4,179,3,Home & Garden,High
CUST_03735,44,60519,71,8,253,57,Toys,Low
CUST_03736,33,54784,41,1,36,5,Books,High
CUST_03737,29,51492,10,1,91,2,Toys,Low
CUST_03738,33,63480,42,1,161,3,Sports,High
CUST_03739,30,34672,17,16,71,24,Clothing,Low
CUST_03740,18,15000,58,3,305,10,Books,Medium
CUST_03741,26,35026,16,1,67,97,Clothing,Medium
CUST_03742,41,22123,30,2,72,57,Clothing,Medium
CUST_03743,38,25186,42,1,42,48,Clothing,Medium
CUST_03744,37,19512,80,1,100,49,Electronics,Medium
CUST_03745,23,28604,28,3,10,66,Books,High
CUST_03746,32,26948,50,1,75,60,Home & Garden,Low
CUST_03747,18,15000,61,1,218,79,Books,Low
CUST_03748,37,51539,79,1,33,81,Home & Garden,High
CUST_03749,52,110211,65,4,28,10,Books,Low
CUST_03750,18,49173,71,5,196,7,Books,High
CUST_03751,27,32811,67,2,216,30,Clothing,Medium
CUST_03752,38,35334,25,6,34,3,Home & Garden,Low
CUST_03753,50,29422,57,1,302,7,Toys,Low
CUST_03754,29,37987,66,1,121,44,Home & Garden,High
CUST_03755,26,35649,30,9,187,31,Home & Garden,High
CUST_03756,18,23848,38,2,51,31,Books,Low
CUST_03757,36,84241,33,2,255,90,Home & Garden,Low
CUST_03758,59,17264,65,14,74,33,Books,High
CUST_03759,38,52008,48,2,72,16,Toys,Medium
CUST_03760,34,34523,43,1,126,9,Electronics,Low
CUST_03761,38,93940,24,13,68,12,Clothing,Medium
CUST_03762,34,43063,48,1,31,9,Sports,High
CUST_03763,25,30334,38,5,98,1,Electronics,Medium
CUST_03764,44,32085,54,1,72,9,Home & Garden,Medium
CUST_03765,37,37047,27,3,52,54,Toys,Low
CUST_03766,35,20508,53,3,214,39,Clothing,High
CUST_03767,23,24749,41,2,480,29,Toys,Low
CUST_03768,50,15000,25,7,47,69,Clothing,Medium
CUST_03769,42,22891,23,13,103,9,Clothing,Medium
CUST_03770,28,38061,26,1,68,25,Clothing,Medium
CUST_03771,47,42196,45,8,446,1,Toys,Low
CUST_03772,29,15000,52,1,127,66,Home & Garden,High
CUST_03773,25,33907,55,1,172,17,Clothing,Medium
CUST_03774,25,48132,56,15,205,5,Toys,Medium
CUST_03775,18,33474,34,3,98,8,Sports,Low
CUST_03776,40,26452,71,1,79,56,Sports,Medium
CUST_03777,18,29552,41,4,260,3,Clothing,Medium
CUST_03778,20,27711,59,1,155,77,Books,High
CUST_03779,18,26413,46,3,49,14,Toys,Medium
CUST_03780,33,39612,57,4,54,8,Home & Garden,High
CUST_03781,33,115133,45,10,68,12,Toys,High
CUST_03782,31,25038,57,1,202,15,Sports,Medium
CUST_03783,22,30974,49,1,252,23,Sports,Low
CUST_03784,20,35388,66,1,405,26,Sports,Low
CUST_03785,40,25753,33,1,54,17,Electronics,Low
CUST_03786,28,62888,14,14,99,17,Toys,Medium
CUST_03787,38,15000,30,13,68,10,Electronics,High
CUST_03788,24,27846,71,6,79,14,Sports,High
CUST_03789,37,54674,46,5,172,18,Books,Low
CUST_03790,50,31349,51,9,87,27,Toys,Medium
CUST_03791,42,24090,28,1,226,4,Home & Garden,Medium
CUST_03792,30,45269,51,1,62,43,Toys,Medium
CUST_03793,38,57134,29,1,151,34,Home & Garden,Medium
CUST_03794,32,40348,32,8,66,10,Sports,Medium
CUST_03795,35,24328,41,3,24,18,Sports,Medium
CUST_03796,31,45620,58,3,44,88,Home & Garden,Medium
CUST_03797,33,29702,61,1,98,1,Books,Medium
CUST_03798,37,52711,61,5,345,50,Electronics,High
CUST_03799,23,76239,18,10,65,21,Toys,Medium
CUST_03800,22,15000,49,1,79,28,Electronics,High
CUST_03801,18,38389,46,4,126,34,Toys,High
CUST_03802,18,15246,19,2,59,18,Sports,Medium
CUST_03803,20,123117,50,7,64,6,Toys,Medium
CUST_03804,36,28736,44,3,94,72,Toys,High
CUST_03805,24,52743,60,2,66,40,Toys,Medium
CUST_03806,41,35679,51,2,25,24,Home & Garden,Medium
CUST_03807,35,24305,39,1,57,17,Electronics,High
CUST_03808,18,22901,68,10,138,20,Books,High
CUST_03809,42,80244,5,15,141,52,Sports,Low
CUST_03810,44,58569,48,3,229,1,Clothing,High
CUST_03811,23,95970,14,1,216,60,Sports,High
CUST_03812,40,37336,31,5,47,1,Clothing,Low
CUST_03813,24,41938,60,3,53,28,Sports,Medium
CUST_03814,36,31774,24,1,55,12,Home & Garden,Low
CUST_03815,19,31459,21,1,80,34,Home & Garden,Low
CUST_03816,18,21569,97,11,58,2,Home & Garden,Medium
CUST_03817,30,37873,22,7,79,24,Home & Garden,Medium
CUST_03818,33,24474,83,8,48,57,Books,Medium
CUST_03819,30,45295,46,2,155,20,Books,High
CUST_03820,20,39537,39,6,46,2,Clothing,High
CUST_03821,30,41933,61,4,44,1,Books,Low
CUST_03822,38,83915,76,2,129,29,Sports,Medium
CUST_03823,34,35637,27,9,149,2,Home & Garden,Medium
CUST_03824,37,53016,39,33,76,2,Toys,Low
CUST_03825,26,101291,66,11,165,16,Electronics,Low
CUST_03826,49,69794,55,7,157,7,Electronics,Medium
CUST_03827,20,64639,72,6,340,6,Electronics,High
CUST_03828,40,31152,60,5,150,19,Toys,Low
CUST_03829,49,40734,86,9,297,9,Sports,Low
CUST_03830,40,18785,53,3,94,7,Electronics,High
CUST_03831,32,46604,54,1,239,21,Electronics,High
CUST_03832,28,41657,56,7,243,10,Clothing,Medium
CUST_03833,47,36742,47,12,81,2,Sports,Medium
CUST_03834,18,60693,66,2,55,34,Sports,Low
CUST_03835,23,19853,54,7,62,26,Electronics,Low
CUST_03836,30,82242,65,1,120,7,Sports,Low
CUST_03837,49,57004,68,14,40,26,Clothing,Low
CUST_03838,39,35055,58,5,65,93,Toys,Medium
CUST_03839,23,33712,60,4,208,94,Clothing,High
CUST_03840,31,46180,29,7,143,22,Toys,High
CUST_03841,27,77685,38,8,17,3,Home & Garden,Medium
CUST_03842,26,38208,66,11,35,18,Clothing,Medium
CUST_03843,46,39027,78,11,407,1,Home & Garden,Medium
CUST_03844,18,36645,11,1,205,16,Electronics,Medium
CUST_03845,54,88522,38,1,59,72,Toys,Low
CUST_03846,44,30198,50,8,31,18,Home & Garden,Medium
CUST_03847,48,35783,32,14,37,23,Home & Garden,Medium
CUST_03848,29,75487,33,1,128,5,Electronics,High
CUST_03849,33,39085,59,1,359,1,Home & Garden,Medium
CUST_03850,18,64121,81,1,343,150,Toys,High
CUST_03851,28,23025,9,2,29,12,Toys,Low
CUST_03852,40,32772,46,7,73,9,Clothing,High
CUST_03853,50,76283,59,1,49,25,Electronics,High
CUST_03854,21,25895,65,1,99,41,Sports,Medium
CUST_03855,30,33669,56,11,35,8,Toys,High
CUST_03856,33,41288,85,1,61,22,Home & Garden,High
CUST_03857,18,22146,50,7,49,12,Toys,Medium
CUST_03858,42,29528,76,2,129,19,Toys,High
CUST_03859,26,38419,37,5,62,5,Clothing,Medium
CUST_03860,32,37173,51,1,69,21,Sports,Medium
CUST_03861,29,68883,25,1,128,1,Toys,Medium
CUST_03862,25,78490,68,2,284,54,Electronics,Low
CUST_03863,34,23669,47,9,395,29,Toys,High
CUST_03864,32,38393,57,4,123,85,Electronics,Medium
CUST_03865,30,50874,43,1,84,27,Electronics,Low
CUST_03866,26,77510,61,8,226,6,Clothing,Medium
CUST_03867,38,52012,57,1,203,19,Sports,High
CUST_03868,54,42001,30,13,166,32,Electronics,Medium
CUST_03869,36,50679,31,1,29,14,Clothing,Medium
CUST_03870,46,50862,49,3,209,24,Books,High
CUST_03871,18,22837,63,1,115,5,Clothing,Low
CUST_03872,36,39990,87,4,48,45,Books,Low
CUST_03873,21,75325,56,3,56,72,Toys,Low
CUST_03874,18,32738,70,2,135,11,Sports,Medium
CUST_03875,26,38743,17,1,15,47,Electronics,Low
CUST_03876,49,32168,90,10,82,2,Electronics,Medium
CUST_03877,46,15000,62,8,56,8,Toys,High
CUST_03878,37,36691,49,5,52,18,Home & Garden,High
CUST_03879,18,42230,46,4,65,14,Electronics,Medium
CUST_03880,32,28106,27,5,31,28,Sports,High
CUST_03881,38,20387,33,1,188,24,Toys,Low
CUST_03882,37,23381,88,13,20,2,Clothing,Medium
CUST_03883,18,53214,30,1,101,4,Sports,Low
CUST_03884,24,97368,29,5,49,1,Electronics,Medium
CUST_03885,34,72490,35,4,360,91,Clothing,Medium
CUST_03886,41,18542,26,5,91,31,Sports,Low
CUST_03887,18,55676,50,10,20,58,Electronics,High
CUST_03888,33,26066,71,1,131,23,Toys,Low
CUST_03889,36,27142,37,6,41,6,Electronics,Medium
CUST_03890,45,28825,22,4,179,29,Electronics,Medium
CUST_03891,43,51690,55,1,138,21,Home & Garden,Medium
CUST_03892,41,58666,48,2,252,15,Home & Garden,Low
CUST_03893,25,34578,70,9,102,13,Home & Garden,Medium
CUST_03894,18,34872,40,1,159,31,Clothing,Low
CUST_03895,30,45804,44,3,92,28,Sports,High
CUST_03896,47,48242,47,3,59,4,Clothing,Low
CUST_03897,51,65389,51,4,189,50,Toys,Low
CUST_03898,43,19107,42,10,38,30,Toys,Medium
CUST_03899,40,36680,38,1,87,23,Clothing,Medium
CUST_03900,39,21289,12,3,60,41,Electronics,Medium
CUST_03901,28,35402,38,2,162,5,Books,Low
CUST_03902,33,32432,64,1,46,75,Books,Low
CUST_03903,55,35476,67,12,67,9,Electronics,High
CUST_03904,23,24346,40,1,92,9,Books,High
CUST_03905,54,17263,75,1,255,50,Toys,Low
CUST_03906,31,15000,49,6,62,12,Clothing,Low
CUST_03907,50,34010,23,1,67,53,Sports,Low
CUST_03908,18,29275,16,6,35,11,Home & Garden,High
CUST_03909,42,25900,74,8,45,24,Toys,Medium
CUST_03910,26,70352,42,1,120,7,Clothing,High
CUST_03911,18,23630,25,1,92,39,Toys,Medium
CUST_03912,37,73748,4,1,93,5,Toys,High
CUST_03913,47,81790,42,1,304,68,Clothing,High
CUST_03914,24,15000,58,1,27,13,Sports,Medium
CUST_03915,18,38032,36,10,455,19,Books,Medium
CUST_03916,33,29737,28,7,205,1,Toys,Medium
CUST_03917,33,15000,39,1,71,111,Sports,Low
CUST_03918,41,17635,74,10,118,50,Clothing,Medium
CUST_03919,46,53501,22,1,55,17,Electronics,High
CUST_03920,34,99667,37,5,112,75,Electronics,High
CUST_03921,57,57030,74,1,405,80,Clothing,High
CUST_03922,37,42694,59,1,57,22,Electronics,High
CUST_03923,30,35930,53,7,76,7,Books,Medium
CUST_03924,18,84232,37,3,52,20,Toys,Low
CUST_03925,31,106310,50,4,59,11,Sports,Medium
CUST_03926,30,27080,39,2,67,17,Home & Garden,Medium
CUST_03927,46,15000,32,1,41,72,Sports,Low
CUST_03928,40,15000,28,6,74,9,Home & Garden,High
CUST_03929,20,70329,65,8,93,54,Clothing,Medium
CUST_03930,37,35470,48,1,67,82,Clothing,High
CUST_03931,43,39799,56,2,18,49,Home & Garden,Low
CUST_03932,53,15000,53,4,80,22,Toys,High
CUST_03933,45,24919,58,4,87,24,Electronics,Low
CUST_03934,44,31327,44,4,339,51,Clothing,Medium
CUST_03935,35,40292,40,5,91,1,Books,Low
CUST_03936,39,29753,33,17,173,39,Books,Medium
CUST_03937,49,21619,21,2,66,22,Books,Low
CUST_03938,19,24531,27,4,223,15,Toys,Medium
CUST_03939,30,66447,42,6,46,43,Books,High
CUST_03940,25,41043,17,4,128,9,Home & Garden,High
CUST_03941,39,49319,22,2,162,67,Toys,High
CUST_03942,49,23168,70,4,146,34,Electronics,Medium
CUST_03943,27,15000,54,5,409,28,Toys,Medium
CUST_03944,18,27957,40,4,59,22,Home & Garden,Low
CUST_03945,30,23546,95,1,242,7,Clothing,Medium
CUST_03946,45,43239,17,3,202,28,Books,Medium
CUST_03947,41,187749,69,10,93,38,Books,Low
CUST_03948,40,51409,47,10,326,1,Books,Medium
CUST_03949,31,142625,65,6,81,13,Clothing,Low
CUST_03950,19,48261,52,5,91,53,Toys,Medium
CUST_03951,41,26504,12,1,89,30,Sports,Low
CUST_03952,24,43215,51,3,36,28,Home & Garden,Medium
CUST_03953,61,88461,56,1,153,7,Toys,Medium
CUST_03954,41,90651,6,8,137,29,Electronics,Medium
CUST_03955,28,27236,88,1,83,46,Clothing,Low
CUST_03956,27,41216,56,7,309,15,Sports,Medium
CUST_03957,33,17771,63,8,66,6,Sports,Low
CUST_03958,32,54848,26,11,26,2,Electronics,High
CUST_03959,48,78958,63,7,340,21,Clothing,Low
CUST_03960,37,37045,71,4,182,34,Sports,Medium
CUST_03961,26,26011,55,4,139,5,Toys,Medium
CUST_03962,57,43480,49,1,70,16,Books,Low
CUST_03963,35,44744,32,1,114,25,Electronics,Medium
CUST_03964,44,37819,45,1,37,5,Books,Medium
CUST_03965,27,39709,39,1,76,9,Electronics,Low
CUST_03966,39,33292,61,13,47,28,Home & Garden,Medium
CUST_03967,38,59753,33,1,108,38,Home & Garden,Low
CUST_03968,18,52476,61,6,171,30,Clothing,Low
CUST_03969,59,22213,33,1,43,37,Sports,Medium
CUST_03970,50,21910,44,18,149,26,Books,Medium
CUST_03971,30,31978,62,2,103,54,Sports,Low
CUST_03972,21,52492,35,2,145,52,Home & Garden,Medium
CUST_03973,39,39105,63,2,75,47,Books,Medium
CUST_03974,36,26328,61,8,147,25,Toys,Medium
CUST_03975,39,41388,44,1,55,154,Clothing,Medium
CUST_03976,37,30779,73,8,27,1,Sports,High
CUST_03977,41,56401,51,5,32,6,Electronics,High
CUST_03978,52,42895,72,1,63,49,Electronics,Low
CUST_03979,41,31019,85,1,29,52,Books,Low
CUST_03980,22,40772,45,7,266,51,Electronics,High
CUST_03981,51,70089,62,1,84,61,Electronics,Medium
CUST_03982,54,27314,37,10,171,16,Home & Garden,Low
CUST_03983,72,44414,29,1,156,80,Clothing,Low
CUST_03984,21,35058,46,4,90,7,Electronics,Medium
CUST_03985,37,44958,22,5,1070,82,Electronics,Medium
CUST_03986,18,26179,31,5,698,24,Sports,High
CUST_03987,41,38375,61,1,238,5,Books,Medium
CUST_03988,28,63190,39,10,47,39,Home & Garden,High
CUST_03989,58,22731,64,7,245,10,Toys,Medium
CUST_03990,25,18681,55,3,26,7,Toys,Medium
CUST_03991,18,19039,87,4,239,5,Books,High
CUST_03992,29,20224,60,4,15,1,Sports,Low
CUST_03993,18,48906,72,14,72,43,Sports,High
CUST_03994,44,17980,58,11,209,19,Toys,High
CUST_03995,18,31289,56,1,117,115,Sports,High
CUST_03996,35,49471,73,1,31,17,Electronics,Low
CUST_03997,18,44726,63,19,101,55,Toys,Medium
CUST_03998,31,29948,54,1,117,103,Books,Low
CUST_03999,54,39953,54,15,103,1,Books,Medium
CUST_04000,39,38314,60,5,67,3,Books,High
CUST_04001,24,32463,36,1,163,12,Clothing,Medium
CUST_04002,34,32682,35,2,200,61,Home & Garden,High
CUST_04003,35,111047,78,3,80,54,Electronics,High
CUST_04004,40,54429,87,8,260,13,Home & Garden,Medium
CUST_04005,18,125533,31,1,80,6,Electronics,High
CUST_04006,42,28325,36,1,63,48,Books,High
CUST_04007,18,34805,72,12,232,27,Clothing,Medium
CUST_04008,27,18656,60,1,226,1,Clothing,Medium
CUST_04009,29,24226,63,4,58,48,Books,Low
CUST_04010,42,93991,67,3,52,94,Home & Garden,Medium
CUST_04011,35,27972,45,1,309,1,Sports,Medium
CUST_04012,18,94810,56,1,83,10,Books,High
CUST_04013,23,19502,55,2,90,51,Toys,Low
CUST_04014,37,21445,32,1,75,26,Toys,High
CUST_04015,34,30619,56,3,227,136,Toys,Medium
CUST_04016,28,35176,74,4,403,74,Toys,Medium
CUST_04017,29,57615,43,5,94,5,Electronics,Low
CUST_04018,43,45496,53,3,489,33,Home & Garden,High
CUST_04019,28,29491,54,2,61,31,Toys,Medium
CUST_04020,33,33973,44,1,73,3,Sports,High
CUST_04021,61,30960,63,1,144,2,Toys,Low
CUST_04022,18,22986,36,2,50,25,Clothing,Low
CUST_04023,18,23295,76,12,142,15,Electronics,Medium
CUST_04024,44,60714,62,1,62,23,Clothing,High
CUST_04025,26,15000,31,2,30,8,Electronics,Medium
CUST_04026,31,81526,83,6,26,24,Sports,Medium
CUST_04027,25,30592,53,6,71,14,Electronics,Medium
CUST_04028,31,24679,35,16,120,65,Sports,Low
CUST_04029,54,52568,72,1,34,10,Books,Medium
CUST_04030,44,76313,59,1,102,61,Books,Low
CUST_04031,45,63501,14,1,102,14,Electronics,Low
CUST_04032,18,46673,39,1,80,25,Home & Garden,Medium
CUST_04033,21,62531,55,3,47,10,Toys,Low
CUST_04034,18,15394,6,11,106,49,Toys,High
CUST_04035,25,27975,51,5,81,55,Toys,Low
CUST_04036,46,23026,53,1,178,49,Toys,Medium
CUST_04037,41,66991,26,1,36,30,Clothing,Medium
CUST_04038,32,29979,55,12,97,10,Electronics,High
CUST_04039,34,55420,50,3,36,30,Electronics,Medium
CUST_04040,26,47473,26,12,76,96,Toys,Low
CUST_04041,37,23596,68,6,41,31,Clothing,Medium
CUST_04042,44,27079,66,25,47,93,Toys,Medium
CUST_04043,18,69349,44,10,89,10,Electronics,Low
CUST_04044,38,24643,46,2,60,56,Clothing,Low
CUST_04045,46,38655,64,7,251,38,Sports,Medium
CUST_04046,30,24556,45,3,205,51,Home & Garden,Low
CUST_04047,43,31039,11,1,158,37,Books,Low
CUST_04048,68,35486,59,1,155,19,Books,Low
CUST_04049,33,24552,33,2,98,34,Toys,Medium
CUST_04050,39,22466,42,1,224,80,Home & Garden,Low
CUST_04051,26,41904,79,1,73,16,Clothing,Low
CUST_04052,37,23804,47,3,396,90,Home & Garden,Medium
CUST_04053,40,24213,50,15,46,1,Clothing,Medium
CUST_04054,37,22708,60,4,40,1,Toys,Low
CUST_04055,22,34928,60,2,33,20,Home & Garden,Medium
CUST_04056,37,58212,31,1,38,56,Toys,High
CUST_04057,52,77131,48,1,28,8,Electronics,Medium
CUST_04058,40,25261,50,5,104,35,Electronics,Low
CUST_04059,46,106420,55,9,163,23,Home & Garden,Medium
CUST_04060,32,21974,55,2,92,10,Sports,High
CUST_04061,43,62428,100,3,34,10,Home & Garden,Low
CUST_04062,38,25314,26,6,64,2,Books,Low
CUST_04063,23,23494,69,1,162,23,Electronics,Medium
CUST_04064,38,25024,73,2,70,17,Home & Garden,Low
CUST_04065,23,35375,59,6,51,10,Toys,Medium
CUST_04066,27,48532,36,5,31,105,Books,Medium
CUST_04067,37,50763,83,1,66,51,Toys,High
CUST_04068,38,22652,6,1,55,22,Electronics,Medium
CUST_04069,20,22140,36,5,84,22,Sports,High
CUST_04070,47,22963,73,1,125,6,Sports,Low
CUST_04071,41,34348,42,8,73,31,Books,High
CUST_04072,26,32693,81,1,102,92,Home & Garden,Medium
CUST_04073,18,22582,19,1,125,68,Electronics,High
CUST_04074,33,41556,27,1,38,2,Sports,Medium
CUST_04075,29,112564,39,12,337,1,Books,Medium
CUST_04076,36,28215,58,7,53,97,Clothing,High
CUST_04077,30,29238,45,10,129,6,Home & Garden,High
CUST_04078,18,48041,40,2,40,23,Clothing,Medium
CUST_04079,30,27462,78,8,97,2,Home & Garden,High
CUST_04080,31,50740,80,9,99,55,Electronics,Medium
CUST_04081,42,25354,41,2,287,3,Books,Medium
CUST_04082,26,90767,15,25,76,30,Toys,High
CUST_04083,55,43147,6,9,223,1,Toys,Low
CUST_04084,18,26635,54,18,110,5,Electronics,Medium
CUST_04085,50,27055,63,10,329,21,Clothing,Medium
CUST_04086,32,28088,51,7,25,1,Toys,High
CUST_04087,45,72140,48,14,126,6,Books,Low
CUST_04088,35,19256,33,2,13,4,Electronics,Medium
CUST_04089,48,26004,63,7,86,1,Electronics,High
CUST_04090,30,27423,83,1,183,106,Electronics,Low
CUST_04091,21,36031,5,6,247,17,Clothing,Low
CUST_04092,52,31711,48,7,150,58,Electronics,Low
CUST_04093,33,17229,30,6,73,13,Sports,Low
CUST_04094,37,29735,20,9,131,1,Home & Garden,High
CUST_04095,49,34552,27,2,523,35,Sports,High
CUST_04096,22,26527,57,3,94,1,Clothing,High
CUST_04097,42,51194,58,1,176,24,Clothing,Medium
CUST_04098,27,57509,79,1,66,4,Electronics,High
CUST_04099,33,34919,50,5,190,33,Books,High
CUST_04100,35,40752,14,4,169,66,Toys,High
CUST_04101,18,15000,45,1,58,93,Toys,Low
CUST_04102,25,29420,22,1,155,22,Toys,Low
CUST_04103,51,60018,25,2,160,22,Sports,High
CUST_04104,45,29386,61,6,151,1,Clothing,High
CUST_04105,34,25118,53,4,87,44,Home & Garden,High
CUST_04106,37,113419,61,1,212,93,Clothing,Medium
CUST_04107,31,90177,42,7,46,17,Sports,Medium
CUST_04108,51,45880,65,1,90,47,Toys,Medium
CUST_04109,32,64180,41,5,97,47,Home & Garden,Medium
CUST_04110,37,15000,72,1,204,46,Home & Garden,Medium
CUST_04111,48,24494,56,30,45,42,Electronics,Medium
CUST_04112,25,28710,45,1,106,7,Books,Low
CUST_04113,53,32273,54,6,63,41,Home & Garden,Medium
CUST_04114,18,28425,49,3,97,4,Electronics,Medium
CUST_04115,54,15000,81,1,118,37,Books,Medium
CUST_04116,30,44046,54,1,36,1,Toys,Low
CUST_04117,32,47659,49,2,218,75,Electronics,High
CUST_04118,18,80898,45,8,121,52,Clothing,High
CUST_04119,29,24485,66,1,49,34,Clothing,Low
CUST_04120,22,23503,64,6,70,2,Books,Low
CUST_04121,27,15000,44,5,256,52,Electronics,Medium
CUST_04122,33,31357,26,1,120,62,Sports,Medium
CUST_04123,46,56985,31,1,45,34,Electronics,Medium
CUST_04124,37,26745,46,12,52,111,Sports,High
CUST_04125,38,106055,76,1,139,2,Home & Garden,Medium
CUST_04126,21,31942,44,1,151,36,Home & Garden,Medium
CUST_04127,24,39085,38,5,116,22,Home & Garden,Medium
CUST_04128,56,18369,14,1,73,4,Electronics,Low
CUST_04129,26,41923,80,3,158,32,Books,Medium
CUST_04130,54,15000,61,1,72,48,Sports,High
CUST_04131,32,51372,65,24,49,5,Electronics,Medium
CUST_04132,35,52167,69,2,273,47,Home & Garden,High
CUST_04133,47,71656,46,35,126,2,Clothing,High
CUST_04134,50,21807,51,2,51,26,Home & Garden,Low
CUST_04135,33,39351,79,2,98,48,Books,Medium
CUST_04136,30,48141,53,12,91,4,Home & Garden,High
CUST_04137,34,45303,61,1,70,25,Toys,Medium
CUST_04138,39,23561,67,2,106,16,Books,Medium
CUST_04139,45,15000,62,1,46,28,Clothing,Low
CUST_04140,35,43195,47,15,165,16,Sports,Medium
CUST_04141,42,33649,49,1,89,8,Home & Garden,High
CUST_04142,54,27355,65,7,29,8,Books,Medium
CUST_04143,39,53208,65,3,76,60,Sports,Low
CUST_04144,38,35508,73,1,58,5,Clothing,High
CUST_04145,18,18777,61,1,11,3,Toys,High
CUST_04146,18,15000,61,13,80,3,Books,Low
CUST_04147,39,20650,41,6,185,2,Clothing,High
CUST_04148,33,120151,38,5,83,1,Clothing,Low
CUST_04149,28,52124,65,2,147,5,Electronics,Medium
CUST_04150,37,39906,38,1,90,6,Sports,High
CUST_04151,34,33162,49,5,65,9,Electronics,Medium
CUST_04152,48,32090,77,4,53,3,Clothing,Medium
CUST_04153,36,65094,74,6,36,2,Books,Medium
CUST_04154,26,28415,56,2,172,23,Home & Garden,High
CUST_04155,46,48458,44,21,150,38,Toys,Medium
CUST_04156,32,30509,47,1,74,29,Toys,Medium
CUST_04157,41,95805,67,1,21,24,Electronics,High
CUST_04158,29,52635,49,12,125,17,Home & Garden,Medium
CUST_04159,27,67695,38,5,47,30,Electronics,Medium
CUST_04160,36,27113,74,1,99,69,Toys,Medium
CUST_04161,35,61640,53,7,30,29,Sports,Low
CUST_04162,40,31061,38,3,96,1,Toys,Low
CUST_04163,31,38369,59,1,82,25,Toys,High
CUST_04164,18,82250,69,5,16,22,Home & Garden,Low
CUST_04165,29,21560,29,1,279,18,Electronics,Low
CUST_04166,44,40200,45,1,71,25,Clothing,Medium
CUST_04167,31,45206,45,1,75,33,Books,High
CUST_04168,32,47098,59,3,130,1,Clothing,High
CUST_04169,46,28987,62,1,86,19,Sports,High
CUST_04170,26,103066,38,10,116,50,Sports,High
CUST_04171,18,19006,20,4,40,22,Electronics,Low
CUST_04172,33,75315,70,1,81,2,Clothing,Medium
CUST_04173,29,66671,27,5,23,44,Toys,High
CUST_04174,23,93943,55,8,76,85,Home & Garden,Medium
CUST_04175,32,16413,47,4,247,57,Electronics,High
CUST_04176,40,23519,53,1,31,13,Electronics,Low
CUST_04177,34,76570,83,1,70,22,Clothing,Medium
CUST_04178,38,15000,100,9,20,26,Books,High
CUST_04179,56,16264,17,1,90,37,Sports,Low
CUST_04180,30,28448,69,1,124,32,Toys,High
CUST_04181,38,39974,46,5,117,6,Home & Garden,Low
CUST_04182,28,80508,70,1,59,55,Sports,Low
CUST_04183,24,33102,69,23,20,56,Toys,Medium
CUST_04184,27,26792,78,10,37,15,Electronics,Low
CUST_04185,29,42433,55,4,216,4,Books,Low
CUST_04186,39,45926,32,8,166,28,Electronics,Low
CUST_04187,63,45279,68,3,84,13,Books,Medium
CUST_04188,26,33223,52,7,100,40,Clothing,Medium
CUST_04189,30,15000,45,5,43,11,Toys,High
CUST_04190,34,22952,40,1,222,9,Sports,High
CUST_04191,39,73875,70,14,54,60,Electronics,High
CUST_04192,38,39876,82,9,122,28,Books,Medium
CUST_04193,50,30907,26,15,35,2,Books,Low
CUST_04194,18,63518,62,6,79,35,Electronics,Medium
CUST_04195,18,20639,42,2,215,41,Sports,Low
CUST_04196,29,32445,20,1,46,8,Toys,Medium
CUST_04197,48,38905,52,1,152,102,Clothing,Medium
CUST_04198,18,29123,33,1,42,13,Clothing,Medium
CUST_04199,18,38192,18,1,47,84,Home & Garden,High
CUST_04200,41,33062,34,3,89,10,Home & Garden,Medium
CUST_04201,37,18039,29,5,177,28,Home & Garden,Low
CUST_04202,21,39764,37,1,73,21,Sports,Low
CUST_04203,23,18691,23,3,138,145,Toys,High
CUST_04204,23,39450,42,2,200,15,Toys,Medium
CUST_04205,36,72190,35,5,52,5,Home & Garden,Low
CUST_04206,27,31555,57,22,30,53,Home & Garden,Low
CUST_04207,40,20216,61,5,70,1,Sports,Medium
CUST_04208,18,34081,55,1,219,64,Home & Garden,Low
CUST_04209,24,23956,45,3,50,3,Clothing,Medium
CUST_04210,21,48886,44,7,183,25,Electronics,Medium
CUST_04211,31,33725,33,3,74,37,Clothing,Low
CUST_04212,28,85381,33,15,307,12,Clothing,Low
CUST_04213,44,64957,64,1,433,55,Books,Low
CUST_04214,18,33639,14,1,185,27,Electronics,Medium
CUST_04215,35,51937,48,1,28,15,Clothing,Low
CUST_04216,41,29833,43,7,16,11,Electronics,High
CUST_04217,57,36937,61,3,93,3,Clothing,Medium
CUST_04218,29,30311,21,1,169,30,Sports,Medium
CUST_04219,38,53275,50,1,127,13,Sports,Medium
CUST_04220,18,74346,56,3,54,11,Home & Garden,Low
CUST_04221,18,54139,11,27,31,89,Sports,High
CUST_04222,45,57582,28,2,172,9,Electronics,High
CUST_04223,34,57613,48,1,330,62,Books,Medium
CUST_04224,49,47840,60,3,56,110,Home & Garden,High
CUST_04225,18,20544,53,1,160,51,Clothing,Low
CUST_04226,41,85006,61,4,556,1,Sports,High
CUST_04227,57,89518,28,3,78,60,Home & Garden,Low
CUST_04228,40,32307,18,5,79,7,Sports,Low
CUST_04229,38,30171,51,12,133,13,Home & Garden,Medium
CUST_04230,35,49325,25,1,73,143,Electronics,Medium
CUST_04231,18,47829,32,8,229,15,Electronics,Low
CUST_04232,51,32827,68,14,67,31,Clothing,Medium
CUST_04233,27,19438,53,2,88,11,Toys,Low
CUST_04234,41,42313,38,1,32,13,Home & Garden,Medium
CUST_04235,18,47844,36,8,76,27,Toys,Low
CUST_04236,20,52203,62,6,44,88,Toys,High
CUST_04237,52,43245,54,1,114,9,Books,Medium
CUST_04238,30,31711,25,2,28,8,Electronics,High
CUST_04239,52,59694,11,4,178,1,Clothing,Medium
CUST_04240,34,37531,87,1,48,6,Home & Garden,Low
CUST_04241,18,28782,25,6,313,9,Clothing,Medium
CUST_04242,45,33179,60,5,234,1,Electronics,Medium
CUST_04243,27,15169,80,10,130,24,Toys,Medium
CUST_04244,43,33152,52,4,30,4,Clothing,Medium
CUST_04245,35,51237,37,4,58,21,Home & Garden,Medium
CUST_04246,18,43040,21,4,48,6,Sports,Low
CUST_04247,36,77678,21,1,52,82,Books,High
CUST_04248,61,31841,57,7,271,11,Electronics,Medium
CUST_04249,40,46335,79,5,80,2,Toys,High
CUST_04250,34,53980,42,9,56,54,Home & Garden,Low
CUST_04251,47,117175,38,7,53,15,Home & Garden,Medium
CUST_04252,37,39041,63,5,62,51,Clothing,High
CUST_04253,37,21545,36,1,130,11,Electronics,Medium
CUST_04254,21,55490,55,12,28,20,Sports,Low
CUST_04255,37,92305,50,2,96,17,Sports,Medium
CUST_04256,47,30906,41,16,121,24,Books,Medium
CUST_04257,24,55300,49,2,26,15,Toys,Medium
CUST_04258,52,67128,85,1,33,20,Books,Low
CUST_04259,33,60387,62,10,87,34,Clothing,Low
CUST_04260,24,38668,71,7,246,16,Electronics,Medium
CUST_04261,46,25610,31,7,208,34,Sports,Medium
CUST_04262,31,34869,71,1,58,37,Electronics,Medium
CUST_04263,44,45674,62,10,241,41,Clothing,High
CUST_04264,31,57188,20,4,71,19,Electronics,High
CUST_04265,34,42914,60,3,71,1,Electronics,Low
CUST_04266,40,30032,39,12,96,42,Electronics,Low
CUST_04267,38,47939,19,5,162,71,Clothing,Low
CUST_04268,18,55828,52,1,58,31,Clothing,Low
CUST_04269,21,43905,60,3,68,22,Clothing,High
CUST_04270,46,23906,53,5,37,24,Sports,Low
CUST_04271,33,33166,47,11,115,30,Home & Garden,High
CUST_04272,28,58332,43,1,173,195,Toys,Low
CUST_04273,18,18187,99,7,180,1,Toys,Medium
CUST_04274,22,15000,26,8,34,1,Toys,Low
CUST_04275,18,77191,67,1,68,99,Electronics,Low
CUST_04276,33,46896,50,1,215,17,Books,Low
CUST_04277,27,49186,32,4,105,28,Books,Medium
CUST_04278,23,21196,49,7,92,42,Home & Garden,Medium
CUST_04279,34,52510,22,4,90,40,Electronics,Low
CUST_04280,39,41673,38,8,131,31,Electronics,High
CUST_04281,60,16445,49,4,109,19,Electronics,Medium
CUST_04282,18,74023,18,5,60,25,Clothing,High
CUST_04283,48,39314,60,1,166,39,Toys,Low
CUST_04284,46,29790,30,1,38,57,Sports,Low
CUST_04285,25,30061,20,6,227,4,Clothing,High
CUST_04286,37,15000,28,7,48,9,Electronics,Medium
CUST_04287,29,48857,93,3,132,15,Home & Garden,High
CUST_04288,37,41395,10,4,80,32,Electronics,Low
CUST_04289,53,32957,58,4,64,15,Electronics,Low
CUST_04290,42,68819,34,1,232,8,Sports,High
CUST_04291,41,18179,42,5,151,1,Electronics,Medium
CUST_04292,29,26946,62,3,86,55,Clothing,High
CUST_04293,18,23741,61,4,305,16,Books,Low
CUST_04294,32,31590,36,4,178,11,Sports,Low
CUST_04295,49,37561,22,7,51,22,Toys,Medium
CUST_04296,18,45026,62,1,18,3,Sports,High
CUST_04297,22,30531,61,2,97,15,Sports,High
CUST_04298,36,23419,44,2,237,41,Electronics,Low
CUST_04299,23,84373,58,7,138,39,Sports,Low
CUST_04300,25,121275,41,2,270,44,Toys,Medium
CUST_04301,29,39012,33,1,59,18,Sports,High
CUST_04302,18,24874,50,20,82,13,Clothing,High
CUST_04303,23,75942,60,3,84,53,Home & Garden,Low
CUST_04304,43,17617,56,1,106,5,Clothing,Medium
CUST_04305,19,30718,60,5,154,38,Clothing,Medium
CUST_04306,18,25640,34,6,282,65,Home & Garden,Medium
CUST_04307,27,20337,81,3,326,10,Home & Garden,Medium
CUST_04308,43,31570,43,5,289,6,Sports,Low
CUST_04309,32,23574,47,1,143,21,Clothing,Medium
CUST_04310,29,36546,23,2,70,7,Electronics,Medium
CUST_04311,35,36812,46,1,105,61,Books,Low
CUST_04312,18,26617,60,2,142,8,Books,High
CUST_04313,40,30174,65,4,98,11,Books,Low
CUST_04314,39,32356,81,2,47,65,Clothing,Medium
CUST_04315,30,54443,60,4,65,6,Toys,Medium
CUST_04316,47,33717,55,3,165,64,Home & Garden,Low
CUST_04317,21,54849,41,1,75,7,Sports,Medium
CUST_04318,48,48674,36,1,91,72,Sports,High
CUST_04319,36,48327,69,1,85,11,Books,High
CUST_04320,30,72687,69,1,48,8,Sports,Medium
CUST_04321,34,20750,28,6,79,19,Electronics,Medium
CUST_04322,33,28664,64,8,65,13,Electronics,High
CUST_04323,49,87697,63,6,55,6,Home & Garden,Low
CUST_04324,22,31931,27,5,42,12,Sports,Medium
CUST_04325,25,15000,60,1,83,37,Clothing,Medium
CUST_04326,47,32810,29,6,138,53,Sports,Medium
CUST_04327,27,38850,1,4,197,51,Clothing,Low
CUST_04328,45,15000,46,1,33,42,Toys,Medium
CUST_04329,55,70754,55,11,277,1,Books,Low
CUST_04330,30,25416,47,1,110,16,Clothing,Medium
CUST_04331,43,42799,100,3,40,5,Toys,Medium
CUST_04332,21,32435,57,3,67,2,Books,Medium
CUST_04333,44,19069,52,9,24,39,Electronics,High
CUST_04334,37,21263,58,12,28,47,Sports,Medium
CUST_04335,40,22753,41,14,300,50,Toys,High
CUST_04336,27,62494,68,4,55,66,Home & Garden,Medium
CUST_04337,18,33732,57,5,131,26,Sports,High
CUST_04338,41,27975,56,1,83,188,Books,High
CUST_04339,18,22758,37,3,91,19,Sports,High
CUST_04340,31,66043,18,11,116,64,Home & Garden,Medium
CUST_04341,46,75516,39,3,20,3,Books,Medium
CUST_04342,37,65668,55,1,226,4,Books,Medium
CUST_04343,58,46454,41,1,84,26,Home & Garden,Low
CUST_04344,47,41978,55,2,63,3,Sports,Medium
CUST_04345,27,19772,45,1,124,2,Home & Garden,Medium
CUST_04346,35,32115,58,2,54,6,Clothing,High
CUST_04347,34,25798,30,2,104,46,Electronics,High
CUST_04348,18,15000,53,1,80,78,Home & Garden,Low
CUST_04349,23,61606,37,1,148,12,Books,Medium
CUST_04350,28,25644,19,10,77,110,Clothing,High
CUST_04351,18,66037,46,5,43,49,Electronics,High
CUST_04352,35,56436,80,4,116,7,Home & Garden,High
CUST_04353,32,47971,20,4,74,26,Electronics,Low
CUST_04354,18,49337,52,2,25,120,Sports,Low
CUST_04355,39,26697,65,8,103,56,Books,Low
CUST_04356,43,91943,96,13,61,13,Home & Garden,High
CUST_04357,37,37107,40,1,114,10,Books,High
CUST_04358,31,42233,37,1,49,51,Clothing,Medium
CUST_04359,42,26251,26,5,38,23,Clothing,High
CUST_04360,43,22797,72,1,205,5,Electronics,Low
CUST_04361,38,46103,32,12,162,11,Clothing,Medium
CUST_04362,25,40487,42,5,89,32,Toys,Medium
CUST_04363,38,24472,13,2,122,4,Clothing,Medium
CUST_04364,49,17690,67,2,158,35,Home & Garden,Medium
CUST_04365,27,19245,73,5,89,37,Books,Low
CUST_04366,60,66043,66,1,38,9,Toys,Medium
CUST_04367,28,26725,17,10,111,15,Electronics,Medium
CUST_04368,35,30654,62,1,181,82,Clothing,Low
CUST_04369,26,74994,16,19,136,41,Books,High
CUST_04370,37,20721,51,1,93,46,Sports,Medium
CUST_04371,18,25248,54,6,133,21,Home & Garden,High
CUST_04372,28,24726,56,1,76,7,Clothing,Low
CUST_04373,21,81555,60,2,186,26,Clothing,Low
CUST_04374,36,98389,49,4,231,44,Clothing,High
CUST_04375,46,52880,10,1,36,1,Books,Medium
CUST_04376,42,53728,60,2,196,3,Home & Garden,Medium
CUST_04377,18,27168,51,1,430,19,Toys,Medium
CUST_04378,59,96149,31,3,130,17,Toys,Low
CUST_04379,38,41516,18,3,179,120,Home & Garden,High
CUST_04380,25,55634,80,7,57,2,Books,Low
CUST_04381,36,34449,74,1,63,11,Electronics,Low
CUST_04382,37,31760,64,1,77,50,Toys,High
CUST_04383,26,83409,36,2,67,28,Toys,Low
CUST_04384,37,47565,1,10,35,24,Home & Garden,High
CUST_04385,27,75033,65,9,79,40,Books,High
CUST_04386,30,41260,57,4,161,1,Books,Medium
CUST_04387,26,23761,42,10,36,88,Clothing,Low
CUST_04388,18,27128,72,8,102,6,Books,High
CUST_04389,36,38234,66,1,99,2,Clothing,Medium
CUST_04390,42,26549,53,1,72,12,Sports,Low
CUST_04391,41,20874,50,1,127,36,Books,High
CUST_04392,44,66218,51,1,119,7,Home & Garden,High
CUST_04393,38,27655,63,4,69,1,Clothing,High
CUST_04394,28,38913,32,4,189,1,Sports,Medium
CUST_04395,45,42111,58,4,133,8,Electronics,Low
CUST_04396,18,27063,31,1,270,4,Electronics,High
CUST_04397,24,75011,76,7,85,13,Electronics,Medium
CUST_04398,23,20773,60,2,71,5,Clothing,Medium
CUST_04399,47,41390,36,3,77,12,Books,Medium
CUST_04400,46,41071,51,28,205,17,Clothing,Medium
CUST_04401,40,35343,32,1,81,40,Electronics,Low
CUST_04402,47,18987,80,2,84,7,Books,Medium
CUST_04403,24,56129,82,5,355,19,Sports,High
CUST_04404,39,52667,63,10,35,50,Electronics,High
CUST_04405,33,25905,81,1,115,128,Home & Garden,Low
CUST_04406,45,51727,53,6,86,24,Books,Low
CUST_04407,33,43802,65,12,75,16,Clothing,High
CUST_04408,30,19143,74,2,46,29,Clothing,High
CUST_04409,41,23695,49,1,56,19,Home & Garden,Low
CUST_04410,45,64160,51,5,67,5,Toys,Low
CUST_04411,26,42391,68,1,127,18,Clothing,Medium
CUST_04412,34,27387,62,2,163,116,Home & Garden,Low
CUST_04413,22,23641,34,11,25,30,Electronics,High
CUST_04414,18,28065,6,4,38,9,Electronics,Medium
CUST_04415,37,29078,46,1,132,88,Clothing,High
CUST_04416,42,23789,8,2,140,14,Books,Medium
CUST_04417,38,15201,30,4,32,14,Toys,Medium
CUST_04418,18,64215,32,3,166,28,Clothing,High
CUST_04419,30,59001,38,5,89,25,Electronics,High
CUST_04420,18,19213,66,7,151,10,Books,Low
CUST_04421,51,38876,70,3,49,18,Home & Garden,Low
CUST_04422,21,23129,60,21,34,12,Electronics,High
CUST_04423,50,31863,62,12,72,40,Home & Garden,Medium
CUST_04424,46,30565,63,1,74,3,Toys,High
CUST_04425,24,29321,1,1,71,41,Toys,High
CUST_04426,21,98861,50,1,68,5,Sports,Medium
CUST_04427,39,29139,14,1,294,10,Books,Medium
CUST_04428,24,24242,60,1,27,12,Electronics,Low
CUST_04429,36,24802,8,2,49,139,Home & Garden,High
CUST_04430,29,61199,46,1,67,26,Home & Garden,Medium
CUST_04431,18,15898,60,1,91,45,Home & Garden,Low
CUST_04432,18,24802,27,1,148,24,Clothing,Medium
CUST_04433,37,74862,69,1,164,122,Clothing,Medium
CUST_04434,28,41027,60,3,191,5,Toys,Low
CUST_04435,28,39973,57,2,126,27,Sports,Low
CUST_04436,43,105458,63,13,26,47,Toys,Medium
CUST_04437,49,41075,42,1,28,29,Sports,Medium
CUST_04438,31,25486,53,13,200,68,Toys,High
CUST_04439,30,31538,50,1,192,27,Home & Garden,Low
CUST_04440,41,20584,49,4,140,52,Clothing,High
CUST_04441,18,68047,36,1,50,5,Toys,Medium
CUST_04442,37,48401,25,8,71,9,Books,Low
CUST_04443,41,63717,43,1,68,17,Toys,Medium
CUST_04444,43,66602,42,15,43,57,Books,High
CUST_04445,18,29522,35,1,107,16,Home & Garden,Medium
CUST_04446,25,22643,67,1,407,29,Clothing,High
CUST_04447,24,35388,26,3,63,15,Toys,Low
CUST_04448,36,23473,46,7,223,49,Books,High
CUST_04449,40,39437,73,15,48,6,Clothing,Medium
CUST_04450,52,63962,68,2,30,27,Sports,High
CUST_04451,29,33387,74,7,179,25,Home & Garden,High
CUST_04452,29,39143,38,6,77,15,Toys,Medium
CUST_04453,48,34650,65,4,219,36,Toys,Medium
CUST_04454,38,54250,28,5,252,1,Home & Garden,Low
CUST_04455,50,26006,44,1,74,55,Clothing,Medium
CUST_04456,38,15000,46,2,230,12,Clothing,Medium
CUST_04457,21,45955,38,7,48,47,Toys,Medium
CUST_04458,19,59511,42,3,48,10,Electronics,Medium
CUST_04459,18,45396,40,10,190,6,Toys,High
CUST_04460,42,26367,30,8,30,14,Books,Low
CUST_04461,49,20588,67,9,89,47,Sports,Medium
CUST_04462,57,46501,46,1,215,36,Books,Medium
CUST_04463,45,38977,54,1,226,15,Electronics,High
CUST_04464,48,34101,53,1,66,83,Clothing,High
CUST_04465,28,90330,51,20,182,15,Books,Medium
CUST_04466,21,22620,51,1,41,12,Home & Garden,Medium
CUST_04467,45,88213,43,2,56,4,Books,High
CUST_04468,40,36897,78,1,105,2,Clothing,Low
CUST_04469,36,15000,65,1,117,12,Toys,Medium
CUST_04470,39,33203,50,1,43,2,Books,Low
CUST_04471,38,58673,41,1,331,18,Electronics,High
CUST_04472,50,30256,47,2,24,58,Sports,Medium
CUST_04473,50,17371,58,17,93,19,Clothing,Medium
CUST_04474,41,33447,79,5,103,19,Home & Garden,Medium
CUST_04475,45,23656,22,6,26,8,Toys,High
CUST_04476,41,46439,63,3,227,5,Electronics,High
CUST_04477,29,53460,72,8,53,7,Clothing,Low
CUST_04478,44,21415,20,11,96,25,Home & Garden,High
CUST_04479,18,25516,46,16,113,26,Home & Garden,Medium
CUST_04480,47,53014,28,1,32,7,Clothing,Low
CUST_04481,20,23637,58,10,42,15,Toys,Medium
CUST_04482,38,21139,42,1,268,25,Electronics,High
CUST_04483,24,20143,47,2,85,42,Toys,Medium
CUST_04484,41,43304,41,2,13,11,Toys,Low
CUST_04485,34,42386,64,5,72,9,Toys,High
CUST_04486,18,25796,54,4,87,39,Toys,High
CUST_04487,40,36407,54,1,104,21,Home & Garden,Medium
CUST_04488,28,77929,53,7,22,58,Sports,Low
CUST_04489,45,22314,61,2,88,7,Electronics,Medium
CUST_04490,35,15000,44,1,50,44,Home & Garden,Low
CUST_04491,39,45594,84,2,105,5,Clothing,Medium
CUST_04492,23,34365,25,3,128,26,Clothing,Low
CUST_04493,27,25463,15,1,119,10,Toys,Medium
CUST_04494,29,50314,13,1,240,3,Electronics,Low
CUST_04495,45,55249,8,25,417,28,Home & Garden,Medium
CUST_04496,55,15000,63,10,40,21,Home & Garden,Low
CUST_04497,25,26204,61,1,68,19,Electronics,High
CUST_04498,47,115700,74,4,151,26,Toys,High
CUST_04499,18,48615,28,2,82,13,Electronics,Low
CUST_04500,20,50922,64,3,13,33,Electronics,Medium
CUST_04501,23,65280,51,3,78,4,Sports,Medium
CUST_04502,18,36626,53,1,213,37,Sports,Medium
CUST_04503,18,54086,62,1,33,26,Toys,Low
CUST_04504,39,52001,34,1,105,19,Sports,Medium
CUST_04505,32,47549,100,3,23,4,Clothing,Low
CUST_04506,39,30914,76,11,165,9,Sports,Low
CUST_04507,43,39578,39,27,106,10,Sports,High
CUST_04508,38,27060,28,14,60,7,Sports,Medium
CUST_04509,42,36548,48,21,67,92,Home & Garden,Low
CUST_04510,34,20246,53,1,31,74,Books,Low
CUST_04511,20,24457,71,6,182,23,Sports,Medium
CUST_04512,47,31534,26,1,51,6,Electronics,Medium
CUST_04513,27,22655,55,10,127,72,Sports,Low
CUST_04514,23,28211,19,8,45,41,Books,Medium
CUST_04515,32,33457,58,2,419,1,Toys,High
CUST_04516,24,44406,47,3,268,20,Toys,Medium
CUST_04517,29,58374,88,1,384,27,Clothing,Medium
CUST_04518,39,28799,19,1,417,2,Clothing,Medium
CUST_04519,39,70795,77,19,57,1,Sports,Medium
CUST_04520,24,58064,15,10,48,18,Electronics,High
CUST_04521,29,46725,23,1,371,1,Electronics,Low
CUST_04522,47,39215,16,1,81,1,Home & Garden,High
CUST_04523,40,42597,55,1,161,5,Electronics,Low
CUST_04524,59,65744,26,22,58,72,Home & Garden,Low
CUST_04525,49,66955,23,11,58,43,Home & Garden,Medium
CUST_04526,48,70790,54,4,160,17,Electronics,Low
CUST_04527,18,37073,59,5,22,19,Electronics,Medium
CUST_04528,44,47929,50,6,155,34,Home & Garden,High
CUST_04529,34,71095,46,1,129,19,Clothing,Medium
CUST_04530,28,26586,86,13,62,1,Sports,Low
CUST_04531,37,30970,52,3,91,40,Clothing,Medium
CUST_04532,46,36607,66,1,102,1,Toys,Low
CUST_04533,41,56942,52,2,106,19,Electronics,High
CUST_04534,24,57387,28,4,145,59,Books,High
CUST_04535,43,32356,60,2,50,3,Electronics,High
CUST_04536,27,17080,36,6,594,36,Home & Garden,High
CUST_04537,37,41072,48,10,77,1,Books,Medium
CUST_04538,31,22944,56,7,82,149,Books,High
CUST_04539,32,17240,11,5,351,34,Sports,Medium
CUST_04540,44,19303,17,3,25,104,Toys,Medium
CUST_04541,22,42752,68,1,348,33,Electronics,Medium
CUST_04542,58,71719,36,3,96,8,Sports,Medium
CUST_04543,18,37028,37,1,62,78,Toys,Medium
CUST_04544,27,40363,53,13,41,29,Clothing,Medium
CUST_04545,39,65607,42,11,37,25,Books,Medium
CUST_04546,42,16777,58,1,70,16,Sports,High
CUST_04547,33,47102,48,8,109,10,Clothing,Low
CUST_04548,34,36105,53,6,139,22,Electronics,High
CUST_04549,39,48195,35,18,108,13,Electronics,High
CUST_04550,32,28517,53,3,62,57,Home & Garden,Medium
CUST_04551,51,24125,72,6,229,1,Clothing,Low
CUST_04552,45,38958,38,3,585,22,Clothing,Medium
CUST_04553,45,82834,68,1,256,54,Sports,Low
CUST_04554,23,55851,48,1,70,1,Toys,Low
CUST_04555,34,28173,64,1,127,9,Books,Medium
CUST_04556,31,18573,52,1,133,1,Toys,Medium
CUST_04557,22,15661,49,1,276,27,Toys,Low
CUST_04558,39,70126,56,6,71,11,Books,Low
CUST_04559,28,22526,74,6,45,96,Home & Garden,Medium
CUST_04560,42,30860,54,17,199,28,Toys,Medium
CUST_04561,22,70305,59,1,119,24,Home & Garden,Low
CUST_04562,55,16204,42,13,41,74,Home & Garden,Low
CUST_04563,24,76583,81,4,147,7,Clothing,Low
CUST_04564,37,31990,62,3,325,24,Electronics,High
CUST_04565,44,20449,51,5,55,23,Electronics,Medium
CUST_04566,28,32090,47,6,48,2,Sports,High
CUST_04567,45,25303,69,1,91,80,Books,Medium
CUST_04568,20,45270,37,6,144,36,Books,High
CUST_04569,52,26263,14,6,85,65,Sports,Medium
CUST_04570,35,15000,51,30,199,121,Clothing,Medium
CUST_04571,27,32523,73,12,108,19,Electronics,Medium
CUST_04572,31,18429,81,5,182,48,Home & Garden,Low
CUST_04573,44,40221,47,6,54,25,Electronics,Low
CUST_04574,27,20059,50,14,38,113,Sports,Low
CUST_04575,26,28452,60,17,70,8,Electronics,Medium
CUST_04576,32,39786,44,8,35,1,Home & Garden,Medium
CUST_04577,20,32655,60,7,119,6,Toys,Medium
CUST_04578,56,41159,48,1,21,4,Toys,High
CUST_04579,28,51028,70,8,65,17,Books,High
CUST_04580,44,20354,64,1,73,2,Sports,High
CUST_04581,37,35164,66,4,43,7,Clothing,Medium
CUST_04582,23,15000,45,2,72,3,Electronics,Medium
CUST_04583,34,41096,88,2,90,20,Electronics,Medium
CUST_04584,44,31244,59,1,218,9,Clothing,Medium
CUST_04585,32,22209,54,9,43,19,Clothing,Medium
CUST_04586,49,42525,34,7,115,2,Toys,Medium
CUST_04587,47,65273,48,3,132,21,Home & Garden,Low
CUST_04588,46,28623,52,5,88,4,Electronics,Medium
CUST_04589,29,22642,34,20,63,3,Sports,Medium
CUST_04590,22,39439,44,2,40,11,Electronics,Medium
CUST_04591,27,18623,46,4,340,62,Home & Garden,Low
CUST_04592,37,26103,51,3,94,46,Sports,Low
CUST_04593,41,66916,14,13,72,95,Sports,Medium
CUST_04594,18,37462,47,2,397,18,Sports,Low
CUST_04595,34,15000,42,21,105,11,Toys,High
CUST_04596,36,15000,49,1,534,106,Home & Garden,High
CUST_04597,31,39381,70,1,33,14,Electronics,Medium
CUST_04598,50,55893,91,1,76,1,Toys,High
CUST_04599,40,16174,63,2,34,51,Books,Medium
CUST_04600,50,45472,25,5,82,5,Sports,Medium
CUST_04601,32,70627,43,3,82,37,Clothing,Medium
CUST_04602,46,93333,61,2,65,1,Home & Garden,High
CUST_04603,54,42856,59,4,93,3,Sports,High
CUST_04604,50,46788,69,9,67,19,Home & Garden,High
CUST_04605,21,15000,48,9,83,2,Clothing,Medium
CUST_04606,31,103764,42,6,53,65,Sports,Medium
CUST_04607,30,27234,85,15,247,41,Electronics,Medium
CUST_04608,40,22771,51,4,41,11,Home & Garden,Medium
CUST_04609,43,31965,29,1,104,27,Sports,Low
CUST_04610,24,77329,79,1,39,37,Sports,Low
CUST_04611,35,109537,20,1,50,42,Home & Garden,Medium
CUST_04612,18,38665,1,3,54,15,Clothing,High
CUST_04613,52,59816,65,11,82,68,Home & Garden,High
CUST_04614,28,37108,68,9,101,85,Books,Medium
CUST_04615,35,21614,58,1,41,6,Electronics,Low
CUST_04616,31,75991,23,3,67,72,Clothing,High
CUST_04617,48,26607,48,5,44,37,Toys,High
CUST_04618,18,78257,44,21,43,65,Toys,Low
CUST_04619,34,69513,39,1,199,16,Electronics,High
CUST_04620,33,49366,78,3,33,32,Electronics,Medium
CUST_04621,29,90625,29,22,94,8,Toys,High
CUST_04622,55,110876,56,18,295,41,Home & Garden,Low
CUST_04623,24,33268,73,2,209,26,Books,High
CUST_04624,44,24236,57,1,121,19,Sports,High
CUST_04625,39,15000,74,4,88,35,Books,Low
CUST_04626,50,111562,61,10,150,24,Clothing,Medium
CUST_04627,26,29148,58,1,116,43,Books,High
CUST_04628,26,64056,57,13,243,58,Electronics,Low
CUST_04629,48,25068,62,2,81,48,Sports,Medium
CUST_04630,40,78365,42,4,181,11,Books,Medium
CUST_04631,18,25589,23,6,71,112,Sports,Medium
CUST_04632,28,20013,69,2,338,31,Books,Medium
CUST_04633,39,32720,73,2,80,11,Toys,Medium
CUST_04634,45,27836,55,3,28,1,Sports,Low
CUST_04635,26,48930,39,9,95,132,Books,Low
CUST_04636,18,35394,18,1,153,27,Clothing,Medium
CUST_04637,41,49704,51,4,281,7,Sports,Low
CUST_04638,20,31397,23,5,44,20,Home & Garden,Medium
CUST_04639,18,26041,20,4,26,15,Electronics,Medium
CUST_04640,18,27125,49,13,127,90,Sports,High
CUST_04641,44,100958,34,4,124,20,Toys,Low
CUST_04642,36,40643,56,5,33,19,Electronics,High
CUST_04643,32,15000,46,4,71,47,Books,Medium
CUST_04644,51,27998,37,6,73,14,Books,Medium
CUST_04645,42,38117,15,1,160,6,Books,Low
CUST_04646,54,91372,32,11,67,43,Books,Medium
CUST_04647,18,60739,33,1,66,72,Toys,High
CUST_04648,34,22905,25,5,97,1,Books,Low
CUST_04649,18,121683,43,4,34,58,Clothing,High
CUST_04650,32,35754,27,1,340,17,Electronics,Medium
CUST_04651,32,67721,46,1,173,10,Sports,High
CUST_04652,42,20383,54,1,55,1,Clothing,High
CUST_04653,35,15000,33,1,41,6,Clothing,Low
CUST_04654,42,17957,58,10,43,12,Clothing,Medium
CUST_04655,43,15000,22,9,135,2,Clothing,Low
CUST_04656,60,104406,27,1,44,6,Clothing,Low
CUST_04657,31,40427,47,1,75,40,Electronics,Medium
CUST_04658,23,22872,63,11,27,34,Sports,Low
CUST_04659,37,45538,67,1,131,44,Electronics,Medium
CUST_04660,25,39921,82,27,134,5,Toys,Medium
CUST_04661,52,49536,42,1,79,1,Sports,Medium
CUST_04662,31,66487,47,6,103,18,Clothing,Medium
CUST_04663,28,31414,29,2,157,12,Toys,High
CUST_04664,29,23390,24,1,101,44,Clothing,High
CUST_04665,43,54933,54,1,155,23,Books,Medium
CUST_04666,33,54239,34,5,39,80,Home & Garden,Low
CUST_04667,27,38191,74,2,117,1,Home & Garden,Medium
CUST_04668,54,107880,20,4,103,13,Toys,Medium
CUST_04669,24,29175,59,1,208,15,Electronics,Low
CUST_04670,35,23157,29,2,91,4,Electronics,Medium
CUST_04671,42,44758,33,3,84,26,Sports,Low
CUST_04672,18,25913,60,2,60,1,Books,Medium
CUST_04673,40,46525,36,1,255,37,Sports,High
CUST_04674,22,23944,39,3,17,1,Books,High
CUST_04675,44,29729,33,5,128,62,Home & Garden,High
CUST_04676,23,93472,85,16,88,2,Home & Garden,Low
CUST_04677,43,29649,37,7,79,18,Books,Low
CUST_04678,48,24356,51,1,71,5,Sports,Low
CUST_04679,45,65208,45,1,86,4,Electronics,Medium
CUST_04680,38,21471,54,1,125,38,Toys,Low
CUST_04681,32,25681,37,1,51,44,Books,High
CUST_04682,28,48449,45,1,98,40,Books,Low
CUST_04683,52,58058,57,1,115,15,Books,Medium
CUST_04684,26,66852,32,1,46,140,Sports,High
CUST_04685,22,24993,71,1,128,12,Electronics,High
CUST_04686,42,48923,73,1,115,8,Sports,Medium
CUST_04687,25,28765,62,1,51,169,Clothing,Medium
CUST_04688,23,26827,51,1,39,113,Clothing,Medium
CUST_04689,18,66277,1,5,50,26,Books,Medium
CUST_04690,29,27590,58,1,98,7,Books,Medium
CUST_04691,34,41735,42,1,85,8,Books,High
CUST_04692,37,39253,45,1,238,22,Electronics,Medium
CUST_04693,46,21260,12,3,69,44,Electronics,Medium
CUST_04694,41,58867,59,9,48,2,Books,Low
CUST_04695,32,48056,21,1,142,34,Electronics,Low
CUST_04696,32,15000,52,3,45,3,Home & Garden,Medium
CUST_04697,41,41718,68,5,51,55,Books,Medium
CUST_04698,50,24674,40,4,52,22,Home & Garden,Medium
CUST_04699,36,62851,74,10,11,137,Sports,High
CUST_04700,29,17628,35,10,133,41,Home & Garden,High
CUST_04701,23,30386,62,1,173,20,Sports,Low
CUST_04702,18,43521,23,2,171,4,Toys,High
CUST_04703,42,37315,70,5,336,23,Sports,Medium
CUST_04704,41,53182,67,15,258,3,Books,High
CUST_04705,41,16996,59,8,71,70,Books,High
CUST_04706,33,82947,42,1,195,7,Sports,Medium
CUST_04707,51,47219,21,1,84,60,Electronics,Low
CUST_04708,29,71672,42,7,66,10,Clothing,Medium
CUST_04709,46,56225,72,3,53,7,Home & Garden,Low
CUST_04710,34,36105,52,3,74,10,Sports,Medium
CUST_04711,27,19108,18,4,113,36,Clothing,Low
CUST_04712,42,27397,27,1,272,22,Books,High
CUST_04713,39,80400,75,9,149,3,Books,Medium
CUST_04714,39,72599,59,9,52,4,Toys,High
CUST_04715,35,26640,25,3,43,14,Toys,High
CUST_04716,34,15000,14,4,134,12,Sports,High
CUST_04717,63,32651,37,5,169,57,Electronics,Medium
CUST_04718,49,31449,12,1,212,25,Sports,Medium
CUST_04719,43,32051,46,1,74,6,Home & Garden,Medium
CUST_04720,36,47300,99,1,125,1,Toys,High
CUST_04721,47,56280,18,12,163,3,Clothing,Medium
CUST_04722,41,59584,46,2,34,36,Electronics,Low
CUST_04723,35,45381,76,1,109,56,Toys,Low
CUST_04724,31,15000,64,3,169,45,Sports,Medium
CUST_04725,34,30619,47,1,128,46,Home & Garden,High
CUST_04726,18,114926,47,1,85,9,Home & Garden,Low
CUST_04727,37,43787,26,3,559,135,Electronics,Medium
CUST_04728,29,43647,44,3,347,2,Home & Garden,Low
CUST_04729,54,43466,54,4,90,51,Home & Garden,High
CUST_04730,35,44698,72,5,78,3,Home & Garden,High
CUST_04731,20,15000,37,5,146,9,Home & Garden,Medium
CUST_04732,34,32216,46,2,86,20,Sports,Medium
CUST_04733,22,35633,31,5,219,1,Toys,Low
CUST_04734,40,68923,54,1,37,15,Toys,Medium
CUST_04735,38,37191,65,2,76,12,Electronics,High
CUST_04736,46,15942,62,2,145,31,Clothing,Low
CUST_04737,25,45028,26,1,181,37,Clothing,High
CUST_04738,35,24296,52,1,31,2,Home & Garden,Low
CUST_04739,18,19763,36,1,46,1,Toys,Medium
CUST_04740,43,23930,70,3,27,44,Sports,High
CUST_04741,41,47631,46,3,48,22,Home & Garden,Medium
CUST_04742,40,68144,19,2,36,22,Home & Garden,High
CUST_04743,35,46233,45,18,131,118,Toys,Low
CUST_04744,39,49812,59,4,105,17,Sports,Medium
CUST_04745,54,46005,54,10,80,6,Books,High
CUST_04746,31,38202,39,4,91,34,Toys,High
CUST_04747,36,51455,38,1,207,50,Electronics,Medium
CUST_04748,21,15000,30,18,43,20,Clothing,High
CUST_04749,24,38389,42,10,23,35,Sports,Medium
CUST_04750,36,21537,32,3,148,21,Clothing,High
CUST_04751,48,64955,69,1,68,15,Sports,Low
CUST_04752,31,33739,31,1,44,1,Toys,Low
CUST_04753,32,36881,52,8,132,5,Sports,High
CUST_04754,30,17110,51,1,22,19,Books,Medium
CUST_04755,28,60380,68,5,49,15,Home & Garden,Medium
CUST_04756,38,49695,71,5,16,55,Electronics,Low
CUST_04757,18,47976,63,1,107,3,Books,Medium
CUST_04758,50,24185,57,6,270,1,Clothing,Low
CUST_04759,27,24665,29,6,60,2,Electronics,Low
CUST_04760,43,40611,28,2,51,34,Home & Garden,Low
CUST_04761,19,25661,33,3,313,27,Toys,High
CUST_04762,43,45136,65,8,139,30,Books,Low
CUST_04763,43,15000,51,3,476,5,Sports,Low
CUST_04764,39,28459,67,4,100,21,Clothing,Medium
CUST_04765,23,89176,70,2,105,43,Books,Medium
CUST_04766,37,45240,35,1,247,34,Books,High
CUST_04767,20,39473,50,31,81,17,Electronics,Medium
CUST_04768,31,97989,49,3,107,3,Clothing,Low
CUST_04769,47,15000,43,2,16,61,Clothing,Medium
CUST_04770,44,24157,39,6,303,22,Clothing,Low
CUST_04771,35,29715,73,4,118,66,Electronics,Low
CUST_04772,23,55780,51,1,83,17,Clothing,High
CUST_04773,42,56265,50,10,169,8,Electronics,High
CUST_04774,35,23552,33,1,39,11,Sports,High
CUST_04775,18,59812,63,4,61,16,Electronics,Low
CUST_04776,44,29683,29,3,132,28,Home & Garden,Medium
CUST_04777,34,66557,59,1,92,43,Toys,Medium
CUST_04778,49,21669,59,8,123,8,Clothing,Low
CUST_04779,21,34144,41,5,107,6,Home & Garden,High
CUST_04780,18,28421,56,7,139,6,Home & Garden,Low
CUST_04781,38,61575,53,2,35,81,Sports,Medium
CUST_04782,38,27962,49,14,220,5,Books,Medium
CUST_04783,18,35552,50,2,64,12,Sports,High
CUST_04784,23,46789,51,3,93,19,Toys,Medium
CUST_04785,68,47697,52,13,59,24,Electronics,Low
CUST_04786,31,56583,51,1,73,58,Toys,High
CUST_04787,43,40358,27,1,105,3,Electronics,Low
CUST_04788,27,29462,46,25,150,3,Clothing,High
CUST_04789,18,30489,55,17,169,11,Home & Garden,Low
CUST_04790,32,36784,51,7,121,15,Sports,High
CUST_04791,31,41142,69,3,59,14,Books,High
CUST_04792,30,33739,62,3,116,14,Sports,High
CUST_04793,33,36665,32,1,106,57,Clothing,Medium
CUST_04794,38,17006,46,2,93,54,Sports,Low
CUST_04795,33,50699,43,2,130,49,Books,Low
CUST_04796,19,39757,49,1,36,42,Books,Medium
CUST_04797,40,59930,49,3,21,1,Home & Garden,Low
CUST_04798,18,36318,62,3,207,4,Home & Garden,Low
CUST_04799,18,15226,53,5,82,39,Clothing,Low
CUST_04800,43,30356,74,3,120,27,Home & Garden,Low
CUST_04801,41,32860,54,9,49,33,Toys,High
CUST_04802,34,52651,33,2,217,37,Toys,Low
CUST_04803,18,15000,40,2,115,72,Electronics,High
CUST_04804,26,37070,62,4,79,30,Home & Garden,Low
CUST_04805,31,46949,17,1,109,9,Electronics,Medium
CUST_04806,18,26088,23,2,26,2,Sports,Low
CUST_04807,26,37696,50,5,116,16,Electronics,Medium
CUST_04808,42,26541,69,2,254,37,Clothing,Low
CUST_04809,52,25215,76,11,112,9,Books,Low
CUST_04810,29,29607,45,4,102,3,Clothing,Low
CUST_04811,44,25454,71,1,72,200,Clothing,Medium
CUST_04812,18,51113,51,3,192,16,Toys,Medium
CUST_04813,42,25147,19,7,213,7,Clothing,Medium
CUST_04814,25,23122,49,5,66,5,Toys,High
CUST_04815,38,87900,37,10,115,59,Clothing,Low
CUST_04816,32,58710,68,6,105,51,Home & Garden,Low
CUST_04817,50,15000,49,1,119,28,Toys,Medium
CUST_04818,24,24775,24,1,52,23,Sports,Low
CUST_04819,42,40996,20,5,200,90,Books,Low
CUST_04820,31,42696,49,1,133,7,Electronics,Medium
CUST_04821,33,17235,1,4,208,16,Toys,Medium
CUST_04822,32,64814,39,7,41,1,Electronics,Low
CUST_04823,24,54863,54,4,42,16,Sports,High
CUST_04824,34,46209,28,2,380,14,Clothing,Medium
CUST_04825,34,71565,69,5,200,89,Toys,High
CUST_04826,37,45530,73,1,50,13,Clothing,Medium
CUST_04827,36,45446,29,6,165,54,Books,High
CUST_04828,44,79129,44,5,64,43,Electronics,High
CUST_04829,46,62982,69,3,27,4,Clothing,Medium
CUST_04830,22,23843,49,1,20,98,Home & Garden,High
CUST_04831,45,49841,22,7,88,29,Books,Medium
CUST_04832,20,26052,47,3,268,27,Home & Garden,Medium
CUST_04833,42,46726,32,1,261,1,Toys,High
CUST_04834,42,46087,72,12,217,36,Toys,Low
CUST_04835,18,18183,62,7,160,1,Toys,High
CUST_04836,36,34169,43,4,112,6,Home & Garden,Low
CUST_04837,29,41465,52,2,201,3,Sports,Medium
CUST_04838,25,29197,23,16,22,14,Sports,High
CUST_04839,51,42504,34,7,179,47,Home & Garden,Medium
CUST_04840,27,54336,81,3,41,36,Sports,Medium
CUST_04841,25,35764,51,5,47,3,Home & Garden,Medium
CUST_04842,35,40631,68,1,146,48,Clothing,High
CUST_04843,43,72526,54,1,172,18,Sports,Medium
CUST_04844,33,46009,76,1,58,1,Home & Garden,Low
CUST_04845,48,40151,10,1,141,7,Toys,Medium
CUST_04846,41,22493,46,6,133,46,Books,Medium
CUST_04847,18,50792,82,1,72,39,Books,Medium
CUST_04848,28,42833,69,7,100,6,Sports,High
CUST_04849,28,69000,76,3,386,1,Books,Low
CUST_04850,40,37176,49,2,73,10,Electronics,Medium
CUST_04851,18,15000,39,1,75,47,Electronics,Low
CUST_04852,65,15520,29,3,99,83,Books,Medium
CUST_04853,41,52461,28,1,79,25,Toys,Medium
CUST_04854,36,27307,66,2,156,2,Home & Garden,Medium
CUST_04855,49,45178,60,6,251,20,Books,Medium
CUST_04856,63,38450,48,4,75,201,Toys,Medium
CUST_04857,45,33408,60,6,49,83,Books,Low
CUST_04858,46,34607,52,6,358,149,Books,High
CUST_04859,36,23559,69,8,97,36,Home & Garden,Medium
CUST_04860,33,36030,69,1,27,16,Home & Garden,Medium
CUST_04861,29,27112,28,26,331,67,Toys,Low
CUST_04862,25,30147,55,3,198,67,Electronics,Medium
CUST_04863,26,30889,16,6,276,4,Sports,Medium
CUST_04864,18,32423,52,5,245,44,Electronics,Low
CUST_04865,34,57588,62,4,573,75,Home & Garden,High
CUST_04866,18,34033,23,27,43,68,Home & Garden,High
CUST_04867,37,60587,41,1,51,36,Toys,Medium
CUST_04868,34,78348,50,2,63,23,Home & Garden,Low
CUST_04869,36,55685,54,1,62,44,Home & Garden,High
CUST_04870,28,47440,44,1,98,21,Home & Garden,Low
CUST_04871,71,42762,26,6,63,11,Toys,Low
CUST_04872,51,55976,48,1,39,8,Toys,Medium
CUST_04873,20,37974,16,11,48,23,Toys,Low
CUST_04874,37,59413,45,5,73,18,Home & Garden,Medium
CUST_04875,27,49367,41,2,200,22,Clothing,Medium
CUST_04876,22,30335,47,2,60,9,Clothing,Medium
CUST_04877,18,56836,38,1,158,26,Books,Low
CUST_04878,40,38015,19,12,35,32,Clothing,High
CUST_04879,26,34438,42,6,10,49,Electronics,Low
CUST_04880,46,28621,68,2,82,26,Books,High
CUST_04881,46,39458,75,1,58,42,Sports,High
CUST_04882,51,59768,98,1,48,5,Toys,Medium
CUST_04883,24,56639,83,1,44,3,Home & Garden,High
CUST_04884,40,43334,26,7,54,5,Toys,Low
CUST_04885,42,49012,41,6,45,56,Clothing,Low
CUST_04886,29,68586,49,3,48,24,Toys,Low
CUST_04887,25,33692,48,10,34,18,Electronics,Medium
CUST_04888,54,20791,51,1,20,43,Toys,Low
CUST_04889,37,69603,98,3,19,3,Sports,Medium
CUST_04890,42,27864,28,6,504,1,Home & Garden,Low
CUST_04891,25,25715,35,1,86,11,Home & Garden,High
CUST_04892,20,15000,82,2,261,8,Sports,Medium
CUST_04893,28,48321,37,4,79,11,Sports,Medium
CUST_04894,33,16143,57,2,81,108,Sports,High
CUST_04895,22,24956,70,3,111,25,Toys,High
CUST_04896,34,48733,59,4,140,26,Electronics,High
CUST_04897,18,52102,53,2,37,31,Books,High
CUST_04898,21,26216,68,1,69,15,Toys,Medium
CUST_04899,43,33959,32,1,111,115,Books,Medium
CUST_04900,42,23475,40,3,23,108,Clothing,Medium
CUST_04901,30,27606,60,1,223,43,Home & Garden,Medium
CUST_04902,22,41485,8,11,189,7,Toys,Low
CUST_04903,22,28259,78,8,20,63,Toys,High
CUST_04904,30,32141,56,2,48,3,Clothing,High
CUST_04905,42,17459,53,8,96,29,Toys,Low
CUST_04906,46,63989,17,3,162,18,Books,Low
CUST_04907,29,46865,24,1,261,1,Toys,Low
CUST_04908,21,53984,42,4,57,70,Sports,High
CUST_04909,38,69231,66,5,462,97,Toys,Low
CUST_04910,25,24038,8,1,86,71,Home & Garden,Medium
CUST_04911,28,30357,65,1,76,6,Books,Low
CUST_04912,50,15000,42,1,133,12,Home & Garden,Medium
CUST_04913,44,174592,45,1,111,93,Clothing,Medium
CUST_04914,36,33698,55,2,107,3,Toys,Medium
CUST_04915,19,61044,55,4,364,26,Books,Medium
CUST_04916,37,19553,35,1,107,19,Clothing,High
CUST_04917,47,59766,62,1,45,4,Home & Garden,Medium
CUST_04918,30,91931,3,1,50,65,Electronics,High
CUST_04919,51,35237,40,8,252,4,Sports,High
CUST_04920,50,21906,53,2,145,26,Clothing,Low
CUST_04921,54,33880,43,2,30,11,Toys,Low
CUST_04922,38,15000,13,3,29,16,Home & Garden,Medium
CUST_04923,42,35634,65,6,91,7,Toys,Low
CUST_04924,51,54747,25,3,138,29,Books,Medium
CUST_04925,40,35671,48,1,56,134,Clothing,Medium
CUST_04926,28,31505,53,1,27,53,Toys,Low
CUST_04927,29,47277,50,1,40,34,Home & Garden,Medium
CUST_04928,37,49119,73,3,284,42,Toys,Low
CUST_04929,19,15836,48,1,127,54,Electronics,Low
CUST_04930,33,37964,58,1,181,19,Clothing,High
CUST_04931,48,122760,48,4,203,25,Home & Garden,Low
CUST_04932,18,18629,62,2,58,67,Clothing,Medium
CUST_04933,53,34797,77,6,69,35,Toys,Medium
CUST_04934,48,95881,52,2,80,4,Home & Garden,Low
CUST_04935,29,63075,65,19,120,45,Sports,Low
CUST_04936,41,28093,79,16,192,1,Home & Garden,Medium
CUST_04937,35,40258,77,8,333,56,Home & Garden,Medium
CUST_04938,49,36277,42,15,159,46,Home & Garden,Medium
CUST_04939,46,24983,70,1,159,53,Books,High
CUST_04940,18,34991,54,6,346,1,Home & Garden,Low
CUST_04941,42,31571,72,1,77,107,Sports,Low
CUST_04942,32,38421,61,6,206,28,Electronics,Medium
CUST_04943,35,24979,55,2,134,48,Sports,High
CUST_04944,26,19181,58,1,138,25,Electronics,Medium
CUST_04945,55,35573,55,15,77,12,Toys,Medium
CUST_04946,47,85610,55,1,33,10,Books,Medium
CUST_04947,26,37839,46,7,114,2,Books,Medium
CUST_04948,18,30767,44,5,114,23,Books,Medium
CUST_04949,30,52946,85,1,60,4,Electronics,High
CUST_04950,40,33551,59,3,84,25,Sports,Low
CUST_04951,37,92412,38,1,48,29,Clothing,Medium
CUST_04952,50,36244,44,12,48,17,Books,High
CUST_04953,44,51546,71,17,64,5,Electronics,High
CUST_04954,46,24901,35,6,35,17,Toys,High
CUST_04955,38,46702,20,9,59,63,Sports,Medium
CUST_04956,18,41670,21,1,148,18,Books,Medium
CUST_04957,32,35303,15,2,249,12,Home & Garden,Medium
CUST_04958,47,28257,24,2,384,29,Sports,High
CUST_04959,34,26396,26,4,68,28,Electronics,Low
CUST_04960,41,41821,77,1,208,2,Clothing,Low
CUST_04961,31,49735,49,4,113,8,Clothing,High
CUST_04962,22,34078,42,5,76,20,Clothing,Low
CUST_04963,33,41924,21,1,119,13,Home & Garden,Low
CUST_04964,38,35633,47,1,194,11,Sports,High
CUST_04965,27,38149,15,1,63,17,Books,Low
CUST_04966,32,32852,42,7,62,10,Sports,Low
CUST_04967,23,36643,91,2,67,12,Clothing,High
CUST_04968,48,139947,63,1,58,44,Home & Garden,Medium
CUST_04969,31,42438,45,7,208,21,Toys,Medium
CUST_04970,52,50143,63,1,52,61,Clothing,Medium
CUST_04971,53,45207,39,2,59,89,Electronics,High
CUST_04972,34,31843,33,6,111,76,Sports,Low
CUST_04973,22,69355,84,4,105,8,Home & Garden,Low
CUST_04974,18,31395,27,4,67,19,Toys,Medium
CUST_04975,18,61545,42,1,292,22,Clothing,Medium
CUST_04976,18,30726,56,1,57,57,Home & Garden,Low
CUST_04977,51,22471,31,4,79,24,Toys,Medium
CUST_04978,36,43595,63,1,23,8,Electronics,High
CUST_04979,39,20903,43,10,72,23,Electronics,Low
CUST_04980,18,47468,63,2,35,1,Sports,Low
CUST_04981,20,19988,61,2,47,53,Home & Garden,Low
CUST_04982,45,30961,45,1,22,25,Clothing,Medium
CUST_04983,38,17749,84,10,48,31,Clothing,Low
CUST_04984,33,149056,36,5,85,6,Books,Medium
CUST_04985,41,15883,76,2,75,24,Clothing,High
CUST_04986,54,36494,73,4,67,22,Sports,Low
CUST_04987,32,64321,85,2,71,28,Electronics,Medium
CUST_04988,35,60973,53,3,63,56,Clothing,Medium
CUST_04989,37,55585,34,2,87,43,Books,Medium
CUST_04990,63,30988,91,2,83,23,Sports,High
CUST_04991,18,71363,43,1,109,67,Toys,Low
CUST_04992,43,57336,33,1,78,13,Sports,High
CUST_04993,33,40382,46,1,66,20,Sports,High
CUST_04994,41,40957,30,1,155,31,Sports,Medium
CUST_04995,27,31195,60,1,137,17,Sports,High
CUST_04996,34,23044,37,11,87,13,Sports,Medium
CUST_04997,43,67411,44,4,207,3,Electronics,Medium
CUST_04998,72,69989,69,15,95,30,Electronics,Medium
CUST_04999,44,23340,62,2,80,6,Books,Low
CUST_05000,24,33627,50,2,85,4,Clothing,Low
CUST_05001,29,33802,53,6,101,6,Toys,Medium
CUST_05002,29,35727,50,4,47,34,Home & Garden,High
CUST_05003,18,37501,41,3,24,4,Electronics,Low
CUST_05004,31,58304,49,4,109,112,Home & Garden,High
CUST_05005,43,24994,59,4,161,42,Books,High
CUST_05006,19,23785,47,7,44,14,Clothing,Medium
CUST_05007,47,67393,58,5,190,26,Electronics,Medium
CUST_05008,40,28815,33,15,28,1,Toys,Medium
CUST_05009,26,19312,37,14,60,55,Electronics,High
CUST_05010,33,28493,35,2,297,9,Toys,Low
CUST_05011,54,30790,38,1,115,2,Toys,Medium
CUST_05012,43,79021,75,1,72,42,Clothing,Low
CUST_05013,35,57665,64,1,107,11,Clothing,High
CUST_05014,32,64457,28,1,207,25,Toys,Low
CUST_05015,35,54720,58,2,32,55,Home & Garden,High
CUST_05016,28,58286,42,1,226,44,Home & Garden,Medium
CUST_05017,18,25744,36,4,63,12,Clothing,High
CUST_05018,59,32882,20,1,147,60,Electronics,High
CUST_05019,36,22137,69,3,58,14,Sports,Medium
CUST_05020,39,32687,22,1,292,20,Books,Low
CUST_05021,34,51126,48,8,88,28,Books,Medium
CUST_05022,26,38843,31,7,35,2,Home & Garden,High
CUST_05023,32,69964,65,2,125,27,Clothing,High
CUST_05024,18,20522,43,12,223,25,Electronics,High
CUST_05025,62,46635,47,1,206,62,Electronics,Medium
CUST_05026,20,19454,47,8,96,13,Home & Garden,Medium
CUST_05027,22,38066,56,3,158,8,Home & Garden,Medium
CUST_05028,29,52583,50,1,67,19,Sports,Low
CUST_05029,50,32622,49,1,136,34,Toys,Medium
CUST_05030,35,47837,39,1,116,24,Books,Medium
CUST_05031,20,22474,18,9,11,4,Books,High
CUST_05032,50,15806,27,4,44,12,Books,High
CUST_05033,43,47978,64,1,104,1,Home & Garden,Low
CUST_05034,41,86855,43,3,101,40,Sports,Medium
CUST_05035,43,22070,36,1,88,64,Toys,High
CUST_05036,63,66909,21,1,95,1,Clothing,Medium
CUST_05037,61,37112,15,11,209,22,Home & Garden,Low
CUST_05038,26,18623,35,3,115,25,Sports,Low
CUST_05039,54,20624,67,2,17,17,Home & Garden,Medium
CUST_05040,39,36603,38,14,351,20,Clothing,Medium
CUST_05041,40,29666,58,2,23,37,Clothing,Low
CUST_05042,18,18836,37,2,176,19,Sports,Medium
CUST_05043,32,15568,62,1,30,75,Electronics,Low
CUST_05044,25,23780,42,4,243,23,Clothing,Medium
CUST_05045,44,40010,25,4,74,2,Clothing,Medium
CUST_05046,47,36199,44,1,117,91,Toys,Medium
CUST_05047,18,28265,86,5,22,4,Clothing,High
CUST_05048,34,40172,85,7,150,46,Clothing,Low
CUST_05049,48,61084,59,4,120,22,Toys,Low
CUST_05050,32,44225,47,10,138,40,Electronics,Medium
CUST_05051,43,34178,56,1,174,21,Books,High
CUST_05052,39,57759,56,1,101,1,Books,Medium
CUST_05053,39,22473,49,5,77,14,Clothing,High
CUST_05054,31,32452,58,1,51,29,Electronics,High
CUST_05055,20,32841,54,1,66,29,Home & Garden,High
CUST_05056,21,19565,43,1,209,108,Toys,High
CUST_05057,43,29438,26,7,50,27,Toys,High
CUST_05058,35,15000,40,1,24,10,Electronics,High
CUST_05059,33,94474,65,1,45,1,Sports,Medium
CUST_05060,29,22726,49,1,137,46,Toys,Medium
CUST_05061,31,80262,56,7,72,66,Home & Garden,High
CUST_05062,47,37013,44,3,137,28,Books,Low
CUST_05063,30,48167,28,1,22,19,Books,High
CUST_05064,18,28441,45,6,11,59,Electronics,Medium
CUST_05065,43,40294,29,6,108,8,Books,Low
CUST_05066,32,50274,28,3,181,15,Electronics,High
CUST_05067,35,50628,74,1,27,21,Toys,Medium
CUST_05068,54,53497,41,4,130,1,Electronics,High
CUST_05069,34,30207,35,13,207,34,Toys,Low
CUST_05070,38,28561,82,1,89,6,Electronics,High
CUST_05071,20,16365,66,1,169,12,Electronics,Medium
CUST_05072,32,47174,42,1,102,16,Toys,Low
CUST_05073,42,62391,58,4,74,30,Electronics,Low
CUST_05074,18,81470,45,5,159,2,Sports,Medium
CUST_05075,37,42301,36,1,343,12,Sports,High
CUST_05076,36,24754,59,1,60,9,Sports,Medium
CUST_05077,35,15544,43,13,84,1,Electronics,Medium
CUST_05078,47,61134,51,7,44,35,Books,High
CUST_05079,39,15000,70,13,100,8,Home & Garden,High
CUST_05080,52,30628,68,8,80,5,Sports,High
CUST_05081,23,32462,38,2,202,47,Toys,High
CUST_05082,36,35076,59,1,243,1,Clothing,Low
CUST_05083,36,36971,27,4,156,69,Clothing,Medium
CUST_05084,22,38912,59,2,187,34,Toys,High
CUST_05085,46,15000,52,2,54,5,Toys,Medium
CUST_05086,62,36582,57,2,46,12,Toys,Medium
CUST_05087,34,15000,44,13,122,89,Electronics,Medium
CUST_05088,41,52371,91,1,91,28,Home & Garden,Medium
CUST_05089,36,27513,31,1,364,28,Sports,High
CUST_05090,26,15000,69,4,23,31,Toys,Low
CUST_05091,18,24170,29,10,138,18,Electronics,Medium
CUST_05092,26,27308,60,12,137,5,Toys,Medium
CUST_05093,18,65864,61,4,52,4,Books,High
CUST_05094,55,40067,51,1,45,34,Home & Garden,Medium
CUST_05095,33,43140,40,2,70,64,Books,Low
CUST_05096,30,65552,52,12,28,10,Books,Medium
CUST_05097,45,34611,55,3,249,20,Toys,High
CUST_05098,21,52949,85,6,596,145,Clothing,Low
CUST_05099,25,51119,32,1,70,8,Sports,Low
CUST_05100,35,19087,38,1,57,14,Electronics,Low
CUST_05101,47,75848,55,4,35,13,Books,Low
CUST_05102,41,17851,44,9,41,1,Toys,High
CUST_05103,37,57450,47,23,59,21,Books,Medium
CUST_05104,35,17008,71,9,209,7,Electronics,Medium
CUST_05105,39,49051,1,4,841,4,Home & Garden,Low
CUST_05106,37,92130,38,4,54,37,Electronics,High
CUST_05107,22,32647,15,8,47,43,Electronics,High
CUST_05108,35,31946,26,1,39,65,Sports,Medium
CUST_05109,22,49277,98,15,123,81,Clothing,Low
CUST_05110,35,30800,61,3,114,60,Books,Medium
CUST_05111,29,90141,69,15,96,3,Clothing,Medium
CUST_05112,65,39978,48,7,65,7,Home & Garden,Medium
CUST_05113,34,30943,65,1,233,3,Books,Medium
CUST_05114,18,27718,14,1,153,13,Clothing,Low
CUST_05115,33,22777,70,2,149,3,Home & Garden,Medium
CUST_05116,41,26532,33,1,116,31,Toys,Low
CUST_05117,55,30475,39,2,78,37,Sports,High
CUST_05118,27,28457,60,4,54,5,Home & Garden,High
CUST_05119,18,26131,56,2,129,29,Clothing,High
CUST_05120,44,103716,51,1,121,1,Electronics,Low
CUST_05121,18,21697,22,18,133,17,Books,Medium
CUST_05122,29,39078,51,2,30,10,Sports,High
CUST_05123,31,48837,69,9,114,194,Clothing,Low
CUST_05124,34,49764,39,1,72,76,Toys,High
CUST_05125,43,35266,76,8,48,4,Sports,Medium
CUST_05126,26,32197,32,1,149,74,Home & Garden,High
CUST_05127,31,45513,50,5,101,16,Clothing,Low
CUST_05128,34,41492,80,5,467,25,Electronics,Medium
CUST_05129,36,31905,36,12,126,22,Electronics,High
CUST_05130,36,16631,71,1,73,38,Toys,High
CUST_05131,40,28739,89,1,83,12,Electronics,Medium
CUST_05132,45,20470,53,9,39,2,Electronics,Low
CUST_05133,39,26014,39,2,213,16,Books,High
CUST_05134,40,36923,34,1,112,23,Toys,Low
CUST_05135,18,43450,76,3,113,24,Sports,High
CUST_05136,35,88452,75,1,42,47,Clothing,Medium
CUST_05137,40,27758,78,1,155,1,Electronics,High
CUST_05138,43,53493,49,2,46,132,Books,Medium
CUST_05139,26,42318,70,1,61,139,Electronics,High
CUST_05140,27,69424,49,2,98,3,Toys,Medium
CUST_05141,28,48441,32,2,59,12,Toys,High
CUST_05142,41,21933,72,7,51,26,Electronics,Low
CUST_05143,47,15343,82,12,86,14,Home & Garden,Medium
CUST_05144,30,42430,29,1,182,20,Toys,High
CUST_05145,45,27883,29,8,168,11,Clothing,Low
CUST_05146,36,22244,50,13,147,37,Sports,High
CUST_05147,33,19268,69,5,126,13,Home & Garden,Medium
CUST_05148,32,39359,27,28,64,16,Home & Garden,Medium
CUST_05149,43,77176,54,2,197,25,Sports,Medium
CUST_05150,38,29603,38,8,26,104,Electronics,Low
CUST_05151,62,48782,64,5,121,30,Electronics,Low
CUST_05152,24,34505,34,1,162,3,Clothing,Low
CUST_05153,41,19059,65,6,84,11,Electronics,Medium
CUST_05154,28,52438,46,3,54,16,Home & Garden,Low
CUST_05155,24,21007,31,1,87,40,Home & Garden,Medium
CUST_05156,34,36710,51,1,52,17,Toys,High
CUST_05157,36,30614,11,6,129,32,Home & Garden,Medium
CUST_05158,70,56757,38,6,174,54,Sports,Medium
CUST_05159,32,21395,56,3,123,3,Toys,Medium
CUST_05160,21,44153,14,3,118,43,Electronics,Low
CUST_05161,38,23863,1,1,153,41,Electronics,High
CUST_05162,18,28125,3,2,166,51,Electronics,Low
CUST_05163,33,15000,76,10,52,93,Electronics,Medium
CUST_05164,35,103367,48,9,30,11,Clothing,Low
CUST_05165,44,47823,39,5,109,16,Toys,Medium
CUST_05166,46,24743,68,29,171,9,Toys,Medium
CUST_05167,28,20695,41,11,29,11,Clothing,Low
CUST_05168,33,28344,55,1,94,12,Home & Garden,Low
CUST_05169,25,51970,50,2,198,61,Home & Garden,Low
CUST_05170,21,15000,40,1,82,1,Sports,Medium
CUST_05171,38,33833,55,3,261,6,Books,High
CUST_05172,19,88020,65,7,228,28,Home & Garden,Low
CUST_05173,30,20599,46,1,79,43,Toys,Low
CUST_05174,23,37804,40,10,69,35,Electronics,Medium
CUST_05175,41,109278,43,4,70,1,Home & Garden,High
CUST_05176,56,49815,4,6,98,18,Home & Garden,Medium
CUST_05177,19,38675,55,1,39,6,Clothing,High
CUST_05178,18,46785,25,1,34,133,Electronics,Medium
CUST_05179,33,29719,62,4,18,204,Sports,Low
CUST_05180,35,69551,48,9,88,1,Sports,High
CUST_05181,37,29742,52,10,375,33,Sports,Low
CUST_05182,29,15000,64,5,22,50,Home & Garden,High
CUST_05183,32,29862,31,1,79,11,Sports,High
CUST_05184,39,22395,57,1,77,35,Toys,Medium
CUST_05185,47,31552,55,10,80,6,Sports,Low
CUST_05186,18,31903,46,1,216,4,Sports,Medium
CUST_05187,30,66085,31,5,48,77,Toys,High
CUST_05188,37,51413,61,3,23,30,Clothing,High
CUST_05189,23,41424,64,2,61,50,Electronics,Medium
CUST_05190,55,36262,52,2,56,22,Clothing,Medium
CUST_05191,27,21387,28,14,18,5,Toys,Medium
CUST_05192,34,15000,39,9,106,14,Toys,High
CUST_05193,41,38429,48,10,39,64,Electronics,High
CUST_05194,27,54031,63,2,84,1,Clothing,Low
CUST_05195,18,34400,18,1,69,6,Electronics,Medium
CUST_05196,29,27793,38,30,42,8,Sports,High
CUST_05197,47,45809,41,1,167,9,Books,High
CUST_05198,30,34833,48,3,73,3,Sports,Low
CUST_05199,24,84361,23,1,93,56,Books,Low
CUST_05200,46,67262,45,3,135,5,Toys,Medium
CUST_05201,31,58674,43,1,110,53,Sports,High
CUST_05202,28,53043,29,11,99,13,Clothing,Medium
CUST_05203,36,19051,47,17,50,18,Books,Low
CUST_05204,44,50589,39,2,41,18,Sports,High
CUST_05205,63,43833,59,1,100,37,Home & Garden,High
CUST_05206,44,49178,32,5,45,39,Books,Low
CUST_05207,48,46458,51,2,156,30,Electronics,Low
CUST_05208,28,45541,33,21,82,44,Toys,High
CUST_05209,22,140145,38,1,141,1,Toys,Medium
CUST_05210,35,34958,55,1,45,21,Clothing,High
CUST_05211,36,57998,54,6,40,22,Sports,Medium
CUST_05212,22,28695,41,7,291,8,Sports,Medium
CUST_05213,32,53923,44,3,81,24,Electronics,High
CUST_05214,39,58084,20,1,170,18,Sports,High
CUST_05215,39,43573,78,1,33,19,Sports,Medium
CUST_05216,41,83668,63,2,73,3,Electronics,High
CUST_05217,38,23338,63,1,224,17,Electronics,High
CUST_05218,28,28463,18,9,30,43,Home & Garden,Medium
CUST_05219,28,40384,38,1,442,15,Toys,High
CUST_05220,20,56410,43,2,103,20,Home & Garden,Low
CUST_05221,56,39724,11,6,50,102,Electronics,Low
CUST_05222,35,69070,67,1,115,61,Toys,Low
CUST_05223,32,26086,79,10,195,79,Toys,Medium
CUST_05224,23,20531,91,6,50,2,Books,Medium
CUST_05225,70,42364,29,1,55,28,Toys,High
CUST_05226,22,34940,52,11,107,7,Books,High
CUST_05227,29,47640,76,3,124,15,Toys,Low
CUST_05228,39,35821,44,5,78,34,Books,Medium
CUST_05229,42,30637,38,10,119,25,Clothing,Medium
CUST_05230,46,34979,12,10,163,21,Toys,Medium
CUST_05231,56,36843,72,2,101,50,Home & Garden,Medium
CUST_05232,41,31179,49,1,55,34,Books,Medium
CUST_05233,22,32808,35,1,88,51,Books,Medium
CUST_05234,31,29679,55,7,307,80,Toys,High
CUST_05235,38,55733,53,13,113,37,Toys,High
CUST_05236,59,40015,53,1,214,15,Books,Medium
CUST_05237,18,112237,45,1,62,7,Electronics,Low
CUST_05238,49,39353,82,8,108,9,Sports,High
CUST_05239,37,27572,47,2,156,15,Toys,Medium
CUST_05240,45,138045,82,1,256,40,Toys,High
CUST_05241,33,44659,61,1,212,1,Clothing,Low
CUST_05242,24,59579,57,2,41,50,Sports,High
CUST_05243,44,48827,47,17,201,42,Home & Garden,Medium
CUST_05244,42,49588,69,18,293,20,Toys,Medium
CUST_05245,46,47468,52,2,60,15,Toys,Low
CUST_05246,34,20930,31,16,48,3,Toys,High
CUST_05247,27,43641,30,1,88,10,Sports,Low
CUST_05248,18,18724,58,9,102,3,Clothing,Low
CUST_05249,44,33283,31,1,70,51,Books,Medium
CUST_05250,40,25265,48,8,39,21,Books,Low
CUST_05251,23,43422,71,2,252,8,Electronics,Low
CUST_05252,28,42918,56,1,49,1,Electronics,High
CUST_05253,29,46192,35,13,63,22,Toys,High
CUST_05254,18,41925,78,1,97,41,Clothing,Low
CUST_05255,25,26811,60,24,32,43,Books,High
CUST_05256,21,31872,70,1,30,7,Sports,Medium
CUST_05257,30,57537,4,1,66,159,Sports,High
CUST_05258,26,61940,56,10,160,25,Clothing,Low
CUST_05259,18,20467,66,4,102,12,Electronics,Low
CUST_05260,59,16890,84,2,21,14,Sports,High
CUST_05261,50,25249,20,1,238,3,Home & Garden,Medium
CUST_05262,25,61242,74,4,157,20,Clothing,Medium
CUST_05263,38,66665,82,2,102,41,Home & Garden,Medium
CUST_05264,40,22871,9,3,100,15,Home & Garden,High
CUST_05265,49,42347,59,4,144,60,Electronics,Low
CUST_05266,25,90872,62,5,458,19,Books,Medium
CUST_05267,48,44696,43,16,166,69,Clothing,Medium
CUST_05268,28,73920,40,5,110,36,Books,Medium
CUST_05269,18,59836,63,2,38,1,Toys,Medium
CUST_05270,43,23038,37,1,101,2,Sports,High
CUST_05271,50,33024,45,3,154,48,Sports,Low
CUST_05272,66,36952,66,1,83,13,Clothing,Medium
CUST_05273,20,38256,85,2,62,6,Electronics,Medium
CUST_05274,43,57420,60,9,132,60,Sports,High
CUST_05275,30,44548,52,9,45,122,Sports,Medium
CUST_05276,44,15000,39,4,165,49,Books,Medium
CUST_05277,18,18837,29,4,66,38,Sports,Medium
CUST_05278,19,15000,72,2,20,1,Electronics,High
CUST_05279,25,39643,46,5,65,3,Sports,Medium
CUST_05280,35,40955,73,8,86,33,Sports,Low
CUST_05281,27,41840,43,6,132,15,Home & Garden,High
CUST_05282,42,22483,37,1,122,1,Electronics,High
CUST_05283,47,50872,58,6,36,40,Sports,Medium
CUST_05284,42,51954,48,6,98,16,Toys,Medium
CUST_05285,54,19388,25,1,61,32,Toys,Low
CUST_05286,39,17448,86,1,69,18,Electronics,High
CUST_05287,20,36313,37,7,44,1,Electronics,Low
CUST_05288,51,88955,68,4,86,30,Sports,Medium
CUST_05289,27,84954,66,8,806,46,Sports,High
CUST_05290,45,48131,24,1,330,5,Electronics,Medium
CUST_05291,53,25210,29,1,44,66,Books,Medium
CUST_05292,40,56580,43,1,94,6,Books,High
CUST_05293,18,28963,32,3,72,16,Electronics,High
CUST_05294,23,24741,84,3,99,22,Electronics,Low
CUST_05295,50,15000,45,9,170,11,Books,Low
CUST_05296,32,38222,67,6,82,20,Books,Medium
CUST_05297,35,26504,60,23,54,38,Toys,Low
CUST_05298,44,38109,55,1,202,37,Home & Garden,Medium
CUST_05299,43,15000,50,1,37,76,Books,Medium
CUST_05300,38,39533,74,1,102,59,Books,Medium
CUST_05301,32,15000,33,3,31,126,Clothing,Medium
CUST_05302,31,62565,84,1,43,27,Toys,Low
CUST_05303,45,47143,24,5,151,15,Toys,Low
CUST_05304,41,31592,65,1,55,8,Sports,Medium
CUST_05305,31,48115,21,1,24,8,Home & Garden,Medium
CUST_05306,47,22269,43,3,54,4,Home & Garden,Medium
CUST_05307,33,37653,51,2,50,38,Electronics,Medium
CUST_05308,24,54034,40,8,37,31,Clothing,Medium
CUST_05309,25,15000,46,9,132,10,Sports,High
CUST_05310,23,29038,22,1,30,66,Home & Garden,Low
CUST_05311,31,35906,30,8,59,24,Books,Low
CUST_05312,49,32920,59,4,98,2,Books,Low
CUST_05313,25,75248,50,3,70,1,Books,High
CUST_05314,37,20703,36,1,67,4,Sports,Medium
CUST_05315,27,26620,76,6,54,7,Toys,Medium
CUST_05316,31,15000,25,1,38,65,Toys,Low
CUST_05317,18,77276,42,1,57,45,Home & Garden,Low
CUST_05318,32,32107,39,1,142,6,Toys,Medium
CUST_05319,32,29167,62,3,66,8,Sports,Medium
CUST_05320,41,35374,50,5,101,30,Electronics,Medium
CUST_05321,37,49917,47,11,196,61,Electronics,High
CUST_05322,20,43203,13,6,136,11,Toys,High
CUST_05323,48,136481,67,16,36,22,Clothing,Low
CUST_05324,37,45568,45,7,123,66,Electronics,Low
CUST_05325,37,28778,52,1,187,44,Home & Garden,High
CUST_05326,34,27428,35,3,59,66,Home & Garden,Medium
CUST_05327,28,29840,31,3,29,9,Toys,High
CUST_05328,37,17138,79,4,66,35,Home & Garden,High
CUST_05329,40,37046,14,4,102,3,Books,Low
CUST_05330,18,53730,28,6,136,28,Books,Medium
CUST_05331,28,26724,79,1,62,10,Home & Garden,Low
CUST_05332,31,24253,62,6,21,36,Toys,Medium
CUST_05333,38,77495,43,1,36,4,Electronics,High
CUST_05334,49,17796,74,1,115,32,Electronics,Medium
CUST_05335,25,15000,58,3,362,36,Clothing,Low
CUST_05336,29,20405,54,4,88,58,Sports,Low
CUST_05337,28,16810,54,1,225,34,Clothing,Low
CUST_05338,25,44051,59,3,42,22,Toys,Medium
CUST_05339,30,30322,60,3,57,45,Toys,Medium
CUST_05340,44,32537,93,1,17,10,Toys,Medium
CUST_05341,22,64632,46,6,116,33,Sports,High
CUST_05342,40,25702,46,1,48,38,Electronics,Medium
CUST_05343,18,53505,25,7,136,14,Home & Garden,Low
CUST_05344,28,77316,48,1,63,135,Books,Low
CUST_05345,31,28916,87,3,370,13,Clothing,High
CUST_05346,55,52497,69,11,315,2,Clothing,Low
CUST_05347,31,32179,39,8,17,10,Electronics,Low
CUST_05348,18,57644,50,7,136,3,Sports,Low
CUST_05349,18,16551,24,1,53,12,Clothing,Medium
CUST_05350,35,15950,30,1,141,4,Sports,High
CUST_05351,42,29862,52,4,35,17,Clothing,Medium
CUST_05352,39,23284,40,2,246,45,Toys,Medium
CUST_05353,37,28047,29,11,185,2,Home & Garden,High
CUST_05354,48,32540,59,2,33,24,Electronics,High
CUST_05355,28,52052,48,2,79,1,Sports,Low
CUST_05356,45,29618,18,3,100,64,Electronics,Medium
CUST_05357,18,24054,8,7,148,76,Toys,High
CUST_05358,24,30462,38,1,89,20,Toys,High
CUST_05359,18,24721,18,14,156,43,Books,High
CUST_05360,31,22765,12,3,85,26,Electronics,Low
CUST_05361,34,16211,72,9,138,12,Sports,Low
CUST_05362,36,37599,48,3,34,8,Sports,Medium
CUST_05363,35,27327,44,7,88,42,Toys,Low
CUST_05364,23,58873,46,1,201,16,Books,Low
CUST_05365,32,17611,27,8,241,75,Books,Medium
CUST_05366,18,27693,58,3,101,111,Clothing,Medium
CUST_05367,51,89900,47,2,83,7,Sports,Low
CUST_05368,31,22701,34,1,234,24,Electronics,Low
CUST_05369,29,32264,37,6,83,23,Books,Low
CUST_05370,54,19773,25,1,200,60,Toys,Low
CUST_05371,20,18504,41,1,83,35,Electronics,High
CUST_05372,21,78720,45,1,92,28,Books,High
CUST_05373,21,39557,41,1,41,34,Sports,Medium
CUST_05374,34,38825,51,5,37,14,Books,High
CUST_05375,40,15550,48,1,178,96,Sports,Medium
CUST_05376,43,43450,54,1,300,1,Books,High
CUST_05377,65,64777,68,1,96,1,Clothing,Low
CUST_05378,18,64520,61,3,80,16,Toys,Low
CUST_05379,42,50724,69,3,184,5,Books,Low
CUST_05380,28,20645,33,2,113,23,Clothing,Low
CUST_05381,27,42470,39,3,16,1,Toys,Low
CUST_05382,27,50705,63,2,180,18,Clothing,High
CUST_05383,24,15000,63,8,35,10,Electronics,Low
CUST_05384,55,20730,36,1,89,6,Sports,Medium
CUST_05385,45,56617,62,10,66,17,Toys,High
CUST_05386,35,56275,31,1,57,57,Books,Medium
CUST_05387,51,16742,59,6,93,31,Books,Low
CUST_05388,18,54041,49,2,168,5,Home & Garden,Low
CUST_05389,19,38087,22,1,92,20,Books,High
CUST_05390,18,53664,41,4,241,80,Sports,Medium
CUST_05391,26,26442,93,7,263,17,Sports,High
CUST_05392,36,50140,54,2,261,19,Books,Medium
CUST_05393,36,55376,96,3,86,85,Toys,Low
CUST_05394,36,30464,21,1,64,4,Clothing,Medium
CUST_05395,18,36639,65,12,87,39,Home & Garden,Low
CUST_05396,44,26258,1,9,197,10,Sports,High
CUST_05397,37,82935,49,2,189,60,Home & Garden,Medium
CUST_05398,43,34196,62,7,14,1,Home & Garden,High
CUST_05399,18,22902,66,1,111,139,Sports,Medium
CUST_05400,38,25389,34,6,17,43,Clothing,Medium
CUST_05401,20,38691,70,3,88,10,Clothing,Medium
CUST_05402,30,52926,39,3,62,42,Sports,High
CUST_05403,41,18621,46,1,50,76,Books,Low
CUST_05404,36,91475,41,16,163,3,Toys,Medium
CUST_05405,24,42376,27,9,57,73,Toys,Medium
CUST_05406,35,45854,81,7,89,13,Books,Medium
CUST_05407,18,34592,50,1,46,1,Home & Garden,Medium
CUST_05408,48,36666,71,1,94,3,Toys,Low
CUST_05409,32,33720,70,4,176,64,Books,Low
CUST_05410,48,60409,30,9,48,121,Home & Garden,High
CUST_05411,28,36171,74,13,140,67,Toys,High
CUST_05412,28,53291,60,1,93,17,Toys,Medium
CUST_05413,25,29233,29,4,93,97,Books,High
CUST_05414,45,40047,58,6,70,15,Toys,Medium
CUST_05415,26,24295,29,1,154,3,Clothing,High
CUST_05416,42,66720,82,2,143,12,Clothing,Medium
CUST_05417,30,23935,66,1,81,193,Clothing,Low
CUST_05418,18,30869,48,6,103,29,Books,High
CUST_05419,28,31024,75,9,151,12,Toys,High
CUST_05420,20,30425,18,10,131,29,Home & Garden,Medium
CUST_05421,35,52117,35,5,72,16,Toys,High
CUST_05422,20,30997,44,2,203,1,Home & Garden,Low
CUST_05423,46,72908,94,5,164,6,Toys,High
CUST_05424,33,24119,28,9,394,1,Clothing,Medium
CUST_05425,32,39525,15,4,30,8,Toys,Medium
CUST_05426,42,24639,21,2,147,40,Toys,High
CUST_05427,46,44823,68,12,201,6,Clothing,Low
CUST_05428,34,36027,38,9,181,22,Books,Low
CUST_05429,25,33606,46,10,75,36,Books,Medium
CUST_05430,18,65790,65,11,34,23,Toys,High
CUST_05431,26,26182,46,2,264,1,Toys,Low
CUST_05432,27,48691,54,9,64,13,Home & Garden,Medium
CUST_05433,36,24723,60,4,73,17,Toys,High
CUST_05434,30,38420,41,1,382,12,Electronics,High
CUST_05435,43,19974,46,5,36,23,Home & Garden,Medium
CUST_05436,27,26075,54,3,159,21,Books,High
CUST_05437,34,34854,67,1,53,6,Sports,Medium
CUST_05438,49,89978,34,17,52,41,Books,High
CUST_05439,39,38192,1,1,101,5,Books,Medium
CUST_05440,34,83061,63,14,144,18,Toys,High
CUST_05441,27,40544,68,1,175,42,Toys,Medium
CUST_05442,27,29925,54,2,191,35,Sports,Low
CUST_05443,24,78407,55,2,54,16,Toys,Low
CUST_05444,28,45184,38,6,40,46,Toys,Medium
CUST_05445,44,26334,60,1,70,37,Books,Medium
CUST_05446,32,45948,67,21,114,14,Home & Garden,Medium
CUST_05447,18,31372,51,6,77,67,Sports,High
CUST_05448,56,15000,99,7,10,4,Electronics,High
CUST_05449,38,57987,18,1,25,13,Books,Medium
CUST_05450,18,62784,53,3,76,35,Electronics,Medium
CUST_05451,29,91032,26,14,163,61,Electronics,High
CUST_05452,36,44849,67,1,47,11,Sports,Medium
CUST_05453,55,32068,18,1,150,24,Clothing,High
CUST_05454,21,55132,23,3,31,1,Electronics,High
CUST_05455,46,55542,37,13,107,13,Toys,High
CUST_05456,51,82383,55,3,108,12,Electronics,Low
CUST_05457,27,35514,38,2,124,55,Clothing,Medium
CUST_05458,31,33430,38,5,44,2,Home & Garden,High
CUST_05459,22,25392,46,13,30,1,Clothing,Low
CUST_05460,32,47511,45,1,149,17,Home & Garden,High
CUST_05461,34,16745,79,1,30,15,Toys,Medium
CUST_05462,42,53532,63,1,52,5,Home & Garden,High
CUST_05463,48,48723,43,1,238,9,Clothing,Medium
CUST_05464,26,48656,91,1,101,109,Electronics,Medium
CUST_05465,18,38914,59,1,116,21,Toys,High
CUST_05466,34,78158,30,3,139,2,Home & Garden,High
CUST_05467,38,56162,55,1,135,1,Clothing,Medium
CUST_05468,37,26808,60,2,88,1,Books,Medium
CUST_05469,31,27049,36,14,47,14,Electronics,Medium
CUST_05470,36,23392,28,1,589,60,Home & Garden,High
CUST_05471,53,47841,51,2,73,53,Sports,Medium
CUST_05472,39,22024,42,1,113,13,Electronics,High
CUST_05473,30,62423,79,3,122,44,Books,High
CUST_05474,28,70367,64,6,61,41,Toys,Medium
CUST_05475,32,23400,37,8,66,19,Toys,Low
CUST_05476,54,33097,58,3,255,15,Books,High
CUST_05477,32,36618,75,9,53,5,Clothing,Low
CUST_05478,34,56499,22,7,120,9,Toys,Low
CUST_05479,29,81200,29,1,168,12,Toys,Low
CUST_05480,48,15634,49,1,77,50,Books,Low
CUST_05481,58,30974,50,5,84,24,Sports,High
CUST_05482,40,31792,48,18,175,6,Clothing,Low
CUST_05483,35,18027,43,2,81,3,Books,Low
CUST_05484,35,28493,43,1,21,20,Toys,Medium
CUST_05485,18,44976,57,10,257,32,Home & Garden,High
CUST_05486,43,31592,72,1,45,51,Toys,Medium
CUST_05487,36,16775,40,5,104,47,Toys,Medium
CUST_05488,40,152823,98,1,35,52,Electronics,Medium
CUST_05489,26,41485,89,1,62,17,Sports,Low
CUST_05490,30,38401,76,3,66,60,Sports,Medium
CUST_05491,30,20973,62,5,101,17,Sports,High
CUST_05492,47,41371,90,1,48,5,Toys,High
CUST_05493,30,33452,44,7,360,15,Home & Garden,Low
CUST_05494,59,15000,33,1,91,12,Books,Medium
CUST_05495,40,21266,39,3,166,14,Electronics,Medium
CUST_05496,19,54039,29,1,89,32,Electronics,High
CUST_05497,33,95990,52,6,180,32,Toys,Low
CUST_05498,27,43633,55,8,20,7,Home & Garden,Low
CUST_05499,18,63041,54,1,54,11,Clothing,High
CUST_05500,54,33594,49,1,62,27,Books,High
CUST_05501,43,34777,52,11,62,2,Sports,Medium
CUST_05502,41,62660,84,2,129,35,Clothing,Low
CUST_05503,36,83398,62,3,135,5,Toys,High
CUST_05504,18,69601,68,1,85,57,Toys,Medium
CUST_05505,29,21307,53,26,86,15,Toys,Low
CUST_05506,45,35119,17,12,496,7,Toys,High
CUST_05507,22,41721,13,1,112,33,Home & Garden,Medium
CUST_05508,18,31893,91,4,18,24,Books,Low
CUST_05509,32,44087,39,10,154,5,Books,High
CUST_05510,33,54736,37,2,133,52,Toys,Medium
CUST_05511,36,59958,54,2,202,18,Books,Medium
CUST_05512,43,84367,61,2,136,4,Clothing,High
CUST_05513,42,30800,63,1,47,47,Toys,Medium
CUST_05514,38,18360,85,7,167,4,Clothing,Low
CUST_05515,49,43439,80,3,96,103,Home & Garden,High
CUST_05516,18,93144,33,3,187,17,Sports,Low
CUST_05517,41,28610,69,1,266,39,Clothing,High
CUST_05518,42,51196,42,7,82,18,Toys,Low
CUST_05519,20,51424,47,7,166,6,Electronics,Medium
CUST_05520,18,39963,28,4,185,42,Clothing,High
CUST_05521,26,36441,16,11,100,10,Clothing,High
CUST_05522,27,22886,49,1,354,34,Toys,High
CUST_05523,44,15000,30,7,187,8,Books,Low
CUST_05524,27,20828,68,4,59,8,Electronics,Low
CUST_05525,24,29877,44,1,107,18,Sports,Medium
CUST_05526,27,62862,56,1,164,50,Electronics,Low
CUST_05527,48,34490,77,1,345,28,Sports,Medium
CUST_05528,35,28014,20,9,139,2,Home & Garden,High
CUST_05529,32,23260,35,7,110,39,Books,Medium
CUST_05530,33,50433,53,5,218,26,Home & Garden,Medium
CUST_05531,50,71623,56,1,77,29,Clothing,Medium
CUST_05532,26,61803,72,15,45,13,Clothing,Medium
CUST_05533,50,49171,67,1,147,24,Books,High
CUST_05534,37,17364,51,4,69,13,Home & Garden,High
CUST_05535,33,30459,56,8,602,2,Electronics,Medium
CUST_05536,65,96148,56,1,107,55,Home & Garden,High
CUST_05537,22,63638,20,5,147,33,Sports,High
CUST_05538,30,16835,46,1,57,33,Toys,High
CUST_05539,20,35320,54,1,218,6,Clothing,High
CUST_05540,46,43544,59,6,88,32,Electronics,Low
CUST_05541,55,24807,31,1,82,7,Clothing,Medium
CUST_05542,55,15000,24,2,83,34,Home & Garden,Medium
CUST_05543,49,38154,45,1,36,12,Books,Medium
CUST_05544,32,24492,89,2,75,5,Electronics,Medium
CUST_05545,30,24540,33,1,131,71,Toys,High
CUST_05546,18,30414,73,7,30,3,Books,High
CUST_05547,59,33967,81,1,184,43,Toys,High
CUST_05548,40,36150,50,9,74,3,Home & Garden,Medium
CUST_05549,29,23341,36,5,106,34,Sports,High
CUST_05550,50,32529,60,2,18,3,Books,High
CUST_05551,23,15082,53,10,105,21,Books,Low
CUST_05552,39,42426,32,1,43,6,Home & Garden,Low
CUST_05553,32,15000,36,1,70,60,Electronics,Low
CUST_05554,42,31421,59,1,30,15,Toys,Medium
CUST_05555,34,57503,68,2,48,1,Home & Garden,Medium
CUST_05556,18,21382,43,21,80,29,Books,Medium
CUST_05557,35,51959,48,1,74,17,Clothing,High
CUST_05558,47,64722,63,8,167,58,Clothing,Low
CUST_05559,34,15000,46,5,24,17,Books,High
CUST_05560,44,33668,44,1,86,15,Electronics,Low
CUST_05561,22,15000,34,14,83,18,Books,High
CUST_05562,34,34231,34,17,65,58,Clothing,High
CUST_05563,27,36185,100,12,47,26,Sports,Medium
CUST_05564,43,15000,46,3,194,33,Books,Medium
CUST_05565,35,95074,77,1,377,38,Books,Low
CUST_05566,43,41898,83,2,27,83,Sports,High
CUST_05567,48,23753,46,4,47,54,Electronics,Low
CUST_05568,43,75560,57,2,44,78,Home & Garden,Medium
CUST_05569,38,15000,52,6,73,12,Clothing,Medium
CUST_05570,23,19641,17,7,216,7,Clothing,Medium
CUST_05571,34,15000,18,1,130,6,Toys,Medium
CUST_05572,28,89368,50,2,80,58,Home & Garden,Medium
CUST_05573,30,42880,41,15,91,53,Home & Garden,High
CUST_05574,30,50498,87,1,72,31,Home & Garden,High
CUST_05575,23,42213,45,2,150,1,Home & Garden,Low
CUST_05576,18,48382,89,1,164,11,Clothing,High
CUST_05577,26,37761,40,2,136,39,Books,Medium
CUST_05578,37,41583,88,2,19,8,Books,Medium
CUST_05579,18,38322,60,1,90,29,Sports,Medium
CUST_05580,35,26787,61,1,78,23,Books,Medium
CUST_05581,57,35478,39,4,180,9,Toys,High
CUST_05582,47,41639,61,1,106,81,Electronics,Medium
CUST_05583,54,38379,83,1,132,8,Electronics,High
CUST_05584,39,17345,47,9,63,67,Toys,High
CUST_05585,49,18536,43,4,173,23,Home & Garden,Low
CUST_05586,26,62406,45,1,213,2,Sports,Low
CUST_05587,27,31147,82,10,28,53,Clothing,High
CUST_05588,18,48647,67,1,36,47,Toys,Low
CUST_05589,49,21034,78,1,153,53,Books,Low
CUST_05590,53,17386,56,11,79,30,Books,Medium
CUST_05591,28,23818,50,1,184,37,Clothing,Low
CUST_05592,31,32490,58,10,106,71,Electronics,Low
CUST_05593,25,26041,71,8,146,4,Toys,Low
CUST_05594,39,69353,45,1,53,2,Home & Garden,High
CUST_05595,48,39726,77,1,114,4,Sports,High
CUST_05596,18,91534,57,1,114,61,Electronics,Low
CUST_05597,39,44453,1,1,55,24,Sports,Medium
CUST_05598,31,15000,67,11,181,5,Home & Garden,Low
CUST_05599,36,61575,24,2,23,4,Books,Medium
CUST_05600,40,17072,67,1,104,17,Toys,Medium
CUST_05601,32,40752,68,4,36,50,Home & Garden,Low
CUST_05602,33,24653,56,1,44,49,Electronics,High
CUST_05603,32,106017,60,1,179,57,Books,High
CUST_05604,46,74592,71,1,41,43,Home & Garden,Medium
CUST_05605,40,25061,40,7,40,1,Books,Low
CUST_05606,37,34075,65,1,135,38,Books,Medium
CUST_05607,19,41039,73,2,41,21,Sports,High
CUST_05608,30,55921,85,1,183,38,Sports,Medium
CUST_05609,45,36848,27,4,141,19,Electronics,Low
CUST_05610,35,21753,58,2,52,19,Home & Garden,Medium
CUST_05611,42,25367,30,1,178,4,Toys,Medium
CUST_05612,56,36234,29,3,23,70,Clothing,Low
CUST_05613,47,67321,57,4,125,14,Home & Garden,High
CUST_05614,36,44977,51,1,37,26,Books,Medium
CUST_05615,28,24668,72,7,62,6,Electronics,Low
CUST_05616,18,50220,43,2,65,13,Electronics,Low
CUST_05617,32,29926,47,6,220,61,Clothing,High
CUST_05618,31,56681,54,4,63,7,Books,High
CUST_05619,39,128477,32,10,85,6,Books,Medium
CUST_05620,33,30351,35,3,66,9,Electronics,Medium
CUST_05621,31,54219,72,1,45,25,Toys,Medium
CUST_05622,18,25016,39,8,43,22,Electronics,High
CUST_05623,23,34333,73,7,111,5,Clothing,Low
CUST_05624,40,36856,62,17,88,35,Toys,Low
CUST_05625,55,32963,19,1,153,71,Toys,Low
CUST_05626,33,124431,60,4,75,6,Clothing,High
CUST_05627,38,31154,60,3,77,33,Toys,High
CUST_05628,46,48699,58,5,153,26,Sports,Medium
CUST_05629,25,15000,47,19,69,11,Electronics,Medium
CUST_05630,39,45071,31,3,32,28,Clothing,Low
CUST_05631,26,64281,76,5,162,7,Books,Medium
CUST_05632,45,27894,47,2,56,53,Toys,Medium
CUST_05633,36,15000,32,1,94,1,Toys,Medium
CUST_05634,38,35620,59,2,58,25,Sports,Low
CUST_05635,25,36628,35,1,45,11,Toys,High
CUST_05636,43,52158,31,1,23,63,Electronics,High
CUST_05637,60,99255,42,1,114,20,Toys,Low
CUST_05638,22,30030,36,3,10,48,Toys,High
CUST_05639,30,23667,31,3,223,77,Clothing,High
CUST_05640,37,20262,66,7,185,12,Electronics,Low
CUST_05641,44,40096,47,3,47,63,Sports,High
CUST_05642,28,46151,75,3,273,38,Toys,Low
CUST_05643,18,27644,32,1,380,3,Home & Garden,Medium
CUST_05644,51,53601,15,9,74,3,Electronics,Medium
CUST_05645,44,45829,52,1,120,51,Electronics,High
CUST_05646,18,37109,87,20,99,18,Electronics,Medium
CUST_05647,27,23127,60,3,259,20,Electronics,Medium
CUST_05648,53,28540,100,1,33,66,Clothing,High
CUST_05649,52,15000,56,2,76,70,Home & Garden,High
CUST_05650,46,40859,54,1,171,3,Books,Low
CUST_05651,32,36796,6,1,159,14,Electronics,Medium
CUST_05652,35,39904,58,2,87,67,Books,Low
CUST_05653,33,46730,53,4,238,51,Clothing,Low
CUST_05654,48,44042,41,1,105,38,Home & Garden,Medium
CUST_05655,24,34365,47,5,97,3,Sports,Low
CUST_05656,25,37210,48,9,146,29,Sports,Low
CUST_05657,47,17994,46,4,86,26,Sports,High
CUST_05658,34,27123,91,1,93,5,Toys,Medium
CUST_05659,51,37243,42,1,51,44,Sports,High
CUST_05660,26,25136,53,1,701,11,Sports,Medium
CUST_05661,34,55830,41,6,64,29,Home & Garden,High
CUST_05662,23,26125,65,4,149,13,Electronics,Medium
CUST_05663,35,40463,53,3,342,2,Sports,Medium
CUST_05664,18,38494,44,1,35,22,Toys,Medium
CUST_05665,29,52740,11,1,138,10,Electronics,High
CUST_05666,18,56976,54,8,91,2,Books,Medium
CUST_05667,43,51380,43,3,316,6,Electronics,Medium
CUST_05668,43,15000,48,16,47,28,Toys,Medium
CUST_05669,18,65977,26,50,53,3,Toys,Medium
CUST_05670,51,77936,78,8,86,2,Books,Medium
CUST_05671,64,28536,67,1,63,86,Electronics,High
CUST_05672,35,40877,78,1,65,3,Toys,Low
CUST_05673,27,23262,72,1,372,14,Books,Medium
CUST_05674,68,15000,61,21,98,4,Electronics,High
CUST_05675,19,25100,27,2,51,84,Toys,Low
CUST_05676,35,27720,86,6,68,19,Electronics,Low
CUST_05677,37,30411,31,15,119,3,Home & Garden,Medium
CUST_05678,51,22483,44,8,113,43,Books,Low
CUST_05679,39,25166,64,4,60,45,Electronics,Medium
CUST_05680,29,36116,65,1,28,69,Home & Garden,Medium
CUST_05681,23,24708,61,1,86,36,Toys,High
CUST_05682,30,47655,41,3,85,1,Home & Garden,Low
CUST_05683,22,51063,37,15,57,23,Books,Medium
CUST_05684,35,119395,100,11,220,14,Electronics,High
CUST_05685,28,63757,49,1,134,41,Home & Garden,High
CUST_05686,18,41009,46,1,98,26,Sports,Low
CUST_05687,50,26631,35,4,69,38,Sports,Low
CUST_05688,29,42060,54,3,302,5,Sports,High
CUST_05689,19,42757,53,1,40,17,Toys,Low
CUST_05690,32,28094,49,2,63,16,Electronics,Medium
CUST_05691,35,53737,57,15,65,118,Sports,Low
CUST_05692,18,18050,85,15,110,1,Clothing,Low
CUST_05693,38,32138,38,4,142,50,Books,Low
CUST_05694,22,47950,50,5,35,3,Clothing,High
CUST_05695,55,31451,37,1,55,2,Clothing,Medium
CUST_05696,41,32748,55,6,123,11,Toys,Low
CUST_05697,30,33897,38,1,56,36,Sports,Low
CUST_05698,26,23913,39,1,67,34,Books,Medium
CUST_05699,33,65313,20,1,101,29,Home & Garden,Low
CUST_05700,42,21828,51,2,45,44,Toys,Low
CUST_05701,34,42577,58,9,109,7,Clothing,Low
CUST_05702,32,44659,87,20,138,30,Home & Garden,Low
CUST_05703,35,22599,59,5,92,30,Toys,Medium
CUST_05704,27,37667,41,6,244,31,Toys,High
CUST_05705,30,23044,22,1,149,27,Toys,Low
CUST_05706,18,72803,25,3,87,7,Home & Garden,Low
CUST_05707,46,20549,24,6,71,73,Electronics,Medium
CUST_05708,38,26187,87,3,307,111,Books,Low
CUST_05709,25,19690,55,1,56,35,Books,High
CUST_05710,57,18419,38,6,74,17,Clothing,Low
CUST_05711,36,80467,30,1,67,23,Electronics,Low
CUST_05712,22,47638,32,1,118,3,Electronics,Medium
CUST_05713,45,38954,37,3,436,13,Electronics,Medium
CUST_05714,39,26152,76,1,106,112,Books,Medium
CUST_05715,39,57171,49,4,71,23,Books,High
CUST_05716,29,24049,21,5,102,24,Sports,Medium
CUST_05717,40,54004,96,1,35,92,Books,Medium
CUST_05718,31,23476,27,16,78,65,Books,Medium
CUST_05719,41,26311,38,8,296,25,Electronics,Medium
CUST_05720,18,53058,76,1,143,9,Home & Garden,Medium
CUST_05721,29,55933,58,6,213,3,Clothing,Medium
CUST_05722,55,48958,40,2,182,59,Toys,Medium
CUST_05723,25,21486,25,6,54,75,Toys,Medium
CUST_05724,27,29046,30,8,343,20,Toys,High
CUST_05725,29,39279,31,1,25,2,Home & Garden,Medium
CUST_05726,20,23750,50,5,113,27,Clothing,High
CUST_05727,18,72076,53,9,21,13,Sports,Low
CUST_05728,32,15000,47,1,27,5,Toys,High
CUST_05729,36,24603,49,1,173,75,Books,Low
CUST_05730,34,28147,28,1,55,8,Clothing,Medium
CUST_05731,33,15000,55,1,215,37,Clothing,High
CUST_05732,35,18067,75,1,19,16,Clothing,High
CUST_05733,47,49644,46,1,84,52,Clothing,Medium
CUST_05734,32,36869,46,1,38,36,Books,Medium
CUST_05735,28,79743,51,1,71,3,Home & Garden,Low
CUST_05736,31,78638,72,5,266,17,Clothing,High
CUST_05737,41,45094,32,24,315,9,Electronics,Low
CUST_05738,51,42472,79,11,128,37,Clothing,Medium
CUST_05739,27,37532,58,1,29,23,Toys,High
CUST_05740,36,15000,50,7,38,12,Books,High
CUST_05741,39,18082,74,13,100,11,Electronics,Medium
CUST_05742,23,38190,26,11,51,3,Books,Low
CUST_05743,35,49415,60,10,142,7,Sports,Low
CUST_05744,18,41975,58,7,290,37,Toys,Medium
CUST_05745,18,23243,31,1,45,28,Books,High
CUST_05746,39,58029,59,1,48,13,Electronics,Low
CUST_05747,30,76208,55,3,39,54,Home & Garden,Low
CUST_05748,37,58046,46,1,75,19,Toys,Medium
CUST_05749,34,59563,67,32,93,47,Electronics,Medium
CUST_05750,23,27457,38,2,91,45,Home & Garden,High
CUST_05751,34,62191,55,15,168,56,Electronics,Low
CUST_05752,20,39060,47,7,118,56,Clothing,Medium
CUST_05753,51,46900,37,2,86,34,Toys,High
CUST_05754,18,43595,60,1,92,41,Books,High
CUST_05755,32,34175,45,1,95,45,Sports,Low
CUST_05756,22,23623,20,5,86,5,Home & Garden,Medium
CUST_05757,41,34854,13,8,56,10,Home & Garden,High
CUST_05758,31,59479,65,19,38,3,Clothing,Low
CUST_05759,28,29122,25,1,99,6,Toys,High
CUST_05760,45,56764,55,1,63,45,Toys,Low
CUST_05761,35,52498,51,1,130,88,Clothing,Low
CUST_05762,41,31273,42,1,94,33,Electronics,High
CUST_05763,23,72722,89,8,90,65,Home & Garden,High
CUST_05764,18,30400,53,1,179,11,Books,Low
CUST_05765,36,77247,65,3,33,56,Electronics,Low
CUST_05766,31,45119,55,2,310,12,Clothing,High
CUST_05767,42,36028,45,1,19,67,Home & Garden,Low
CUST_05768,34,23297,49,4,248,47,Sports,Low
CUST_05769,37,34747,79,3,103,123,Sports,Low
CUST_05770,18,32797,71,2,62,52,Home & Garden,High
CUST_05771,57,19357,89,5,32,15,Books,High
CUST_05772,33,32571,54,1,59,3,Toys,Low
CUST_05773,43,24296,32,5,80,62,Home & Garden,Low
CUST_05774,24,48678,41,15,103,25,Toys,Medium
CUST_05775,38,69782,26,6,247,58,Books,High
CUST_05776,19,19663,65,2,94,14,Clothing,Medium
CUST_05777,40,85489,38,6,112,1,Books,Medium
CUST_05778,30,34054,1,8,115,1,Books,Low
CUST_05779,35,22303,99,1,71,33,Home & Garden,Low
CUST_05780,43,53044,38,6,78,3,Home & Garden,Low
CUST_05781,20,29049,38,2,83,41,Sports,Low
CUST_05782,26,34861,83,8,139,16,Clothing,High
CUST_05783,40,29669,25,1,47,24,Electronics,Low
CUST_05784,60,24140,72,13,63,48,Home & Garden,High
CUST_05785,33,52156,38,4,115,8,Clothing,Medium
CUST_05786,42,31471,23,2,42,15,Clothing,High
CUST_05787,33,17706,84,2,97,39,Toys,Low
CUST_05788,58,47835,68,2,61,75,Toys,Low
CUST_05789,18,19874,68,1,128,10,Toys,Low
CUST_05790,36,20401,57,1,235,29,Sports,High
CUST_05791,18,65926,61,1,61,90,Home & Garden,Medium
CUST_05792,18,19966,25,3,152,31,Home & Garden,High
CUST_05793,38,15000,52,2,103,66,Clothing,Medium
CUST_05794,36,49584,31,1,68,84,Toys,Medium
CUST_05795,31,31196,22,4,90,79,Toys,Medium
CUST_05796,33,32570,58,1,223,42,Home & Garden,Low
CUST_05797,72,31031,73,1,79,24,Sports,Low
CUST_05798,31,40775,42,1,225,3,Sports,Medium
CUST_05799,41,24925,45,3,82,7,Sports,Low
CUST_05800,27,75967,27,1,33,8,Home & Garden,High
CUST_05801,38,17359,50,1,81,1,Home & Garden,High
CUST_05802,32,45362,65,3,31,3,Sports,Medium
CUST_05803,30,50064,65,1,72,10,Books,Medium
CUST_05804,56,24839,60,2,70,2,Electronics,Medium
CUST_05805,49,21766,37,2,321,5,Clothing,Medium
CUST_05806,36,60390,36,9,277,1,Toys,High
CUST_05807,18,22127,65,7,95,16,Books,Low
CUST_05808,30,26813,66,24,210,51,Electronics,Medium
CUST_05809,67,56593,46,3,68,50,Home & Garden,High
CUST_05810,32,36951,41,4,33,70,Clothing,Medium
CUST_05811,48,15000,73,14,130,41,Books,Low
CUST_05812,52,86988,42,2,115,8,Clothing,Low
CUST_05813,37,27861,64,4,46,36,Home & Garden,Medium
CUST_05814,24,29691,47,2,48,42,Toys,High
CUST_05815,18,41270,29,3,173,23,Toys,High
CUST_05816,43,49639,82,1,27,49,Electronics,High
CUST_05817,25,96814,52,7,133,2,Toys,High
CUST_05818,37,15834,35,21,72,27,Electronics,Low
CUST_05819,20,54883,22,1,133,19,Electronics,Low
CUST_05820,31,52654,24,8,179,49,Books,Medium
CUST_05821,35,33908,42,1,48,4,Toys,Medium
CUST_05822,38,53832,88,1,40,7,Electronics,Medium
CUST_05823,21,57938,38,5,251,24,Books,Low
CUST_05824,49,18197,78,1,86,88,Books,Medium
CUST_05825,27,87106,47,3,113,2,Sports,Low
CUST_05826,18,16657,26,1,170,40,Books,High
CUST_05827,33,20585,40,4,45,6,Clothing,Low
CUST_05828,35,31859,24,3,169,3,Electronics,High
CUST_05829,36,95079,32,12,140,15,Books,High
CUST_05830,51,31128,32,6,251,26,Home & Garden,High
CUST_05831,32,35740,11,1,248,52,Books,High
CUST_05832,33,74312,80,2,94,30,Books,Medium
CUST_05833,21,31252,54,13,152,20,Sports,Low
CUST_05834,44,20146,36,6,92,10,Toys,Medium
CUST_05835,37,29477,54,4,99,10,Clothing,High
CUST_05836,29,72070,33,4,40,44,Home & Garden,Low
CUST_05837,18,37625,1,2,76,3,Sports,Medium
CUST_05838,52,95351,100,4,25,4,Clothing,Medium
CUST_05839,20,52520,53,7,81,38,Books,Medium
CUST_05840,27,26307,38,1,226,97,Toys,Low
CUST_05841,39,37254,11,17,155,3,Home & Garden,High
CUST_05842,20,23703,20,1,97,28,Clothing,High
CUST_05843,18,25998,83,2,78,8,Sports,High
CUST_05844,18,200000,80,1,61,1,Books,Medium
CUST_05845,43,60434,65,3,47,53,Books,High
CUST_05846,28,55856,27,2,159,21,Electronics,Medium
CUST_05847,70,26593,80,1,30,1,Sports,Low
CUST_05848,23,79601,58,21,30,67,Home & Garden,High
CUST_05849,23,62925,63,2,169,23,Books,High
CUST_05850,28,93042,58,2,104,40,Electronics,High
CUST_05851,37,90812,19,3,92,16,Toys,Low
CUST_05852,29,17334,26,1,104,6,Clothing,Low
CUST_05853,42,20849,39,2,367,18,Books,Low
CUST_05854,23,21984,62,2,93,10,Toys,High
CUST_05855,18,22652,22,3,110,10,Clothing,Low
CUST_05856,18,42690,46,9,380,30,Books,Low
CUST_05857,18,27353,46,1,86,2,Clothing,Low
CUST_05858,28,102364,65,4,301,15,Sports,Medium
CUST_05859,31,94121,63,1,20,23,Clothing,Medium
CUST_05860,27,36198,29,1,39,37,Clothing,High
CUST_05861,49,96535,78,3,56,30,Books,Medium
CUST_05862,49,76425,26,1,135,65,Books,High
CUST_05863,30,28988,71,3,311,146,Toys,Medium
CUST_05864,18,15000,38,1,59,83,Clothing,High
CUST_05865,28,32565,53,24,178,43,Toys,Low
CUST_05866,27,26309,54,4,430,34,Toys,High
CUST_05867,27,40265,53,1,269,1,Sports,Low
CUST_05868,26,37972,63,1,67,22,Home & Garden,Medium
CUST_05869,27,37477,57,1,165,32,Electronics,Medium
CUST_05870,30,47185,65,1,114,15,Clothing,Low
CUST_05871,27,19805,59,5,56,14,Sports,Medium
CUST_05872,37,44608,24,9,121,23,Clothing,High
CUST_05873,39,29149,55,1,64,71,Electronics,Low
CUST_05874,24,40134,38,2,98,9,Home & Garden,Low
CUST_05875,50,58612,27,2,34,15,Home & Garden,Medium
CUST_05876,23,19688,44,5,26,31,Clothing,Medium
CUST_05877,18,31550,53,1,73,6,Electronics,Medium
CUST_05878,39,34225,54,15,112,54,Toys,Low
CUST_05879,25,28081,71,6,40,32,Clothing,Low
CUST_05880,38,56949,76,15,130,13,Books,Low
CUST_05881,18,25331,56,1,92,38,Home & Garden,Low
CUST_05882,51,27509,60,4,141,9,Sports,High
CUST_05883,43,25464,51,6,174,44,Sports,Low
CUST_05884,18,62694,65,6,230,2,Sports,Low
CUST_05885,18,28389,59,1,137,16,Electronics,High
CUST_05886,55,45707,48,31,73,9,Electronics,High
CUST_05887,26,97523,93,13,102,50,Toys,Low
CUST_05888,24,34982,39,1,459,41,Home & Garden,Medium
CUST_05889,18,63324,79,3,179,55,Electronics,Medium
CUST_05890,30,83757,22,1,94,31,Toys,Low
CUST_05891,32,60693,66,10,81,47,Books,High
CUST_05892,43,36011,78,5,59,17,Toys,High
CUST_05893,18,50063,11,1,39,34,Home & Garden,Medium
CUST_05894,18,19078,52,1,297,1,Toys,Medium
CUST_05895,40,24587,64,1,125,63,Home & Garden,Medium
CUST_05896,47,26840,55,1,37,34,Books,High
CUST_05897,18,111335,57,1,82,60,Books,High
CUST_05898,47,24190,52,5,219,44,Books,Low
CUST_05899,35,24010,28,6,65,10,Clothing,High
CUST_05900,48,21548,97,3,50,9,Sports,High
CUST_05901,34,48045,39,4,115,48,Toys,Low
CUST_05902,18,38999,58,1,142,6,Sports,Low
CUST_05903,33,62528,37,1,65,3,Home & Garden,Medium
CUST_05904,47,50798,4,6,59,1,Books,Medium
CUST_05905,24,18211,31,2,124,10,Toys,High
CUST_05906,30,24254,21,2,40,3,Electronics,Low
CUST_05907,32,71873,71,1,61,48,Books,Medium
CUST_05908,18,32805,37,4,82,19,Home & Garden,Medium
CUST_05909,55,65761,39,8,151,8,Sports,Medium
CUST_05910,24,33696,28,3,66,27,Clothing,Medium
CUST_05911,41,22385,51,1,133,2,Books,Medium
CUST_05912,33,31206,35,9,203,38,Sports,Low
CUST_05913,50,22381,69,1,63,20,Home & Garden,High
CUST_05914,39,27370,56,3,859,1,Home & Garden,Low
CUST_05915,32,40153,38,1,243,11,Sports,Low
CUST_05916,24,46901,67,13,108,41,Sports,Medium
CUST_05917,44,16397,50,6,79,6,Books,Medium
CUST_05918,18,36001,50,4,61,98,Electronics,Medium
CUST_05919,42,27083,20,5,287,68,Books,Medium
CUST_05920,21,26259,48,3,104,45,Clothing,Medium
CUST_05921,50,38806,56,1,32,2,Sports,Medium
CUST_05922,36,27578,76,6,27,13,Clothing,Low
CUST_05923,42,72480,34,3,97,10,Clothing,High
CUST_05924,35,65777,95,5,98,4,Electronics,Medium
CUST_05925,18,65572,61,1,47,236,Books,Low
CUST_05926,24,28354,19,1,31,4,Toys,High
CUST_05927,43,22443,33,4,22,11,Home & Garden,High
CUST_05928,36,37835,78,3,52,63,Clothing,Low
CUST_05929,49,33685,74,1,69,4,Clothing,Medium
CUST_05930,39,26784,50,1,146,19,Clothing,Medium
CUST_05931,23,20173,52,4,82,111,Clothing,Low
CUST_05932,25,35569,26,1,189,8,Home & Garden,High
CUST_05933,36,29672,76,2,137,36,Books,Medium
CUST_05934,18,51234,30,3,128,2,Toys,Low
CUST_05935,55,50642,66,1,178,27,Electronics,High
CUST_05936,40,62969,77,8,34,12,Toys,Medium
CUST_05937,49,19348,50,1,61,36,Clothing,High
CUST_05938,18,44379,69,10,483,17,Sports,Medium
CUST_05939,49,25242,86,6,23,10,Home & Garden,Medium
CUST_05940,61,19727,55,2,73,23,Toys,Medium
CUST_05941,19,29310,46,12,125,4,Electronics,Medium
CUST_05942,44,61966,48,6,24,50,Sports,Low
CUST_05943,35,30147,35,13,53,41,Toys,High
CUST_05944,18,79437,34,3,364,23,Sports,Low
CUST_05945,40,47783,58,3,101,13,Sports,Medium
CUST_05946,45,29820,46,3,60,74,Clothing,Low
CUST_05947,27,64862,56,1,104,30,Books,High
CUST_05948,48,45374,20,11,60,10,Clothing,Medium
CUST_05949,18,22781,48,5,298,49,Toys,High
CUST_05950,18,91986,70,4,44,30,Sports,Medium
CUST_05951,36,41346,27,13,62,4,Electronics,High
CUST_05952,35,36658,50,25,31,3,Clothing,Medium
CUST_05953,26,23676,12,1,73,83,Electronics,Medium
CUST_05954,44,65497,23,6,79,10,Clothing,Medium
CUST_05955,41,47034,66,4,207,32,Books,Low
CUST_05956,45,49742,43,3,44,1,Books,Medium
CUST_05957,33,28176,86,18,126,24,Clothing,High
CUST_05958,42,55108,58,9,95,7,Clothing,Medium
CUST_05959,29,57291,60,5,23,4,Toys,High
CUST_05960,59,25993,28,2,54,44,Books,Low
CUST_05961,25,17881,42,5,52,49,Electronics,Medium
CUST_05962,60,48566,35,3,292,37,Books,Low
CUST_05963,35,16536,28,1,131,1,Clothing,Medium
CUST_05964,18,39183,63,2,99,10,Electronics,High
CUST_05965,51,29038,67,1,10,13,Clothing,High
CUST_05966,36,66791,57,3,23,35,Home & Garden,Low
CUST_05967,45,29839,33,6,149,42,Clothing,Low
CUST_05968,49,63173,56,1,155,29,Books,Medium
CUST_05969,39,28082,11,7,53,46,Sports,High
CUST_05970,27,59873,76,1,91,16,Books,Low
CUST_05971,46,101739,24,3,87,23,Books,Medium
CUST_05972,35,21289,27,4,101,1,Toys,Medium
CUST_05973,43,42024,52,7,69,16,Electronics,Low
CUST_05974,18,143543,54,7,159,17,Toys,Medium
CUST_05975,40,37544,48,2,195,28,Toys,Medium
CUST_05976,27,37454,27,1,45,14,Toys,Low
CUST_05977,54,53865,72,5,39,8,Home & Garden,Medium
CUST_05978,42,37069,16,3,51,8,Electronics,Low
CUST_05979,37,15465,20,2,93,4,Clothing,High
CUST_05980,40,63968,47,1,115,36,Sports,Medium
CUST_05981,23,15000,24,1,156,29,Books,High
CUST_05982,54,29484,74,1,177,25,Sports,Medium
CUST_05983,58,66417,26,3,116,22,Sports,Low
CUST_05984,39,30385,81,3,105,13,Clothing,High
CUST_05985,54,25671,70,4,285,43,Clothing,High
CUST_05986,28,56366,74,2,90,76,Sports,Low
CUST_05987,25,23728,87,12,136,17,Books,Low
CUST_05988,35,19710,51,3,112,15,Clothing,Low
CUST_05989,40,41658,29,2,79,5,Books,High
CUST_05990,30,33141,47,1,80,33,Clothing,Medium
CUST_05991,41,19499,38,4,227,24,Books,Medium
CUST_05992,38,49934,35,4,84,132,Toys,Medium
CUST_05993,23,45809,53,4,70,26,Books,High
CUST_05994,41,30336,43,10,53,10,Home & Garden,High
CUST_05995,45,31392,34,7,120,24,Clothing,Medium
CUST_05996,37,45944,45,10,62,125,Toys,Medium
CUST_05997,48,65853,60,1,113,38,Toys,Low
CUST_05998,20,31527,69,1,101,4,Home & Garden,Medium
CUST_05999,40,50379,17,1,66,12,Sports,Medium
CUST_06000,20,48175,43,5,33,10,Books,Low
CUST_06001,21,56367,47,2,43,58,Books,Medium
CUST_06002,27,37036,26,7,48,28,Electronics,High
CUST_06003,23,23013,47,2,44,49,Clothing,Medium
CUST_06004,28,28817,52,1,123,5,Sports,Medium
CUST_06005,32,43106,60,1,399,71,Sports,Low
CUST_06006,45,90150,51,1,62,1,Clothing,Medium
CUST_06007,31,28509,32,1,68,14,Electronics,Medium
CUST_06008,18,54306,90,1,59,1,Electronics,Medium
CUST_06009,48,30821,66,1,164,6,Clothing,Low
CUST_06010,24,38377,61,6,121,98,Books,Low
CUST_06011,34,77474,70,2,88,2,Books,Medium
CUST_06012,40,53217,54,1,38,4,Toys,High
CUST_06013,37,19523,75,2,45,77,Sports,High
CUST_06014,48,27276,51,11,101,37,Clothing,High
CUST_06015,40,68057,50,3,105,15,Books,High
CUST_06016,24,38985,62,21,89,2,Electronics,Medium
CUST_06017,61,20446,81,3,143,46,Clothing,Medium
CUST_06018,37,24113,80,16,38,20,Sports,Low
CUST_06019,33,51624,61,1,111,11,Books,High
CUST_06020,46,59707,60,1,107,13,Books,Medium
CUST_06021,37,36641,63,6,46,21,Electronics,Low
CUST_06022,39,125198,69,21,58,24,Books,Low
CUST_06023,64,54834,75,8,146,51,Books,Medium
CUST_06024,31,32152,45,4,40,44,Electronics,Medium
CUST_06025,31,24152,76,1,505,43,Electronics,Low
CUST_06026,36,22304,56,2,132,39,Sports,High
CUST_06027,47,42946,63,1,86,42,Toys,Medium
CUST_06028,18,28441,77,1,75,33,Clothing,Low
CUST_06029,18,83857,64,1,156,60,Books,Medium
CUST_06030,27,75595,68,2,67,24,Books,High
CUST_06031,18,49838,42,9,69,22,Electronics,Low
CUST_06032,29,20140,79,1,248,36,Toys,High
CUST_06033,41,25949,63,1,64,5,Toys,Medium
CUST_06034,24,68039,52,1,99,45,Sports,High
CUST_06035,18,27404,72,1,52,82,Books,High
CUST_06036,35,63644,100,2,107,10,Sports,High
CUST_06037,45,46041,26,1,135,28,Home & Garden,Low
CUST_06038,18,37266,33,14,292,1,Electronics,Medium
CUST_06039,44,25554,100,2,46,43,Toys,Medium
CUST_06040,44,34643,58,1,32,24,Books,Medium
CUST_06041,46,39927,53,3,74,33,Sports,High
CUST_06042,49,60856,47,1,58,4,Clothing,Low
CUST_06043,61,23321,74,1,89,49,Sports,High
CUST_06044,30,31843,100,1,129,8,Sports,High
CUST_06045,36,37138,36,1,439,34,Home & Garden,High
CUST_06046,30,50581,48,6,65,26,Books,High
CUST_06047,35,23057,42,7,19,31,Toys,Medium
CUST_06048,53,18801,64,2,76,1,Toys,Low
CUST_06049,18,50867,74,5,115,40,Books,Medium
CUST_06050,24,17000,82,2,45,47,Electronics,Medium
CUST_06051,51,69043,65,1,106,19,Sports,Medium
CUST_06052,47,33591,100,2,99,15,Clothing,Medium
CUST_06053,30,16751,38,4,107,12,Home & Garden,Low
CUST_06054,45,28560,33,1,156,78,Sports,Medium
CUST_06055,39,43895,79,5,84,42,Clothing,High
CUST_06056,53,27823,52,6,132,35,Electronics,Medium
CUST_06057,35,36681,22,9,25,77,Home & Garden,High
CUST_06058,47,52577,43,1,45,12,Books,Medium
CUST_06059,66,32823,55,1,70,29,Books,Low
CUST_06060,42,22730,37,1,44,34,Sports,Low
CUST_06061,35,31272,29,12,90,167,Home & Garden,High
CUST_06062,43,73675,45,7,70,16,Clothing,Low
CUST_06063,30,84333,28,9,65,15,Electronics,High
CUST_06064,63,15000,62,3,167,2,Toys,High
CUST_06065,37,62662,11,3,95,3,Toys,Medium
CUST_06066,31,41153,51,1,42,21,Electronics,Medium
CUST_06067,24,57641,60,9,59,5,Books,Medium
CUST_06068,48,27577,48,8,152,2,Books,Medium
CUST_06069,45,15000,71,2,103,100,Electronics,Low
CUST_06070,29,48642,22,1,207,90,Books,Low
CUST_06071,41,22686,35,6,162,11,Electronics,Medium
CUST_06072,18,18139,43,1,68,46,Sports,High
CUST_06073,37,18784,64,9,245,61,Toys,Low
CUST_06074,40,49043,54,2,260,18,Clothing,High
CUST_06075,55,38938,92,2,25,7,Toys,High
CUST_06076,25,53703,33,5,92,4,Home & Garden,Low
CUST_06077,19,50743,22,5,61,4,Sports,Medium
CUST_06078,24,29423,85,1,75,47,Home & Garden,High
CUST_06079,18,35058,21,14,50,14,Electronics,Medium
CUST_06080,51,28121,63,21,46,35,Clothing,Low
CUST_06081,53,32690,30,3,169,23,Sports,High
CUST_06082,38,22390,8,4,39,15,Toys,Medium
CUST_06083,49,44145,42,4,96,3,Books,High
CUST_06084,36,62165,67,3,35,12,Home & Garden,Low
CUST_06085,33,24141,25,14,218,55,Home & Garden,Medium
CUST_06086,31,68915,61,1,91,50,Books,Medium
CUST_06087,31,38436,65,1,151,1,Sports,High
CUST_06088,18,40967,24,13,103,4,Books,Medium
CUST_06089,38,15526,45,1,75,42,Home & Garden,Medium
CUST_06090,34,15000,81,6,94,12,Books,Low
CUST_06091,43,39028,63,1,258,30,Home & Garden,High
CUST_06092,36,53898,44,16,48,24,Toys,Low
CUST_06093,33,25959,58,7,15,31,Sports,Low
CUST_06094,24,83704,36,12,51,1,Clothing,Low
CUST_06095,35,52442,72,15,38,80,Sports,High
CUST_06096,43,23059,72,1,177,1,Books,High
CUST_06097,21,36879,52,2,79,1,Books,High
CUST_06098,36,125299,54,5,160,7,Sports,Low
CUST_06099,37,19510,30,8,92,151,Clothing,Medium
CUST_06100,26,47293,22,1,90,2,Home & Garden,Medium
CUST_06101,27,30903,42,12,100,62,Books,Medium
CUST_06102,37,51712,48,1,253,5,Books,Medium
CUST_06103,21,68434,71,10,102,3,Sports,Medium
CUST_06104,39,29937,68,3,195,45,Home & Garden,High
CUST_06105,24,63541,53,3,187,56,Home & Garden,Medium
CUST_06106,47,110260,73,2,80,47,Books,High
CUST_06107,63,37539,31,1,85,8,Home & Garden,High
CUST_06108,24,53768,71,2,69,63,Toys,High
CUST_06109,41,27032,34,2,221,2,Sports,Medium
CUST_06110,26,36666,74,3,46,12,Toys,Medium
CUST_06111,47,33245,49,6,54,18,Clothing,Low
CUST_06112,19,54093,10,2,74,2,Toys,High
CUST_06113,40,66326,64,2,40,26,Electronics,Low
CUST_06114,24,34378,66,11,59,24,Toys,Low
CUST_06115,32,78183,40,6,199,145,Clothing,Medium
CUST_06116,22,78043,42,1,142,29,Sports,Medium
CUST_06117,44,55460,46,8,67,15,Toys,Medium
CUST_06118,24,28056,11,22,157,46,Clothing,Medium
CUST_06119,41,26744,2,14,386,12,Electronics,Medium
CUST_06120,30,24192,76,9,112,22,Clothing,High
CUST_06121,33,58371,33,4,243,1,Books,High
CUST_06122,36,19813,87,1,163,11,Sports,High
CUST_06123,25,50940,77,5,73,22,Home & Garden,Medium
CUST_06124,37,21151,81,5,103,36,Books,Low
CUST_06125,53,54817,36,1,130,3,Books,Medium
CUST_06126,25,36629,17,1,53,47,Toys,Low
CUST_06127,49,70743,28,2,14,69,Toys,High
CUST_06128,52,64262,41,5,50,9,Toys,High
CUST_06129,25,74423,2,1,19,43,Electronics,High
CUST_06130,18,75388,40,4,53,5,Clothing,Low
CUST_06131,38,39019,45,11,27,22,Sports,Medium
CUST_06132,28,20345,24,1,166,47,Toys,Medium
CUST_06133,57,21455,29,16,39,14,Electronics,Low
CUST_06134,35,15000,45,3,131,1,Electronics,High
CUST_06135,25,21124,57,1,153,23,Clothing,Medium
CUST_06136,21,37586,32,1,147,55,Sports,Low
CUST_06137,48,27451,55,2,24,3,Books,Medium
CUST_06138,28,33187,52,1,197,1,Sports,Low
CUST_06139,35,46460,50,9,120,49,Electronics,Medium
CUST_06140,46,31193,36,6,158,9,Electronics,Low
CUST_06141,29,20724,23,10,324,13,Home & Garden,Medium
CUST_06142,34,35361,83,4,156,2,Clothing,Medium
CUST_06143,34,23173,62,2,39,3,Home & Garden,High
CUST_06144,43,31716,70,1,142,28,Electronics,Low
CUST_06145,42,71067,48,4,31,24,Books,Low
CUST_06146,32,31721,46,4,86,10,Electronics,Low
CUST_06147,35,88034,59,2,63,18,Toys,Low
CUST_06148,30,74296,13,13,90,14,Sports,Medium
CUST_06149,18,27183,27,5,31,35,Sports,Medium
CUST_06150,38,20836,34,9,33,59,Books,Low
CUST_06151,57,35373,40,4,65,43,Toys,Low
CUST_06152,24,64644,32,1,77,1,Books,Medium
CUST_06153,25,28421,56,6,66,3,Home & Garden,Medium
CUST_06154,24,57184,51,1,248,16,Toys,Medium
CUST_06155,43,66450,77,4,121,57,Books,High
CUST_06156,40,24661,99,2,118,8,Electronics,Medium
CUST_06157,33,25899,24,1,68,63,Clothing,Medium
CUST_06158,23,51861,52,2,33,3,Toys,Low
CUST_06159,36,39180,52,1,89,2,Sports,Medium
CUST_06160,18,25770,49,1,318,73,Sports,High
CUST_06161,36,30452,28,8,105,5,Electronics,High
CUST_06162,45,35057,31,3,196,18,Clothing,Medium
CUST_06163,19,16606,54,2,214,11,Toys,Low
CUST_06164,18,53253,31,3,133,4,Books,High
CUST_06165,53,28585,53,7,105,29,Home & Garden,Low
CUST_06166,27,15000,45,1,45,99,Clothing,Low
CUST_06167,48,35884,52,3,77,32,Electronics,Low
CUST_06168,33,25064,30,3,69,13,Books,Medium
CUST_06169,33,84491,53,11,113,37,Books,Medium
CUST_06170,40,27099,32,4,33,4,Books,Low
CUST_06171,24,20976,53,1,61,26,Toys,High
CUST_06172,36,46815,76,2,119,19,Clothing,Medium
CUST_06173,30,26102,55,4,55,13,Books,High
CUST_06174,19,24594,56,1,47,40,Clothing,Medium
CUST_06175,39,46852,66,10,51,3,Toys,High
CUST_06176,31,21585,21,1,74,22,Electronics,Medium
CUST_06177,33,17524,84,1,17,57,Home & Garden,Low
CUST_06178,20,86077,28,1,53,6,Clothing,Low
CUST_06179,54,48520,67,5,175,9,Toys,Medium
CUST_06180,45,31821,64,3,112,32,Electronics,High
CUST_06181,46,36252,31,1,120,44,Clothing,Low
CUST_06182,31,46766,70,9,25,9,Electronics,High
CUST_06183,18,59081,59,1,67,13,Home & Garden,High
CUST_06184,58,24884,87,1,83,40,Sports,Low
CUST_06185,34,43611,53,1,124,10,Home & Garden,Low
CUST_06186,26,28187,47,13,195,32,Toys,Low
CUST_06187,40,33041,39,7,175,5,Sports,Medium
CUST_06188,49,39353,15,6,59,15,Sports,Medium
CUST_06189,34,36194,43,1,60,35,Books,Medium
CUST_06190,50,52458,44,3,241,18,Clothing,Low
CUST_06191,47,46329,55,4,69,1,Books,Medium
CUST_06192,22,17084,21,2,42,15,Electronics,Medium
CUST_06193,26,18418,45,1,77,10,Toys,Low
CUST_06194,46,30186,61,9,231,3,Toys,High
CUST_06195,18,90609,63,1,47,1,Electronics,Low
CUST_06196,33,23723,12,4,66,1,Electronics,Medium
CUST_06197,18,32724,64,2,49,89,Books,Low
CUST_06198,29,27773,45,5,175,41,Home & Garden,Low
CUST_06199,31,27528,46,1,110,84,Toys,Medium
CUST_06200,30,39700,2,1,172,3,Books,Medium
CUST_06201,28,73158,79,4,269,25,Books,Low
CUST_06202,21,45614,53,19,31,2,Home & Garden,Medium
CUST_06203,62,24300,19,18,52,1,Home & Garden,Medium
CUST_06204,57,143862,57,1,66,18,Home & Garden,Medium
CUST_06205,21,37770,56,1,94,31,Clothing,High
CUST_06206,53,27211,74,4,128,1,Books,Medium
CUST_06207,30,73574,43,2,63,13,Clothing,High
CUST_06208,36,28723,50,7,55,2,Sports,Medium
CUST_06209,34,83404,37,3,175,13,Sports,High
CUST_06210,27,23498,61,3,131,19,Books,Medium
CUST_06211,46,74236,34,5,112,12,Electronics,Low
CUST_06212,36,40155,32,1,20,25,Home & Garden,Low
CUST_06213,29,69253,48,5,209,26,Clothing,Medium
CUST_06214,19,93984,25,3,102,12,Sports,High
CUST_06215,24,20613,82,8,80,14,Books,Low
CUST_06216,18,68726,88,1,50,17,Electronics,Medium
CUST_06217,35,17953,40,1,57,14,Books,Medium
CUST_06218,20,21512,22,15,48,42,Electronics,Medium
CUST_06219,31,24301,56,4,22,4,Books,Low
CUST_06220,51,46714,40,13,50,58,Home & Garden,Low
CUST_06221,49,36919,73,5,29,12,Home & Garden,Low
CUST_06222,34,33404,34,13,86,38,Electronics,Low
CUST_06223,33,39070,60,1,40,64,Books,Low
CUST_06224,57,48807,52,1,150,65,Home & Garden,Low
CUST_06225,41,50722,36,8,28,18,Books,Low
CUST_06226,31,62760,54,8,207,8,Books,Medium
CUST_06227,18,90220,67,4,161,27,Home & Garden,High
CUST_06228,39,35929,51,4,42,6,Toys,High
CUST_06229,44,27985,51,12,84,46,Sports,Low
CUST_06230,27,49353,32,1,49,37,Sports,Low
CUST_06231,38,20493,72,4,134,47,Books,High
CUST_06232,30,25865,70,1,317,17,Sports,Medium
CUST_06233,32,59855,41,1,205,24,Clothing,High
CUST_06234,18,34130,47,2,55,3,Home & Garden,Medium
CUST_06235,32,19848,78,8,97,34,Sports,High
CUST_06236,46,17241,27,6,261,20,Toys,Medium
CUST_06237,27,37210,62,18,129,21,Sports,Medium
CUST_06238,35,64276,38,1,182,56,Books,Medium
CUST_06239,25,63848,85,2,142,44,Electronics,Low
CUST_06240,39,38385,51,1,94,22,Sports,High
CUST_06241,32,99156,75,1,85,13,Electronics,Low
CUST_06242,23,34461,34,1,38,17,Home & Garden,Medium
CUST_06243,50,33884,25,1,52,12,Electronics,High
CUST_06244,46,15000,45,2,47,4,Sports,Medium
CUST_06245,27,29036,55,1,70,31,Toys,Low
CUST_06246,40,55603,39,3,96,35,Clothing,Low
CUST_06247,41,79378,65,12,83,106,Toys,Low
CUST_06248,42,23977,45,6,104,18,Toys,Low
CUST_06249,18,45758,8,9,143,177,Clothing,Low
CUST_06250,47,61294,61,8,67,6,Home & Garden,High
CUST_06251,28,36519,32,2,150,32,Sports,Medium
CUST_06252,30,15000,42,6,199,157,Home & Garden,Low
CUST_06253,66,41095,81,7,120,30,Books,Medium
CUST_06254,38,53141,85,1,61,18,Books,Low
CUST_06255,30,22613,38,9,174,21,Electronics,Medium
CUST_06256,18,31981,61,3,126,56,Toys,Medium
CUST_06257,51,20378,38,1,138,83,Home & Garden,High
CUST_06258,18,15000,44,5,263,18,Clothing,High
CUST_06259,22,60688,37,5,147,44,Home & Garden,Medium
CUST_06260,31,36247,15,4,270,81,Electronics,Medium
CUST_06261,51,80727,51,1,81,9,Sports,Medium
CUST_06262,44,55751,55,3,66,20,Toys,Medium
CUST_06263,33,30421,36,2,201,161,Toys,Low
CUST_06264,38,34836,71,18,45,13,Home & Garden,Medium
CUST_06265,27,48198,41,8,337,29,Electronics,Medium
CUST_06266,36,58890,37,7,223,32,Books,Medium
CUST_06267,35,42673,60,1,95,5,Clothing,Medium
CUST_06268,46,63120,19,2,208,49,Sports,High
CUST_06269,46,31309,68,2,143,15,Home & Garden,Medium
CUST_06270,40,22057,41,3,36,20,Home & Garden,High
CUST_06271,30,35157,69,1,50,30,Clothing,High
CUST_06272,43,40239,75,4,109,15,Books,High
CUST_06273,33,19915,62,2,100,11,Home & Garden,High
CUST_06274,22,18613,33,4,224,23,Clothing,High
CUST_06275,30,45419,24,1,111,12,Toys,Low
CUST_06276,36,29638,21,1,37,17,Toys,Low
CUST_06277,45,33425,72,7,61,3,Clothing,Low
CUST_06278,32,30337,47,3,151,55,Sports,Medium
CUST_06279,20,77675,38,7,25,15,Toys,Medium
CUST_06280,35,68246,47,6,33,2,Clothing,High
CUST_06281,36,19561,71,9,69,46,Clothing,Medium
CUST_06282,37,27822,65,1,172,1,Toys,High
CUST_06283,46,55547,58,1,77,27,Clothing,High
CUST_06284,47,49068,62,3,124,36,Home & Garden,Low
CUST_06285,27,35570,53,14,90,6,Clothing,Low
CUST_06286,27,20561,56,5,81,4,Clothing,High
CUST_06287,22,25815,54,3,56,3,Clothing,Low
CUST_06288,43,28046,49,1,162,150,Clothing,Low
CUST_06289,52,41710,65,3,37,42,Books,Low
CUST_06290,31,85123,57,2,76,11,Home & Garden,Low
CUST_06291,32,25759,32,7,200,12,Clothing,High
CUST_06292,52,21741,60,2,52,31,Electronics,Medium
CUST_06293,41,34396,54,1,30,18,Electronics,Low
CUST_06294,40,60831,62,1,20,9,Electronics,Medium
CUST_06295,20,17615,47,1,143,1,Toys,Low
CUST_06296,43,75118,66,2,150,45,Toys,Low
CUST_06297,23,33322,48,2,70,65,Sports,Medium
CUST_06298,21,25155,64,4,36,6,Books,Medium
CUST_06299,30,16316,40,6,81,1,Electronics,Medium
CUST_06300,27,51702,42,1,205,3,Books,High
CUST_06301,32,33336,62,3,37,16,Electronics,High
CUST_06302,18,39551,43,9,188,10,Sports,High
CUST_06303,46,23146,94,3,27,2,Home & Garden,Medium
CUST_06304,48,30960,61,3,40,18,Books,Low
CUST_06305,18,28472,50,3,97,6,Home & Garden,High
CUST_06306,46,34534,66,2,174,2,Sports,Low
CUST_06307,25,25983,40,1,252,32,Books,Low
CUST_06308,45,16863,68,1,180,25,Home & Garden,High
CUST_06309,34,142094,67,1,266,52,Sports,High
CUST_06310,35,18366,75,7,102,10,Clothing,Low
CUST_06311,32,39764,41,1,58,4,Books,Medium
CUST_06312,49,15000,25,14,206,13,Home & Garden,Medium
CUST_06313,20,15000,37,8,233,45,Sports,High
CUST_06314,42,38135,44,5,172,8,Clothing,Medium
CUST_06315,48,39623,83,6,138,8,Books,High
CUST_06316,43,68237,93,1,238,4,Clothing,High
CUST_06317,62,44345,56,4,114,129,Electronics,Medium
CUST_06318,28,33694,50,14,88,102,Books,High
CUST_06319,46,22588,43,1,149,32,Sports,Medium
CUST_06320,33,76841,66,1,125,7,Sports,Medium
CUST_06321,49,57781,93,1,167,43,Books,Medium
CUST_06322,34,19473,85,4,82,26,Electronics,Medium
CUST_06323,30,37011,72,1,170,41,Books,Medium
CUST_06324,50,39027,72,3,164,59,Home & Garden,Medium
CUST_06325,29,30551,66,6,104,11,Sports,Medium
CUST_06326,18,53419,49,1,53,73,Toys,Low
CUST_06327,28,55042,35,7,214,68,Clothing,Medium
CUST_06328,42,33016,49,1,38,23,Sports,Medium
CUST_06329,51,31557,58,1,46,34,Electronics,Low
CUST_06330,36,76839,20,1,101,15,Toys,High
CUST_06331,50,57896,46,7,15,31,Books,Low
CUST_06332,18,37653,33,9,265,23,Sports,Medium
CUST_06333,29,16081,70,1,90,11,Home & Garden,High
CUST_06334,31,43131,39,1,264,11,Toys,Medium
CUST_06335,33,51484,56,9,318,31,Electronics,Low
CUST_06336,36,15000,35,5,80,94,Electronics,Low
CUST_06337,43,41189,81,1,231,6,Toys,Low
CUST_06338,29,29485,15,4,42,14,Clothing,Low
CUST_06339,36,32518,59,10,121,49,Sports,Low
CUST_06340,34,23070,24,1,64,3,Books,Medium
CUST_06341,23,33721,39,1,146,154,Electronics,Low
CUST_06342,33,72838,54,1,166,34,Home & Garden,High
CUST_06343,33,29050,55,5,80,72,Home & Garden,Medium
CUST_06344,33,58852,54,1,131,54,Books,Medium
CUST_06345,35,24266,53,8,174,45,Home & Garden,Medium
CUST_06346,35,53070,37,6,102,1,Clothing,Medium
CUST_06347,29,36345,46,4,532,15,Books,Medium
CUST_06348,50,43304,50,1,81,6,Home & Garden,High
CUST_06349,20,36445,53,22,286,61,Clothing,High
CUST_06350,26,50051,48,3,200,34,Home & Garden,Medium
CUST_06351,68,15000,64,3,24,3,Sports,High
CUST_06352,22,17855,51,27,255,13,Books,Medium
CUST_06353,18,44736,54,9,190,2,Home & Garden,Medium
CUST_06354,43,15000,42,3,97,40,Home & Garden,Low
CUST_06355,18,27853,28,2,116,16,Clothing,Medium
CUST_06356,32,35342,53,1,127,8,Sports,High
CUST_06357,60,24002,74,13,235,21,Sports,Low
CUST_06358,18,25699,58,9,67,1,Clothing,Low
CUST_06359,18,41597,33,1,273,8,Sports,High
CUST_06360,18,60153,66,6,42,5,Toys,Medium
CUST_06361,45,22488,43,7,26,80,Home & Garden,Low
CUST_06362,48,27240,64,1,136,14,Home & Garden,High
CUST_06363,28,25194,42,4,217,26,Sports,Medium
CUST_06364,43,15000,57,1,79,20,Home & Garden,Medium
CUST_06365,51,38982,39,7,18,32,Sports,Low
CUST_06366,56,57951,40,1,31,9,Clothing,Medium
CUST_06367,32,60374,18,5,122,3,Books,High
CUST_06368,18,23496,60,1,89,2,Clothing,High
CUST_06369,25,19421,57,1,221,6,Books,Medium
CUST_06370,29,36709,58,1,94,19,Toys,Medium
CUST_06371,31,54975,55,5,53,8,Clothing,High
CUST_06372,32,39238,34,1,111,17,Electronics,Medium
CUST_06373,48,41967,69,4,183,1,Toys,High
CUST_06374,50,64274,69,2,231,29,Home & Garden,Low
CUST_06375,32,25095,34,5,83,63,Clothing,Medium
CUST_06376,48,32533,60,3,94,1,Books,High
CUST_06377,39,82232,67,1,155,7,Sports,Medium
CUST_06378,35,32912,40,1,53,11,Sports,High
CUST_06379,45,19270,44,2,150,10,Clothing,Medium
CUST_06380,35,25986,60,5,76,1,Clothing,Medium
CUST_06381,59,22717,19,6,85,3,Toys,High
CUST_06382,18,43415,28,1,90,73,Clothing,Low
CUST_06383,28,23202,30,5,98,37,Sports,High
CUST_06384,33,41585,14,1,343,95,Electronics,Low
CUST_06385,40,25133,71,1,64,17,Clothing,Medium
CUST_06386,50,15000,10,3,67,63,Sports,High
CUST_06387,34,42332,56,1,247,50,Sports,Low
CUST_06388,18,39113,66,5,122,62,Clothing,Low
CUST_06389,45,47045,44,15,154,1,Toys,High
CUST_06390,44,25939,36,1,43,31,Books,High
CUST_06391,18,24593,54,4,106,25,Books,High
CUST_06392,34,44388,50,12,158,23,Toys,Medium
CUST_06393,18,77614,70,1,56,21,Home & Garden,High
CUST_06394,27,36518,1,2,139,47,Sports,High
CUST_06395,24,44904,31,1,78,103,Home & Garden,Medium
CUST_06396,44,30921,61,5,57,52,Home & Garden,High
CUST_06397,36,16784,51,5,182,61,Books,Low
CUST_06398,19,58906,65,5,199,19,Books,Medium
CUST_06399,45,57194,55,3,98,35,Electronics,Medium
CUST_06400,18,51812,47,6,123,16,Sports,Medium
CUST_06401,38,33157,43,1,227,13,Electronics,Low
CUST_06402,25,48948,96,15,68,67,Toys,Medium
CUST_06403,30,56776,80,1,114,70,Clothing,Low
CUST_06404,41,81640,59,1,68,34,Electronics,Medium
CUST_06405,41,59531,51,14,44,54,Clothing,Medium
CUST_06406,51,37493,60,8,68,13,Home & Garden,Medium
CUST_06407,34,18880,66,7,40,17,Sports,High
CUST_06408,38,39254,58,1,121,51,Toys,Low
CUST_06409,29,41286,34,8,52,15,Electronics,High
CUST_06410,37,51767,85,4,33,1,Sports,Medium
CUST_06411,40,71463,54,6,151,13,Toys,Low
CUST_06412,33,34628,90,19,144,15,Home & Garden,Low
CUST_06413,18,103828,53,1,71,5,Home & Garden,High
CUST_06414,38,15068,45,3,147,12,Home & Garden,High
CUST_06415,39,44786,77,6,51,81,Home & Garden,Low
CUST_06416,26,24361,56,2,69,58,Books,Low
CUST_06417,19,15000,52,1,119,17,Books,Medium
CUST_06418,52,32830,25,1,185,37,Home & Garden,Medium
CUST_06419,40,17525,63,4,68,4,Home & Garden,High
CUST_06420,32,33499,40,1,59,41,Electronics,High
CUST_06421,21,36952,41,1,179,19,Sports,High
CUST_06422,25,63530,40,2,138,38,Electronics,Low
CUST_06423,50,17089,58,1,99,30,Home & Garden,Low
CUST_06424,36,57195,19,1,205,7,Toys,High
CUST_06425,28,38140,45,1,351,53,Books,Medium
CUST_06426,41,60744,69,10,116,25,Clothing,Medium
CUST_06427,25,29264,25,1,59,46,Books,Medium
CUST_06428,53,18655,53,7,127,2,Books,Medium
CUST_06429,51,19756,37,7,50,28,Toys,High
CUST_06430,29,19036,41,4,214,10,Toys,High
CUST_06431,27,46115,83,1,55,59,Books,Medium
CUST_06432,18,75997,16,10,78,89,Clothing,Low
CUST_06433,18,27378,65,3,50,1,Home & Garden,Low
CUST_06434,18,49740,40,1,102,38,Home & Garden,Low
CUST_06435,36,16954,39,2,104,3,Home & Garden,Low
CUST_06436,31,39741,27,1,151,58,Toys,Low
CUST_06437,18,50730,65,2,97,3,Books,Low
CUST_06438,31,17604,46,3,92,6,Sports,Medium
CUST_06439,41,32795,43,2,60,8,Toys,High
CUST_06440,41,51945,52,5,73,39,Sports,High
CUST_06441,18,15000,46,13,33,10,Electronics,Low
CUST_06442,33,70807,9,2,238,27,Sports,Medium
CUST_06443,18,43340,40,2,84,25,Books,Medium
CUST_06444,45,51966,67,6,283,15,Home & Garden,Medium
CUST_06445,44,29544,19,3,82,23,Sports,High
CUST_06446,24,15346,28,2,23,3,Toys,Low
CUST_06447,25,47431,41,8,65,62,Clothing,Medium
CUST_06448,29,34846,35,11,89,6,Clothing,Medium
CUST_06449,18,36903,49,4,94,63,Toys,Low
CUST_06450,39,62555,28,1,144,21,Home & Garden,Medium
CUST_06451,31,53158,42,3,101,28,Sports,Low
CUST_06452,46,94903,49,3,71,8,Toys,Medium
CUST_06453,21,39219,62,2,47,7,Books,Low
CUST_06454,27,25703,74,1,67,20,Books,Low
CUST_06455,18,33050,44,3,137,9,Sports,Medium
CUST_06456,22,44704,87,2,164,16,Electronics,Medium
CUST_06457,20,60350,46,1,56,17,Electronics,Low
CUST_06458,46,17439,66,11,182,9,Clothing,High
CUST_06459,26,36470,88,10,134,10,Home & Garden,Low
CUST_06460,36,81208,52,7,48,108,Clothing,Low
CUST_06461,30,32205,22,2,106,26,Home & Garden,Low
CUST_06462,19,57844,51,2,116,53,Home & Garden,Medium
CUST_06463,32,46469,37,6,42,1,Toys,Medium
CUST_06464,42,58567,44,4,34,1,Home & Garden,High
CUST_06465,20,24224,89,4,125,21,Toys,Low
CUST_06466,44,24277,25,1,65,52,Home & Garden,Medium
CUST_06467,24,36685,56,4,259,28,Books,High
CUST_06468,29,16880,32,11,300,28,Toys,High
CUST_06469,41,31733,43,1,125,4,Sports,Low
CUST_06470,27,41210,64,2,175,115,Home & Garden,High
CUST_06471,35,88638,56,3,43,22,Sports,Medium
CUST_06472,31,44416,45,5,35,3,Home & Garden,Low
CUST_06473,36,49643,37,1,81,16,Toys,Low
CUST_06474,18,65006,56,10,36,2,Books,Medium
CUST_06475,18,22419,84,1,111,16,Books,High
CUST_06476,42,33438,31,9,52,37,Sports,Low
CUST_06477,47,122113,88,1,102,11,Sports,Low
CUST_06478,24,34906,73,1,79,11,Clothing,Low
CUST_06479,32,63463,77,8,140,21,Clothing,High
CUST_06480,38,58798,56,9,113,20,Electronics,Low
CUST_06481,43,17342,73,20,67,18,Clothing,Medium
CUST_06482,18,42414,29,1,34,21,Toys,High
CUST_06483,24,39080,36,3,100,1,Clothing,High
CUST_06484,31,42829,65,1,26,19,Toys,Medium
CUST_06485,43,24907,55,1,215,144,Home & Garden,Medium
CUST_06486,64,20775,47,1,130,43,Toys,Medium
CUST_06487,32,28623,1,1,162,10,Toys,Medium
CUST_06488,18,34582,41,11,45,33,Toys,Low
CUST_06489,39,65676,26,1,115,12,Electronics,Medium
CUST_06490,50,90098,59,4,56,6,Clothing,Low
CUST_06491,36,73006,46,4,99,44,Clothing,Medium
CUST_06492,24,55831,37,1,44,7,Sports,High
CUST_06493,46,21978,100,32,84,58,Electronics,Medium
CUST_06494,42,29600,70,2,34,14,Electronics,Medium
CUST_06495,22,40334,71,11,80,42,Electronics,High
CUST_06496,39,26470,94,14,28,9,Sports,Medium
CUST_06497,46,48465,66,14,305,31,Books,Low
CUST_06498,49,52064,34,6,100,7,Electronics,Medium
CUST_06499,34,47483,32,1,90,1,Electronics,Medium
CUST_06500,30,60631,69,1,144,50,Sports,Low
CUST_06501,49,23102,8,4,36,58,Books,Medium
CUST_06502,20,57896,48,2,52,63,Electronics,Medium
CUST_06503,40,25646,6,8,130,1,Electronics,High
CUST_06504,18,22686,51,6,100,42,Home & Garden,Medium
CUST_06505,47,47384,67,1,54,54,Books,Low
CUST_06506,31,66698,55,1,141,11,Clothing,Medium
CUST_06507,50,46351,68,1,111,19,Electronics,Low
CUST_06508,40,36695,89,4,128,15,Toys,Low
CUST_06509,20,42407,47,1,118,17,Sports,High
CUST_06510,52,38879,100,5,55,56,Home & Garden,Medium
CUST_06511,53,20682,54,5,85,16,Clothing,Medium
CUST_06512,45,19510,68,1,24,10,Clothing,High
CUST_06513,25,34912,37,4,62,4,Toys,Medium
CUST_06514,31,37794,82,4,75,33,Home & Garden,Low
CUST_06515,36,36521,70,3,139,2,Sports,High
CUST_06516,26,50922,79,15,128,1,Toys,Medium
CUST_06517,55,32606,51,1,53,34,Clothing,Medium
CUST_06518,36,48121,24,2,52,35,Clothing,High
CUST_06519,18,33782,59,10,224,6,Books,Medium
CUST_06520,39,90371,16,2,73,94,Clothing,Medium
CUST_06521,30,37811,43,2,97,46,Electronics,High
CUST_06522,34,117050,53,5,155,34,Electronics,Low
CUST_06523,30,43304,97,5,85,42,Toys,High
CUST_06524,44,32635,56,1,80,15,Home & Garden,High
CUST_06525,48,23162,52,3,72,18,Home & Garden,Medium
CUST_06526,38,17651,48,2,63,61,Sports,Low
CUST_06527,30,22120,23,4,99,1,Sports,Medium
CUST_06528,34,23393,51,4,25,48,Books,Medium
CUST_06529,35,44241,52,5,69,17,Home & Garden,Low
CUST_06530,25,27914,30,5,131,18,Books,Low
CUST_06531,41,39873,26,1,121,11,Sports,Low
CUST_06532,40,68939,40,1,241,28,Clothing,Medium
CUST_06533,53,34755,51,2,161,33,Toys,Medium
CUST_06534,50,102701,40,1,119,5,Books,High
CUST_06535,26,20172,28,5,91,25,Clothing,Low
CUST_06536,44,33681,55,4,65,18,Books,Low
CUST_06537,23,27732,60,1,128,45,Books,Low
CUST_06538,43,58003,52,10,112,23,Sports,High
CUST_06539,28,15000,38,3,69,16,Toys,Medium
CUST_06540,22,17649,61,1,49,22,Toys,High
CUST_06541,38,34417,46,1,86,20,Toys,High
CUST_06542,18,78880,26,3,202,82,Books,Low
CUST_06543,18,40656,70,2,97,11,Sports,Low
CUST_06544,32,18475,57,9,91,1,Books,Medium
CUST_06545,35,19958,47,3,121,32,Toys,Low
CUST_06546,30,83825,18,12,126,27,Toys,Medium
CUST_06547,18,26620,35,1,107,72,Books,Medium
CUST_06548,25,22663,90,5,87,3,Home & Garden,High
CUST_06549,39,76015,19,10,63,22,Home & Garden,Low
CUST_06550,41,60207,44,1,181,4,Sports,Low
CUST_06551,34,68667,49,1,66,18,Books,Medium
CUST_06552,48,22583,56,3,270,48,Clothing,Low
CUST_06553,39,16940,20,16,100,58,Electronics,Medium
CUST_06554,26,38815,53,5,93,53,Sports,Low
CUST_06555,31,42940,16,5,153,23,Home & Garden,Low
CUST_06556,18,43577,51,5,56,30,Home & Garden,High
CUST_06557,33,76045,36,1,134,24,Sports,High
CUST_06558,48,15261,32,2,97,24,Home & Garden,Low
CUST_06559,43,55817,66,1,120,64,Clothing,Medium
CUST_06560,51,20987,45,1,55,7,Home & Garden,Low
CUST_06561,31,55707,59,8,55,17,Electronics,Low
CUST_06562,51,28638,60,5,24,28,Electronics,Medium
CUST_06563,32,24173,75,27,65,43,Books,Medium
CUST_06564,52,26770,25,1,63,43,Clothing,Low
CUST_06565,34,17627,68,2,56,3,Home & Garden,Low
CUST_06566,43,37057,50,8,83,7,Home & Garden,Medium
CUST_06567,52,24677,42,1,94,72,Sports,Low
CUST_06568,32,53806,27,1,127,13,Books,High
CUST_06569,37,50012,62,2,133,1,Electronics,Low
CUST_06570,50,84463,31,2,141,6,Toys,Low
CUST_06571,33,43615,60,19,146,104,Sports,High
CUST_06572,19,47114,88,3,109,11,Sports,Medium
CUST_06573,60,73134,69,9,93,28,Home & Garden,Low
CUST_06574,29,26533,77,10,172,38,Electronics,Medium
CUST_06575,36,17255,35,1,146,31,Sports,Medium
CUST_06576,48,40136,65,6,31,14,Home & Garden,High
CUST_06577,27,17830,27,1,79,16,Books,Low
CUST_06578,22,123867,45,1,25,54,Clothing,High
CUST_06579,38,75188,84,10,25,32,Electronics,Medium
CUST_06580,18,107150,37,1,63,1,Books,High
CUST_06581,31,37467,72,2,82,6,Home & Garden,High
CUST_06582,37,47824,70,1,66,10,Clothing,Low
CUST_06583,31,28861,71,1,25,13,Sports,High
CUST_06584,18,56469,24,2,154,25,Books,Low
CUST_06585,54,19776,60,2,54,13,Sports,Low
CUST_06586,36,15000,46,2,126,52,Sports,Medium
CUST_06587,52,24456,71,12,55,19,Clothing,High
CUST_06588,31,17540,16,2,63,20,Clothing,Medium
CUST_06589,24,76036,57,1,121,16,Toys,High
CUST_06590,38,90024,54,1,70,11,Toys,Medium
CUST_06591,32,18007,10,6,101,38,Toys,High
CUST_06592,20,69276,32,4,109,7,Sports,Medium
CUST_06593,52,58436,13,15,33,35,Sports,Low
CUST_06594,27,16566,35,5,125,22,Clothing,High
CUST_06595,18,29877,60,1,46,3,Home & Garden,Low
CUST_06596,50,27171,53,1,41,1,Electronics,Medium
CUST_06597,28,52785,53,3,54,5,Sports,High
CUST_06598,27,19645,29,5,159,42,Toys,High
CUST_06599,18,34563,72,1,29,14,Clothing,Medium
CUST_06600,55,25771,49,4,141,49,Books,Low
CUST_06601,19,46012,50,10,114,20,Books,Medium
CUST_06602,35,32584,68,6,94,1,Toys,Medium
CUST_06603,45,27788,30,5,106,56,Toys,High
CUST_06604,40,32641,54,7,73,82,Home & Garden,Low
CUST_06605,34,100510,58,1,145,2,Home & Garden,Medium
CUST_06606,18,29482,39,1,66,7,Toys,Medium
CUST_06607,25,21579,63,1,28,37,Toys,Medium
CUST_06608,37,48616,59,1,85,176,Books,Low
CUST_06609,25,33800,47,12,157,62,Home & Garden,Low
CUST_06610,37,17896,47,1,127,3,Sports,High
CUST_06611,43,110829,60,5,320,28,Clothing,Medium
CUST_06612,46,30447,65,5,75,32,Electronics,Medium
CUST_06613,20,30063,51,5,80,29,Clothing,High
CUST_06614,61,39336,72,4,76,25,Clothing,Low
CUST_06615,44,86254,63,3,52,10,Home & Garden,Medium
CUST_06616,34,15679,14,2,64,33,Electronics,Medium
CUST_06617,48,41689,21,12,43,39,Toys,Medium
CUST_06618,63,103118,73,1,18,25,Sports,Medium
CUST_06619,18,38729,45,1,59,20,Books,Medium
CUST_06620,32,19581,53,3,91,7,Sports,Medium
CUST_06621,18,26656,72,2,139,23,Home & Garden,Medium
CUST_06622,37,40273,49,2,60,4,Toys,High
CUST_06623,39,70643,50,30,60,2,Books,Medium
CUST_06624,34,30648,32,7,185,45,Sports,High
CUST_06625,27,54903,57,10,35,33,Clothing,Low
CUST_06626,18,17717,61,2,80,31,Home & Garden,Low
CUST_06627,39,17643,38,1,175,78,Electronics,Medium
CUST_06628,52,28526,31,7,54,14,Clothing,Medium
CUST_06629,27,74534,100,8,30,15,Electronics,Medium
CUST_06630,40,37587,48,3,297,16,Books,Medium
CUST_06631,18,41978,36,11,157,18,Electronics,Low
CUST_06632,40,41732,64,17,160,21,Clothing,Low
CUST_06633,30,63234,48,3,84,45,Electronics,Medium
CUST_06634,25,26766,28,1,140,7,Home & Garden,High
CUST_06635,25,51233,59,3,15,17,Home & Garden,Medium
CUST_06636,30,23970,32,22,66,21,Clothing,Medium
CUST_06637,39,97893,81,1,174,5,Toys,Low
CUST_06638,19,24338,59,4,33,36,Sports,Medium
CUST_06639,30,23360,44,5,71,1,Toys,Medium
CUST_06640,34,47802,52,1,112,26,Electronics,Low
CUST_06641,21,37793,68,4,51,6,Clothing,Low
CUST_06642,56,42762,53,1,90,1,Electronics,Medium
CUST_06643,24,40686,92,9,117,11,Clothing,Low
CUST_06644,26,21053,72,6,111,16,Electronics,Low
CUST_06645,23,81363,59,8,67,50,Sports,High
CUST_06646,56,56770,31,1,50,15,Clothing,Medium
CUST_06647,41,71644,47,1,118,74,Home & Garden,Medium
CUST_06648,23,27884,59,9,114,55,Sports,Medium
CUST_06649,48,44723,33,2,110,6,Home & Garden,High
CUST_06650,37,40082,75,1,97,5,Sports,High
CUST_06651,38,63831,30,1,114,8,Home & Garden,Medium
CUST_06652,30,64868,37,3,166,13,Sports,Low
CUST_06653,26,39995,38,1,111,26,Toys,Low
CUST_06654,39,17000,64,4,96,3,Electronics,Low
CUST_06655,28,88418,33,6,62,22,Home & Garden,Medium
CUST_06656,56,47953,14,3,237,26,Electronics,Low
CUST_06657,19,26789,71,11,41,32,Clothing,Medium
CUST_06658,53,44501,41,1,78,23,Electronics,High
CUST_06659,33,17059,28,3,63,52,Home & Garden,High
CUST_06660,38,61554,34,1,25,30,Sports,High
CUST_06661,44,17402,84,10,115,77,Electronics,Low
CUST_06662,27,32519,36,13,78,36,Books,High
CUST_06663,45,41036,47,2,92,17,Sports,Medium
CUST_06664,18,61048,41,1,79,7,Clothing,Medium
CUST_06665,26,38302,25,1,152,1,Clothing,Low
CUST_06666,23,49885,35,9,166,2,Home & Garden,High
CUST_06667,19,35807,23,5,41,6,Sports,Low
CUST_06668,32,35735,69,10,309,7,Electronics,Low
CUST_06669,39,37901,52,1,76,40,Electronics,Low
CUST_06670,43,33039,99,3,135,14,Toys,Medium
CUST_06671,37,15626,35,5,102,11,Clothing,Medium
CUST_06672,27,24731,32,11,96,1,Sports,High
CUST_06673,39,41043,80,2,132,23,Sports,Medium
CUST_06674,36,32062,71,1,226,28,Clothing,Medium
CUST_06675,46,33593,57,12,155,63,Toys,Medium
CUST_06676,44,30894,27,1,75,20,Electronics,Low
CUST_06677,35,23581,84,3,84,1,Clothing,Medium
CUST_06678,24,28380,48,3,60,2,Sports,Low
CUST_06679,27,31150,41,1,148,9,Toys,Medium
CUST_06680,28,36409,72,2,136,4,Electronics,High
CUST_06681,31,44209,49,6,70,44,Books,Low
CUST_06682,38,33180,26,2,227,3,Toys,Medium
CUST_06683,43,21702,50,1,190,5,Clothing,Low
CUST_06684,34,18051,34,7,322,32,Sports,Medium
CUST_06685,35,133081,1,22,51,8,Sports,Medium
CUST_06686,36,20642,32,7,83,104,Toys,High
CUST_06687,28,28020,39,9,78,59,Home & Garden,High
CUST_06688,23,47028,26,14,557,40,Home & Garden,High
CUST_06689,18,43496,61,8,90,12,Clothing,Low
CUST_06690,26,47119,34,19,218,1,Toys,Medium
CUST_06691,40,29104,59,6,185,12,Toys,High
CUST_06692,26,40916,25,5,84,14,Electronics,Medium
CUST_06693,32,37446,68,5,93,4,Toys,High
CUST_06694,40,31068,24,11,129,3,Books,Medium
CUST_06695,41,41056,3,5,217,33,Books,Medium
CUST_06696,22,61554,74,7,79,7,Electronics,Low
CUST_06697,46,35914,32,1,63,33,Home & Garden,Low
CUST_06698,48,36034,85,12,172,23,Sports,Medium
CUST_06699,21,61949,61,2,40,69,Toys,Medium
CUST_06700,25,58728,65,1,107,47,Home & Garden,Medium
CUST_06701,49,80175,70,8,189,4,Clothing,Low
CUST_06702,33,15091,52,2,121,28,Home & Garden,High
CUST_06703,18,57100,52,1,60,31,Electronics,High
CUST_06704,18,49059,75,1,44,59,Toys,Medium
CUST_06705,32,23322,52,1,206,30,Clothing,Low
CUST_06706,21,41183,35,1,79,4,Electronics,Low
CUST_06707,30,61424,61,4,47,8,Clothing,Medium
CUST_06708,35,23990,7,10,199,30,Toys,High
CUST_06709,52,45309,76,2,157,72,Sports,Medium
CUST_06710,31,56144,76,4,43,66,Home & Garden,High
CUST_06711,47,21258,73,8,523,13,Electronics,Medium
CUST_06712,52,33821,73,2,61,53,Clothing,Medium
CUST_06713,52,42213,48,5,155,21,Home & Garden,Medium
CUST_06714,38,24390,47,2,361,18,Books,Medium
CUST_06715,18,23398,25,5,167,12,Electronics,High
CUST_06716,40,33944,84,1,107,34,Sports,Medium
CUST_06717,47,54220,40,19,33,27,Clothing,High
CUST_06718,34,50104,56,1,375,14,Electronics,High
CUST_06719,55,23606,55,3,164,43,Electronics,High
CUST_06720,45,50316,23,1,33,14,Books,High
CUST_06721,41,23909,15,4,265,26,Toys,Medium
CUST_06722,48,16234,50,2,93,14,Sports,High
CUST_06723,39,30225,40,1,74,3,Toys,High
CUST_06724,18,63671,48,1,60,5,Books,High
CUST_06725,29,50411,71,1,101,32,Clothing,Low
CUST_06726,49,36286,54,7,158,50,Home & Garden,High
CUST_06727,25,29485,65,1,63,18,Electronics,Medium
CUST_06728,32,29885,58,7,98,11,Clothing,Medium
CUST_06729,22,38345,43,3,959,12,Clothing,High
CUST_06730,56,21285,29,1,125,27,Sports,Medium
CUST_06731,55,30514,55,1,176,18,Electronics,Medium
CUST_06732,24,32604,51,11,46,1,Toys,Low
CUST_06733,36,18480,68,4,34,44,Books,Low
CUST_06734,26,23879,46,1,250,4,Home & Garden,Low
CUST_06735,42,44589,44,6,205,33,Toys,Medium
CUST_06736,41,36488,45,8,298,12,Electronics,High
CUST_06737,44,31120,31,2,85,25,Electronics,High
CUST_06738,38,23023,78,4,216,57,Home & Garden,Low
CUST_06739,70,79891,72,1,15,5,Toys,Medium
CUST_06740,22,23885,25,1,131,45,Clothing,High
CUST_06741,18,41183,66,2,185,1,Toys,Medium
CUST_06742,30,28454,13,6,55,76,Books,High
CUST_06743,18,36980,69,3,188,6,Electronics,High
CUST_06744,18,45652,36,2,79,47,Clothing,Medium
CUST_06745,22,18303,57,2,85,2,Sports,High
CUST_06746,23,36195,11,3,75,11,Clothing,Medium
CUST_06747,23,65865,26,1,272,30,Home & Garden,Medium
CUST_06748,41,87618,59,4,65,32,Books,High
CUST_06749,28,34029,35,1,60,36,Toys,High
CUST_06750,32,37080,33,8,49,12,Home & Garden,Medium
CUST_06751,45,109717,77,1,69,32,Sports,High
CUST_06752,25,64052,94,5,103,16,Toys,High
CUST_06753,31,26671,68,2,140,25,Clothing,High
CUST_06754,39,26649,28,7,53,23,Electronics,Low
CUST_06755,18,58587,85,8,116,5,Toys,High
CUST_06756,18,21905,18,1,138,56,Sports,High
CUST_06757,39,62558,43,5,46,60,Home & Garden,High
CUST_06758,40,42922,51,1,94,6,Toys,High
CUST_06759,59,47045,88,1,84,16,Clothing,High
CUST_06760,36,31940,68,13,94,18,Home & Garden,Low
CUST_06761,44,26504,40,1,62,23,Electronics,High
CUST_06762,32,75432,31,1,81,1,Sports,Low
CUST_06763,38,32100,70,1,91,42,Toys,High
CUST_06764,55,29570,39,3,331,59,Sports,High
CUST_06765,18,34889,54,12,92,4,Books,Low
CUST_06766,39,39995,22,1,229,68,Home & Garden,High
CUST_06767,60,21689,61,3,242,57,Books,High
CUST_06768,38,27379,59,2,35,23,Toys,High
CUST_06769,54,26661,25,2,73,9,Sports,Low
CUST_06770,27,55416,70,4,242,6,Clothing,High
CUST_06771,34,23318,61,4,102,20,Books,Medium
CUST_06772,35,15094,64,2,82,21,Clothing,Low
CUST_06773,18,15000,42,9,152,31,Books,High
CUST_06774,20,17410,53,1,190,48,Home & Garden,Medium
CUST_06775,21,71737,51,1,88,81,Home & Garden,High
CUST_06776,44,36610,47,23,74,47,Toys,High
CUST_06777,45,46659,53,6,17,71,Sports,Low
CUST_06778,38,47488,75,8,93,20,Home & Garden,Low
CUST_06779,44,37350,71,4,68,1,Books,Low
CUST_06780,33,34982,26,2,44,1,Books,Medium
CUST_06781,49,61222,69,4,77,9,Clothing,Medium
CUST_06782,35,39065,73,1,67,28,Electronics,High
CUST_06783,35,73097,46,7,101,12,Books,Medium
CUST_06784,31,49534,60,3,74,5,Clothing,High
CUST_06785,43,26664,59,15,123,57,Sports,Medium
CUST_06786,29,28323,33,5,101,125,Home & Garden,Medium
CUST_06787,46,25242,42,1,219,1,Home & Garden,Medium
CUST_06788,21,66754,65,3,61,2,Books,High
CUST_06789,21,29657,40,1,312,20,Home & Garden,Medium
CUST_06790,43,24361,69,6,190,12,Sports,Medium
CUST_06791,33,42611,76,3,254,45,Electronics,Low
CUST_06792,29,34593,72,2,107,31,Toys,Low
CUST_06793,45,42078,89,17,73,2,Books,High
CUST_06794,27,93424,48,14,61,23,Sports,Medium
CUST_06795,32,57327,53,15,306,12,Toys,High
CUST_06796,51,36809,56,1,193,100,Clothing,Low
CUST_06797,53,17957,48,6,44,19,Electronics,Low
CUST_06798,53,28283,60,14,178,78,Books,Medium
CUST_06799,31,51819,15,4,50,1,Home & Garden,Medium
CUST_06800,49,20221,54,1,112,3,Books,High
CUST_06801,23,105924,22,8,160,14,Clothing,High
CUST_06802,24,36578,30,10,249,65,Home & Garden,High
CUST_06803,18,37213,64,6,106,23,Toys,High
CUST_06804,55,26021,46,1,81,52,Electronics,High
CUST_06805,24,46554,63,1,92,10,Toys,High
CUST_06806,33,20353,45,4,189,3,Books,Medium
CUST_06807,24,107199,72,3,156,8,Sports,Low
CUST_06808,43,70169,45,5,88,31,Clothing,High
CUST_06809,30,59405,10,1,24,61,Books,Medium
CUST_06810,19,18120,54,1,16,18,Toys,Low
CUST_06811,40,40243,6,2,105,6,Sports,Low
CUST_06812,18,66472,20,1,39,30,Books,Medium
CUST_06813,24,48852,32,4,62,6,Clothing,Low
CUST_06814,18,22003,29,2,76,25,Books,Medium
CUST_06815,18,26237,39,5,385,3,Home & Garden,High
CUST_06816,37,28970,29,7,98,50,Home & Garden,High
CUST_06817,18,26856,21,1,149,49,Sports,Medium
CUST_06818,18,77994,80,12,128,23,Toys,High
CUST_06819,34,15000,36,7,16,1,Home & Garden,Low
CUST_06820,28,50410,5,4,68,9,Electronics,High
CUST_06821,58,19031,42,11,38,4,Electronics,Medium
CUST_06822,57,22457,27,1,301,22,Books,Medium
CUST_06823,24,15000,32,2,25,3,Toys,High
CUST_06824,41,27597,64,1,67,61,Electronics,Low
CUST_06825,43,77293,41,3,75,56,Electronics,Medium
CUST_06826,27,41457,26,3,45,5,Clothing,Medium
CUST_06827,18,19946,58,4,96,35,Clothing,Medium
CUST_06828,34,60389,72,1,87,35,Electronics,High
CUST_06829,32,67215,60,1,100,15,Clothing,High
CUST_06830,29,38254,1,2,127,4,Electronics,Medium
CUST_06831,40,100445,27,1,106,4,Sports,High
CUST_06832,25,54763,50,7,117,40,Clothing,High
CUST_06833,21,51089,45,5,196,7,Electronics,Medium
CUST_06834,36,24301,43,1,28,27,Electronics,Low
CUST_06835,39,49696,30,1,146,60,Books,Medium
CUST_06836,20,40473,21,1,43,26,Toys,Low
CUST_06837,46,47094,90,5,57,109,Sports,Medium
CUST_06838,18,25789,50,23,97,31,Toys,Medium
CUST_06839,28,38717,62,1,120,11,Sports,Low
CUST_06840,31,24138,50,8,130,57,Books,Low
CUST_06841,27,15000,50,10,46,11,Books,Medium
CUST_06842,28,59823,48,1,281,106,Toys,Low
CUST_06843,57,17133,27,12,67,19,Books,Medium
CUST_06844,24,38314,19,3,54,91,Home & Garden,High
CUST_06845,64,42894,57,16,36,6,Electronics,Low
CUST_06846,40,42756,53,3,34,1,Home & Garden,Medium
CUST_06847,36,31522,68,1,33,6,Clothing,High
CUST_06848,40,41589,64,18,112,3,Books,High
CUST_06849,65,45958,33,1,137,39,Toys,Low
CUST_06850,23,52443,72,10,49,9,Electronics,Medium
CUST_06851,21,86398,65,1,40,30,Electronics,High
CUST_06852,25,40826,63,5,77,33,Clothing,Medium
CUST_06853,35,37497,94,2,96,34,Toys,Low
CUST_06854,18,23078,90,17,108,53,Sports,Low
CUST_06855,35,45160,63,1,45,4,Electronics,Medium
CUST_06856,55,50700,61,2,80,1,Sports,Medium
CUST_06857,36,32986,71,5,269,1,Toys,Low
CUST_06858,31,47681,38,18,39,3,Electronics,High
CUST_06859,27,31374,38,1,88,14,Home & Garden,Low
CUST_06860,45,50792,63,2,127,102,Books,Medium
CUST_06861,25,57314,32,3,45,13,Toys,Low
CUST_06862,57,56914,61,1,138,18,Sports,High
CUST_06863,58,38519,53,8,35,50,Home & Garden,High
CUST_06864,38,21590,32,1,140,75,Toys,Low
CUST_06865,34,26743,50,6,92,106,Electronics,Low
CUST_06866,47,48902,76,3,33,52,Books,High
CUST_06867,48,123550,51,1,145,20,Home & Garden,Medium
CUST_06868,25,30627,51,3,48,7,Books,Low
CUST_06869,28,45611,56,8,80,27,Electronics,High
CUST_06870,19,27500,59,2,139,6,Toys,Medium
CUST_06871,39,22315,43,1,45,1,Electronics,Medium
CUST_06872,42,25895,57,1,62,75,Home & Garden,Medium
CUST_06873,18,15000,29,7,198,19,Electronics,Medium
CUST_06874,29,71447,34,2,21,21,Clothing,Medium
CUST_06875,18,15000,36,13,243,28,Books,Medium
CUST_06876,24,31827,59,4,32,18,Electronics,Medium
CUST_06877,41,20149,53,2,55,17,Electronics,Medium
CUST_06878,26,23337,47,4,109,74,Toys,Low
CUST_06879,31,72277,63,3,137,50,Clothing,Medium
CUST_06880,18,40156,57,11,110,7,Books,High
CUST_06881,37,22410,44,3,93,10,Sports,High
CUST_06882,34,27044,29,1,66,32,Clothing,Low
CUST_06883,26,24766,33,4,268,25,Clothing,Medium
CUST_06884,32,35533,20,4,154,43,Books,High
CUST_06885,37,39594,52,7,204,39,Toys,Low
CUST_06886,25,93693,32,13,67,36,Clothing,High
CUST_06887,18,15000,40,2,17,63,Books,Low
CUST_06888,56,35688,47,2,183,43,Toys,High
CUST_06889,27,31014,70,3,115,8,Clothing,Medium
CUST_06890,33,58295,68,11,102,61,Books,High
CUST_06891,47,43365,48,19,60,12,Toys,High
CUST_06892,75,48785,75,17,70,72,Books,High
CUST_06893,20,43154,9,1,59,52,Sports,Medium
CUST_06894,40,22788,87,3,92,2,Toys,Medium
CUST_06895,26,66544,63,1,40,44,Electronics,Medium
CUST_06896,28,54135,52,2,153,20,Toys,Low
CUST_06897,26,57398,32,1,374,113,Books,Medium
CUST_06898,21,68324,41,1,59,18,Home & Garden,High
CUST_06899,34,44749,62,2,29,2,Toys,Medium
CUST_06900,18,76152,62,2,83,10,Sports,High
CUST_06901,46,43862,63,1,112,16,Toys,Low
CUST_06902,35,32547,35,1,123,26,Toys,Low
CUST_06903,40,36195,31,6,276,4,Sports,Medium
CUST_06904,29,35885,53,1,159,21,Electronics,High
CUST_06905,30,28009,65,6,25,19,Clothing,Low
CUST_06906,38,82120,50,2,37,54,Clothing,Medium
CUST_06907,21,42114,79,8,119,10,Books,High
CUST_06908,30,38077,50,1,65,17,Sports,High
CUST_06909,24,44096,49,1,259,14,Books,Low
CUST_06910,24,161123,63,5,46,30,Home & Garden,Medium
CUST_06911,18,20622,74,12,176,54,Toys,Medium
CUST_06912,51,23800,23,1,57,33,Clothing,High
CUST_06913,26,18209,27,1,108,18,Books,High
CUST_06914,48,32328,43,13,50,30,Books,Low
CUST_06915,47,41058,100,1,133,11,Sports,Medium
CUST_06916,19,28777,44,1,190,4,Home & Garden,High
CUST_06917,21,27726,47,13,107,11,Home & Garden,Low
CUST_06918,65,38995,62,8,342,17,Books,Medium
CUST_06919,56,28252,69,2,54,17,Home & Garden,Medium
CUST_06920,34,42407,53,15,96,40,Home & Garden,High
CUST_06921,38,63393,73,4,162,82,Sports,Low
CUST_06922,27,50945,26,1,46,14,Toys,Medium
CUST_06923,40,56415,34,6,94,2,Sports,Low
CUST_06924,26,62502,73,3,143,1,Toys,Low
CUST_06925,18,41831,50,4,172,1,Home & Garden,High
CUST_06926,19,33546,24,25,200,83,Books,Medium
CUST_06927,35,24683,23,1,48,163,Clothing,High
CUST_06928,21,29864,33,5,110,1,Books,Medium
CUST_06929,34,27949,50,3,35,13,Books,Low
CUST_06930,22,52356,59,1,54,33,Clothing,Low
CUST_06931,25,43191,43,5,79,5,Sports,Medium
CUST_06932,45,51450,57,5,200,27,Books,High
CUST_06933,37,20329,41,9,130,50,Toys,Medium
CUST_06934,34,74300,74,10,92,58,Home & Garden,Medium
CUST_06935,45,29334,100,4,123,36,Home & Garden,High
CUST_06936,40,20952,42,1,129,2,Sports,Low
CUST_06937,52,29155,59,3,116,12,Sports,High
CUST_06938,29,125728,57,2,60,102,Sports,Medium
CUST_06939,29,29915,52,1,46,6,Electronics,Medium
CUST_06940,19,30867,63,4,76,18,Toys,Low
CUST_06941,29,32989,59,5,51,12,Electronics,Low
CUST_06942,46,33714,40,4,139,6,Home & Garden,Low
CUST_06943,50,24569,76,15,262,11,Books,High
CUST_06944,46,39011,54,1,133,6,Electronics,Low
CUST_06945,18,62180,42,2,25,62,Books,Medium
CUST_06946,47,42495,98,5,57,5,Clothing,High
CUST_06947,18,20835,47,4,91,29,Home & Garden,Medium
CUST_06948,45,30571,55,1,32,85,Electronics,Low
CUST_06949,30,27563,53,1,92,91,Home & Garden,Low
CUST_06950,43,37289,47,1,125,27,Clothing,Medium
CUST_06951,19,70631,58,9,241,9,Clothing,Medium
CUST_06952,49,33710,33,10,321,8,Home & Garden,Medium
CUST_06953,18,34749,61,1,39,41,Electronics,High
CUST_06954,26,88328,14,1,82,118,Toys,Low
CUST_06955,23,56280,24,1,83,2,Home & Garden,Medium
CUST_06956,18,48389,86,1,54,46,Books,High
CUST_06957,36,96670,24,1,96,3,Books,High
CUST_06958,56,46393,10,1,85,10,Books,Medium
CUST_06959,67,15000,25,3,138,25,Books,Medium
CUST_06960,36,55068,84,1,232,10,Books,Medium
CUST_06961,48,16382,14,4,98,31,Clothing,Low
CUST_06962,37,45524,30,2,63,16,Electronics,Medium
CUST_06963,40,15415,20,8,43,7,Electronics,Low
CUST_06964,30,28755,44,15,376,22,Sports,High
CUST_06965,37,30275,41,2,169,1,Home & Garden,High
CUST_06966,41,24709,40,1,119,40,Clothing,Medium
CUST_06967,28,30502,87,1,80,22,Clothing,Low
CUST_06968,34,60856,26,1,278,87,Home & Garden,High
CUST_06969,34,25413,47,2,80,3,Home & Garden,Medium
CUST_06970,44,47694,56,5,27,39,Books,Low
CUST_06971,22,22408,30,3,108,10,Clothing,Medium
CUST_06972,34,33032,59,1,38,14,Clothing,Low
CUST_06973,57,42698,42,7,108,12,Home & Garden,High
CUST_06974,48,22064,57,1,230,13,Home & Garden,Medium
CUST_06975,51,18847,47,1,27,16,Electronics,Medium
CUST_06976,35,46441,8,5,47,1,Books,Medium
CUST_06977,38,63674,76,1,164,56,Sports,High
CUST_06978,47,34907,91,5,63,64,Books,High
CUST_06979,53,28892,46,18,120,1,Clothing,Medium
CUST_06980,18,39255,32,8,120,44,Toys,Low
CUST_06981,19,37336,80,1,167,2,Electronics,Medium
CUST_06982,50,41005,87,3,57,49,Toys,Low
CUST_06983,31,15000,46,2,15,28,Home & Garden,High
CUST_06984,26,21278,45,23,118,10,Sports,High
CUST_06985,19,23798,48,16,30,28,Clothing,Medium
CUST_06986,28,39160,16,1,173,21,Sports,Low
CUST_06987,18,39852,44,11,87,30,Toys,Medium
CUST_06988,60,49915,84,1,73,19,Toys,High
CUST_06989,34,41307,46,1,145,44,Books,Low
CUST_06990,34,18951,29,2,26,1,Electronics,Medium
CUST_06991,42,74869,59,1,78,12,Books,Low
CUST_06992,46,68593,36,9,123,24,Toys,High
CUST_06993,46,19358,48,2,107,26,Home & Garden,High
CUST_06994,47,42888,24,8,63,5,Electronics,Medium
CUST_06995,27,26964,29,25,64,2,Toys,Medium
CUST_06996,31,38926,64,9,265,1,Books,Medium
CUST_06997,44,61491,52,2,170,15,Sports,High
CUST_06998,28,105350,34,6,56,12,Electronics,Medium
CUST_06999,34,52872,52,3,231,25,Electronics,High
CUST_07000,39,42085,37,7,152,17,Home & Garden,High
CUST_07001,44,30640,34,1,126,15,Home & Garden,High
CUST_07002,18,39777,73,5,130,55,Sports,Medium
CUST_07003,43,71674,65,7,40,29,Sports,High
CUST_07004,32,35512,49,7,258,31,Electronics,Medium
CUST_07005,43,23317,52,16,175,14,Clothing,Low
CUST_07006,44,16157,49,1,106,44,Toys,High
CUST_07007,54,46935,59,2,106,4,Toys,High
CUST_07008,51,41095,34,3,84,15,Books,Low
CUST_07009,51,26292,67,1,60,1,Electronics,Medium
CUST_07010,52,60658,57,1,130,3,Toys,High
CUST_07011,38,29410,44,1,51,2,Toys,Low
CUST_07012,35,33951,40,8,100,17,Sports,Medium
CUST_07013,45,36014,66,11,96,35,Electronics,Low
CUST_07014,43,30470,46,1,117,11,Home & Garden,High
CUST_07015,31,40861,36,1,173,1,Books,Medium
CUST_07016,39,64586,42,1,119,36,Electronics,Medium
CUST_07017,34,20511,65,3,146,6,Home & Garden,Low
CUST_07018,24,46363,17,7,23,38,Books,High
CUST_07019,50,39580,42,1,124,1,Books,Medium
CUST_07020,35,39217,71,5,94,11,Clothing,High
CUST_07021,59,56157,46,1,116,29,Home & Garden,Medium
CUST_07022,18,37221,55,17,62,61,Books,High
CUST_07023,28,46171,71,11,201,42,Toys,Low
CUST_07024,35,51944,67,14,107,17,Clothing,Low
CUST_07025,48,28220,41,1,53,38,Clothing,Medium
CUST_07026,39,42175,47,3,60,23,Electronics,Low
CUST_07027,38,32035,68,1,169,50,Toys,Medium
CUST_07028,21,33984,68,4,84,44,Toys,Medium
CUST_07029,21,30914,48,1,89,111,Sports,Low
CUST_07030,38,45960,48,7,78,3,Sports,Medium
CUST_07031,18,37828,55,5,182,12,Books,Low
CUST_07032,28,44235,77,4,126,6,Books,High
CUST_07033,41,35998,71,8,39,29,Books,Medium
CUST_07034,23,16284,63,3,45,32,Electronics,High
CUST_07035,54,36889,28,1,90,6,Clothing,Medium
CUST_07036,49,37487,44,4,57,16,Sports,Medium
CUST_07037,18,40998,45,15,19,27,Home & Garden,Medium
CUST_07038,23,26987,78,4,53,32,Sports,Low
CUST_07039,18,19975,45,4,74,3,Clothing,High
CUST_07040,25,49627,75,13,68,76,Clothing,Low
CUST_07041,44,31672,38,3,149,1,Home & Garden,Low
CUST_07042,30,39561,40,28,18,108,Electronics,Low
CUST_07043,40,31548,59,1,52,11,Sports,High
CUST_07044,18,36205,81,3,157,11,Books,High
CUST_07045,44,29008,45,1,56,17,Toys,Low
CUST_07046,28,22380,1,3,38,35,Electronics,Medium
CUST_07047,35,46021,18,1,55,5,Books,Medium
CUST_07048,33,26861,55,1,123,8,Sports,Low
CUST_07049,19,39417,20,1,75,97,Home & Garden,Medium
CUST_07050,21,44588,32,1,54,62,Electronics,Low
CUST_07051,46,27081,50,1,126,7,Sports,Medium
CUST_07052,39,19891,1,8,117,25,Books,Low
CUST_07053,47,122154,42,1,37,6,Sports,Medium
CUST_07054,38,27892,26,2,96,23,Toys,Low
CUST_07055,36,49598,20,1,36,13,Clothing,Medium
CUST_07056,18,95772,33,1,204,13,Clothing,High
CUST_07057,31,53903,28,11,213,30,Sports,Medium
CUST_07058,34,31250,59,9,73,8,Books,Medium
CUST_07059,58,35117,73,9,189,15,Clothing,Low
CUST_07060,43,23949,42,2,53,77,Sports,Low
CUST_07061,53,56435,38,1,81,42,Sports,Medium
CUST_07062,42,48201,41,1,59,14,Toys,High
CUST_07063,26,28079,27,4,88,7,Books,Medium
CUST_07064,36,21566,24,8,94,32,Clothing,Low
CUST_07065,37,18758,17,11,89,49,Books,Medium
CUST_07066,23,59471,23,1,84,59,Books,Medium
CUST_07067,30,38568,82,1,98,24,Toys,Low
CUST_07068,32,40436,36,1,216,21,Books,High
CUST_07069,54,24065,1,7,22,38,Clothing,High
CUST_07070,18,17470,38,1,345,5,Clothing,Low
CUST_07071,49,58765,18,3,70,57,Electronics,Medium
CUST_07072,23,37086,51,13,85,2,Home & Garden,Medium
CUST_07073,18,57160,49,6,228,27,Sports,Low
CUST_07074,49,29942,51,1,137,26,Home & Garden,High
CUST_07075,43,32260,49,1,130,11,Toys,High
CUST_07076,50,51877,42,7,215,1,Books,Medium
CUST_07077,44,52374,20,4,80,37,Electronics,Medium
CUST_07078,59,54110,48,6,171,1,Electronics,Medium
CUST_07079,41,31332,70,1,37,5,Toys,Low
CUST_07080,33,49378,86,10,120,23,Sports,Low
CUST_07081,39,63230,45,7,133,84,Sports,High
CUST_07082,49,34462,47,11,200,2,Home & Garden,High
CUST_07083,25,28092,60,2,147,25,Home & Garden,High
CUST_07084,27,71066,79,1,103,11,Clothing,Low
CUST_07085,31,26180,40,1,72,33,Home & Garden,High
CUST_07086,18,49748,63,13,71,91,Home & Garden,High
CUST_07087,36,35270,33,1,71,9,Books,High
CUST_07088,18,15000,56,1,36,93,Toys,Medium
CUST_07089,35,63850,69,1,305,61,Electronics,Medium
CUST_07090,45,15000,24,7,181,28,Home & Garden,High
CUST_07091,29,15000,39,11,107,42,Clothing,Low
CUST_07092,55,47271,69,8,159,60,Home & Garden,Low
CUST_07093,18,47265,62,4,152,48,Books,High
CUST_07094,49,26402,70,25,44,11,Sports,Low
CUST_07095,43,39101,66,1,140,50,Books,High
CUST_07096,18,15000,43,10,218,11,Clothing,Medium
CUST_07097,67,51714,93,2,56,60,Sports,Medium
CUST_07098,34,41145,52,3,30,8,Electronics,High
CUST_07099,24,35496,1,1,39,25,Clothing,Low
CUST_07100,18,36695,44,1,84,35,Clothing,High
CUST_07101,32,46473,40,1,38,16,Toys,Medium
CUST_07102,33,35794,65,1,79,45,Home & Garden,Medium
CUST_07103,36,15000,40,3,56,77,Clothing,Low
CUST_07104,31,108897,71,1,89,6,Toys,High
CUST_07105,42,66197,61,1,63,1,Electronics,Low
CUST_07106,30,19101,29,10,87,29,Electronics,Medium
CUST_07107,18,30559,47,12,137,27,Toys,Low
CUST_07108,33,32272,34,16,46,12,Electronics,High
CUST_07109,18,62281,53,5,109,46,Clothing,Low
CUST_07110,39,15000,34,7,49,52,Books,High
CUST_07111,23,28296,51,9,89,12,Clothing,Low
CUST_07112,36,15058,44,5,85,34,Home & Garden,Low
CUST_07113,50,31490,46,2,115,30,Electronics,Medium
CUST_07114,23,28674,91,1,102,12,Home & Garden,High
CUST_07115,47,37791,42,1,214,104,Toys,Medium
CUST_07116,29,26837,11,9,88,12,Electronics,High
CUST_07117,56,24946,70,5,58,29,Home & Garden,Low
CUST_07118,30,49504,70,3,172,14,Sports,High
CUST_07119,24,45585,10,1,113,1,Sports,Low
CUST_07120,43,47843,35,1,167,2,Electronics,High
CUST_07121,29,33241,58,6,82,7,Home & Garden,Low
CUST_07122,24,27286,60,3,36,50,Clothing,High
CUST_07123,29,34220,49,2,433,17,Toys,High
CUST_07124,34,46657,50,1,59,26,Books,Medium
CUST_07125,51,15000,31,4,39,86,Clothing,Medium
CUST_07126,18,44225,2,16,148,4,Clothing,High
CUST_07127,35,42385,90,11,46,59,Books,High
CUST_07128,42,37461,30,1,68,14,Books,High
CUST_07129,37,33703,53,3,98,12,Home & Garden,High
CUST_07130,50,15000,46,1,81,29,Books,Medium
CUST_07131,34,29146,67,3,69,68,Sports,Medium
CUST_07132,32,88851,52,4,273,12,Books,Medium
CUST_07133,42,36550,53,1,83,42,Toys,Medium
CUST_07134,36,31143,1,7,47,1,Clothing,Medium
CUST_07135,30,36623,33,3,178,29,Toys,Medium
CUST_07136,41,43364,64,24,54,29,Toys,High
CUST_07137,27,50483,63,1,83,24,Toys,High
CUST_07138,27,32388,30,1,47,83,Electronics,Medium
CUST_07139,28,44911,18,5,104,83,Sports,Medium
CUST_07140,51,83979,52,5,92,12,Books,Low
CUST_07141,18,60061,1,4,88,18,Toys,Medium
CUST_07142,39,117025,27,17,99,47,Books,Low
CUST_07143,35,26150,85,2,159,55,Electronics,High
CUST_07144,18,83959,78,2,147,16,Home & Garden,High
CUST_07145,38,24456,59,12,43,12,Clothing,High
CUST_07146,40,43337,56,3,56,51,Electronics,Medium
CUST_07147,42,52377,10,2,171,14,Home & Garden,Medium
CUST_07148,18,28130,35,6,52,15,Clothing,Medium
CUST_07149,51,37948,44,4,127,4,Toys,Medium
CUST_07150,26,57252,35,1,162,23,Books,High
CUST_07151,43,25460,42,1,28,11,Home & Garden,High
CUST_07152,43,83674,75,2,67,26,Electronics,Medium
CUST_07153,24,18173,39,1,159,17,Sports,Low
CUST_07154,42,95783,43,14,81,41,Toys,Low
CUST_07155,30,59913,64,1,67,9,Electronics,Medium
CUST_07156,18,34722,21,1,161,5,Electronics,Medium
CUST_07157,49,29692,33,5,194,36,Sports,Low
CUST_07158,25,28183,35,6,55,14,Toys,Medium
CUST_07159,24,33931,51,6,310,24,Home & Garden,Low
CUST_07160,30,35445,43,2,25,84,Toys,Low
CUST_07161,38,68023,43,10,31,19,Toys,High
CUST_07162,34,97180,36,3,65,4,Home & Garden,High
CUST_07163,41,40122,28,2,71,16,Electronics,Low
CUST_07164,18,23793,62,8,73,19,Electronics,Medium
CUST_07165,26,27643,43,1,61,43,Home & Garden,Medium
CUST_07166,33,33138,62,9,54,6,Toys,Low
CUST_07167,57,21697,27,3,77,12,Sports,Low
CUST_07168,33,20141,36,11,59,1,Clothing,Low
CUST_07169,48,103628,45,1,145,36,Sports,High
CUST_07170,35,42247,47,13,91,40,Books,Medium
CUST_07171,29,23943,65,5,77,18,Toys,Low
CUST_07172,32,54627,41,4,85,23,Electronics,Low
CUST_07173,32,20147,64,2,196,41,Home & Garden,Medium
CUST_07174,42,20994,57,15,64,9,Sports,Medium
CUST_07175,51,24306,47,2,36,28,Books,Low
CUST_07176,39,83054,30,3,45,99,Books,Medium
CUST_07177,49,32002,65,7,76,32,Electronics,Low
CUST_07178,23,15000,31,1,126,2,Clothing,Low
CUST_07179,30,66505,49,1,166,10,Clothing,Medium
CUST_07180,26,31157,48,7,285,21,Books,Medium
CUST_07181,38,15000,45,1,151,2,Sports,Medium
CUST_07182,30,30997,42,8,48,33,Books,Medium
CUST_07183,43,47122,33,4,78,31,Toys,High
CUST_07184,23,44445,17,3,19,62,Electronics,Medium
CUST_07185,35,89250,78,1,72,20,Electronics,High
CUST_07186,43,23709,40,7,58,35,Clothing,High
CUST_07187,18,37173,47,8,17,6,Books,High
CUST_07188,60,25596,47,3,393,1,Home & Garden,Low
CUST_07189,31,16796,71,2,69,5,Home & Garden,Medium
CUST_07190,18,56543,88,1,20,1,Sports,Low
CUST_07191,36,45781,53,7,74,16,Sports,Medium
CUST_07192,35,41849,46,5,285,18,Toys,Low
CUST_07193,34,44954,27,1,342,31,Clothing,Low
CUST_07194,46,25777,21,7,93,4,Electronics,High
CUST_07195,43,21963,14,10,96,7,Home & Garden,Medium
CUST_07196,38,37005,34,1,212,48,Toys,High
CUST_07197,40,64900,8,7,81,25,Home & Garden,Medium
CUST_07198,33,81148,71,9,124,1,Home & Garden,Medium
CUST_07199,56,54052,58,23,162,56,Toys,Low
CUST_07200,18,36849,44,1,42,29,Home & Garden,Medium
CUST_07201,36,41559,72,2,263,6,Clothing,Medium
CUST_07202,35,36526,28,16,48,8,Books,High
CUST_07203,44,21742,33,1,57,24,Home & Garden,Low
CUST_07204,24,36765,11,3,96,24,Electronics,Low
CUST_07205,18,18631,65,3,173,49,Toys,Low
CUST_07206,36,34131,33,4,144,13,Home & Garden,High
CUST_07207,38,82293,50,2,86,23,Sports,Medium
CUST_07208,52,54799,70,13,109,26,Electronics,High
CUST_07209,19,22889,77,1,190,24,Books,Medium
CUST_07210,48,35023,49,5,90,2,Home & Garden,Medium
CUST_07211,63,23928,57,3,50,15,Clothing,High
CUST_07212,30,35197,31,1,59,12,Clothing,Medium
CUST_07213,19,61117,83,1,170,147,Home & Garden,High
CUST_07214,30,50337,46,15,51,18,Sports,Medium
CUST_07215,35,125752,51,4,30,17,Toys,Low
CUST_07216,41,65922,41,4,72,19,Clothing,Low
CUST_07217,27,40215,73,7,85,75,Electronics,Low
CUST_07218,53,50948,53,1,164,28,Toys,Medium
CUST_07219,21,32819,65,6,32,14,Sports,Medium
CUST_07220,18,20666,57,1,114,73,Books,Medium
CUST_07221,48,69765,45,6,201,79,Toys,Low
CUST_07222,18,60143,68,1,50,9,Books,Medium
CUST_07223,32,32191,56,8,95,14,Toys,Low
CUST_07224,72,41646,30,5,19,101,Toys,Medium
CUST_07225,34,67539,30,2,165,23,Clothing,High
CUST_07226,21,55446,52,2,157,16,Sports,Medium
CUST_07227,34,17473,68,1,88,6,Clothing,Low
CUST_07228,34,41019,82,11,35,14,Books,High
CUST_07229,36,33395,14,1,143,29,Clothing,Medium
CUST_07230,42,63354,50,3,75,1,Sports,Medium
CUST_07231,22,60810,59,1,12,2,Home & Garden,Low
CUST_07232,55,70214,55,28,155,1,Books,High
CUST_07233,37,20765,70,4,203,7,Home & Garden,Medium
CUST_07234,43,24537,63,1,229,6,Sports,Medium
CUST_07235,27,63388,30,5,36,57,Books,High
CUST_07236,50,27015,29,23,23,6,Clothing,Medium
CUST_07237,31,16971,56,4,67,32,Clothing,Low
CUST_07238,38,47396,69,3,129,3,Toys,High
CUST_07239,23,27622,52,1,46,27,Clothing,Low
CUST_07240,23,88866,18,1,29,17,Books,Medium
CUST_07241,43,42112,29,1,149,15,Books,Medium
CUST_07242,29,39345,63,4,70,58,Toys,High
CUST_07243,24,30193,43,7,139,5,Clothing,Medium
CUST_07244,27,80452,52,10,91,27,Clothing,High
CUST_07245,43,43446,71,7,80,51,Home & Garden,High
CUST_07246,27,29606,25,1,86,37,Toys,Low
CUST_07247,33,24415,41,7,70,122,Toys,High
CUST_07248,35,35005,39,4,65,1,Books,Medium
CUST_07249,18,22274,57,3,41,64,Clothing,Low
CUST_07250,18,60744,65,4,126,28,Sports,Low
CUST_07251,39,15000,20,1,215,1,Clothing,High
CUST_07252,26,33868,49,1,63,18,Toys,High
CUST_07253,47,49269,67,3,332,43,Books,High
CUST_07254,46,43090,12,1,117,6,Clothing,High
CUST_07255,43,25370,48,3,107,34,Home & Garden,Low
CUST_07256,56,50520,25,2,142,4,Electronics,Low
CUST_07257,34,23317,37,11,178,48,Books,Medium
CUST_07258,42,35911,1,14,65,25,Books,Low
CUST_07259,27,50308,77,19,132,1,Toys,Medium
CUST_07260,64,45773,42,11,187,2,Electronics,Low
CUST_07261,58,25912,33,21,69,59,Clothing,Medium
CUST_07262,35,66088,56,6,90,1,Home & Garden,Medium
CUST_07263,39,37924,29,16,52,10,Clothing,Low
CUST_07264,51,52654,27,5,63,25,Toys,Medium
CUST_07265,33,78006,80,8,70,7,Electronics,Medium
CUST_07266,27,63497,86,1,47,7,Home & Garden,Low
CUST_07267,45,63580,38,5,86,44,Sports,Medium
CUST_07268,35,39988,71,13,113,10,Sports,Medium
CUST_07269,37,54012,57,3,121,1,Home & Garden,Low
CUST_07270,24,40408,21,1,51,38,Sports,Medium
CUST_07271,18,19837,31,3,58,92,Toys,Medium
CUST_07272,37,42250,81,6,163,53,Toys,Low
CUST_07273,45,41281,21,7,58,23,Toys,High
CUST_07274,32,48623,95,3,160,16,Home & Garden,Medium
CUST_07275,52,34064,38,1,53,77,Clothing,Medium
CUST_07276,26,24816,81,13,117,43,Clothing,High
CUST_07277,22,50425,43,7,152,25,Electronics,High
CUST_07278,34,18832,65,1,14,63,Clothing,Medium
CUST_07279,34,75313,77,8,165,27,Clothing,Low
CUST_07280,44,32347,77,2,224,108,Electronics,Medium
CUST_07281,25,41058,38,1,72,58,Books,High
CUST_07282,51,48015,32,9,114,23,Books,Medium
CUST_07283,58,48793,48,10,50,76,Home & Garden,Medium
CUST_07284,34,17952,23,2,116,12,Books,Medium
CUST_07285,49,54832,54,1,504,36,Books,High
CUST_07286,22,42259,33,1,19,5,Books,High
CUST_07287,47,26433,71,12,63,67,Clothing,Low
CUST_07288,47,24963,38,11,157,8,Books,Medium
CUST_07289,45,30729,15,3,217,89,Clothing,Medium
CUST_07290,34,18970,78,1,34,1,Clothing,Medium
CUST_07291,18,85916,53,1,57,34,Toys,High
CUST_07292,27,76349,50,11,59,4,Electronics,Medium
CUST_07293,27,45517,71,1,56,44,Home & Garden,Medium
CUST_07294,23,32477,67,3,82,20,Electronics,High
CUST_07295,36,32907,34,6,33,72,Toys,Low
CUST_07296,29,53052,41,1,75,37,Sports,High
CUST_07297,25,87457,27,1,46,43,Clothing,High
CUST_07298,22,27304,20,2,85,3,Books,Low
CUST_07299,26,20768,61,5,54,3,Books,Medium
CUST_07300,48,78733,57,8,79,57,Sports,Medium
CUST_07301,27,15000,65,3,43,7,Toys,Low
CUST_07302,28,21932,75,1,175,60,Toys,Medium
CUST_07303,29,32098,65,2,71,4,Home & Garden,High
CUST_07304,39,16643,67,1,90,11,Clothing,Low
CUST_07305,40,63327,8,1,81,79,Sports,Low
CUST_07306,18,55739,43,4,90,54,Sports,Low
CUST_07307,47,27244,69,15,90,1,Sports,High
CUST_07308,52,68858,26,9,158,17,Clothing,Medium
CUST_07309,22,74955,51,7,73,72,Clothing,Low
CUST_07310,23,34317,60,6,54,1,Clothing,High
CUST_07311,29,28988,58,11,92,3,Clothing,High
CUST_07312,25,112397,57,6,58,31,Electronics,Medium
CUST_07313,37,52082,61,4,85,3,Sports,Low
CUST_07314,18,41281,53,2,43,17,Electronics,Medium
CUST_07315,21,71809,20,1,187,21,Home & Garden,Low
CUST_07316,53,42233,60,3,52,59,Sports,Low
CUST_07317,23,28203,55,12,208,94,Clothing,Low
CUST_07318,49,37800,21,4,86,21,Toys,High
CUST_07319,39,61042,77,1,163,21,Toys,Low
CUST_07320,18,15000,60,5,52,38,Clothing,Medium
CUST_07321,42,31444,22,3,22,6,Clothing,Low
CUST_07322,33,72513,33,13,28,84,Electronics,Low
CUST_07323,29,28115,38,1,519,1,Clothing,High
CUST_07324,37,78672,38,6,59,1,Sports,Low
CUST_07325,40,73671,55,5,193,29,Books,High
CUST_07326,43,35144,30,20,36,12,Sports,Low
CUST_07327,49,27329,72,4,102,15,Toys,Low
CUST_07328,39,31455,70,10,114,7,Home & Garden,High
CUST_07329,18,137627,62,1,655,15,Sports,High
CUST_07330,29,92708,50,1,72,52,Clothing,High
CUST_07331,70,38665,68,2,54,36,Sports,High
CUST_07332,43,26793,44,4,115,2,Sports,High
CUST_07333,63,38504,35,2,47,1,Electronics,High
CUST_07334,51,41024,73,1,119,21,Books,Low
CUST_07335,37,19502,56,4,86,39,Toys,High
CUST_07336,38,37798,36,4,53,32,Sports,Medium
CUST_07337,34,70347,41,3,127,59,Toys,Medium
CUST_07338,18,15000,35,1,97,4,Home & Garden,Low
CUST_07339,35,54901,90,13,153,27,Sports,Medium
CUST_07340,49,72214,50,4,286,43,Books,Medium
CUST_07341,27,27439,53,1,63,83,Toys,High
CUST_07342,39,84718,64,5,67,3,Books,Medium
CUST_07343,45,25715,25,1,35,8,Books,Low
CUST_07344,24,45276,71,3,129,13,Books,Medium
CUST_07345,29,31151,37,2,57,23,Books,Medium
CUST_07346,22,31147,86,10,114,15,Toys,High
CUST_07347,25,26671,43,25,203,59,Toys,Low
CUST_07348,19,51497,70,1,55,90,Electronics,Low
CUST_07349,24,55514,1,1,64,2,Books,Medium
CUST_07350,52,35164,26,1,183,36,Electronics,Medium
CUST_07351,24,18398,44,4,147,3,Sports,Low
CUST_07352,36,44426,9,1,137,68,Sports,Low
CUST_07353,28,44846,62,8,68,4,Electronics,Medium
CUST_07354,49,32586,56,2,32,143,Clothing,High
CUST_07355,50,92375,30,4,54,16,Books,High
CUST_07356,45,16614,49,3,44,14,Books,High
CUST_07357,38,15000,66,11,135,26,Sports,High
CUST_07358,32,25199,7,1,109,15,Toys,Low
CUST_07359,20,51803,24,6,59,8,Electronics,Medium
CUST_07360,58,21419,43,5,66,29,Books,Medium
CUST_07361,25,22237,50,5,125,39,Sports,High
CUST_07362,42,58425,48,2,71,87,Books,Low
CUST_07363,47,45764,67,1,59,15,Toys,Medium
CUST_07364,28,43850,59,5,359,36,Electronics,Low
CUST_07365,47,53675,63,8,61,53,Clothing,Medium
CUST_07366,44,29360,22,1,143,53,Home & Garden,High
CUST_07367,55,30046,52,2,118,1,Sports,High
CUST_07368,29,54441,43,1,30,13,Sports,High
CUST_07369,19,18537,79,4,55,1,Home & Garden,Low
CUST_07370,28,15000,53,7,159,24,Home & Garden,High
CUST_07371,37,29241,36,5,82,60,Sports,Medium
CUST_07372,35,57840,67,1,32,50,Clothing,High
CUST_07373,30,41265,61,1,118,50,Sports,Low
CUST_07374,18,55750,33,7,59,13,Home & Garden,Medium
CUST_07375,40,15000,43,1,122,1,Books,Medium
CUST_07376,58,42520,43,1,590,5,Electronics,Low
CUST_07377,40,50358,74,4,117,33,Toys,High
CUST_07378,42,18482,54,1,138,4,Books,Medium
CUST_07379,41,55883,64,9,75,4,Clothing,Low
CUST_07380,39,34345,40,1,41,13,Sports,Low
CUST_07381,46,168664,56,2,184,2,Toys,Medium
CUST_07382,39,15000,76,1,58,12,Sports,Low
CUST_07383,31,72009,42,5,76,104,Electronics,Medium
CUST_07384,25,29819,52,3,315,1,Toys,Medium
CUST_07385,32,16178,22,7,71,53,Books,Low
CUST_07386,38,27903,34,3,210,151,Electronics,Low
CUST_07387,31,41720,43,1,118,17,Clothing,Medium
CUST_07388,38,61006,28,1,61,85,Books,Medium
CUST_07389,40,85903,76,35,114,9,Toys,Low
CUST_07390,44,73935,33,2,54,121,Books,Low
CUST_07391,50,22411,65,4,169,59,Clothing,Medium
CUST_07392,35,63900,53,11,215,64,Sports,Low
CUST_07393,19,44162,50,1,93,4,Sports,High
CUST_07394,30,26178,79,5,230,61,Home & Garden,High
CUST_07395,35,32664,4,1,100,85,Sports,Medium
CUST_07396,18,25465,46,1,170,51,Electronics,Low
CUST_07397,51,36995,28,1,710,2,Clothing,High
CUST_07398,36,25214,10,8,509,2,Sports,Medium
CUST_07399,39,21720,26,2,79,13,Books,High
CUST_07400,51,46145,50,1,110,36,Toys,High
CUST_07401,27,49730,35,1,43,1,Clothing,Low
CUST_07402,41,33064,67,1,157,90,Sports,High
CUST_07403,33,71957,45,11,118,22,Electronics,Medium
CUST_07404,32,31881,43,2,52,13,Home & Garden,Medium
CUST_07405,25,31213,43,12,206,24,Home & Garden,Low
CUST_07406,54,50526,48,8,74,37,Toys,Low
CUST_07407,30,33988,41,9,62,9,Toys,Medium
CUST_07408,43,37888,32,1,119,10,Toys,Low
CUST_07409,18,15000,69,1,65,18,Clothing,Medium
CUST_07410,49,36620,37,4,88,33,Toys,Low
CUST_07411,47,15000,42,2,305,36,Toys,High
CUST_07412,36,19722,58,3,58,11,Electronics,Low
CUST_07413,32,18626,56,1,144,11,Electronics,High
CUST_07414,39,21562,32,17,59,20,Electronics,High
CUST_07415,62,27600,65,1,45,23,Toys,Low
CUST_07416,18,28474,60,1,85,31,Sports,Medium
CUST_07417,44,50621,53,5,589,28,Toys,High
CUST_07418,24,40586,41,1,155,13,Home & Garden,High
CUST_07419,34,15000,41,1,124,10,Electronics,Low
CUST_07420,32,37859,45,1,62,11,Books,Low
CUST_07421,29,42579,25,1,68,31,Toys,Low
CUST_07422,34,30813,49,1,31,17,Sports,Medium
CUST_07423,21,35226,67,1,316,4,Toys,Low
CUST_07424,47,39940,67,3,108,1,Books,Medium
CUST_07425,18,53225,42,2,102,1,Books,Medium
CUST_07426,41,16523,71,3,103,60,Clothing,Medium
CUST_07427,31,32139,88,4,388,18,Sports,High
CUST_07428,20,77201,43,1,111,32,Books,High
CUST_07429,37,73742,63,1,78,79,Sports,Low
CUST_07430,18,55573,4,10,317,4,Electronics,High
CUST_07431,35,47496,24,5,82,17,Clothing,Medium
CUST_07432,18,83059,51,1,27,23,Home & Garden,High
CUST_07433,40,94743,29,16,30,55,Books,Medium
CUST_07434,23,34045,90,5,78,152,Toys,Medium
CUST_07435,29,22365,61,1,110,37,Clothing,High
CUST_07436,38,31724,69,17,160,30,Clothing,Low
CUST_07437,25,170816,49,2,47,75,Clothing,Low
CUST_07438,34,16569,29,20,76,54,Clothing,Low
CUST_07439,18,28702,39,1,51,60,Toys,High
CUST_07440,42,17919,55,1,196,1,Electronics,High
CUST_07441,56,38653,37,5,220,21,Sports,High
CUST_07442,68,19903,63,1,354,45,Home & Garden,High
CUST_07443,36,34393,64,1,115,6,Home & Garden,High
CUST_07444,44,15000,50,7,332,41,Toys,Medium
CUST_07445,18,49454,13,1,55,1,Sports,Low
CUST_07446,53,66914,84,12,104,25,Home & Garden,Medium
CUST_07447,44,29972,45,2,42,57,Toys,Medium
CUST_07448,29,33942,100,10,134,16,Clothing,Medium
CUST_07449,49,33466,63,2,109,40,Electronics,High
CUST_07450,31,39753,45,3,16,22,Clothing,Low
CUST_07451,29,35629,58,1,195,31,Clothing,Low
CUST_07452,40,53319,9,5,163,21,Electronics,Medium
CUST_07453,22,67273,70,1,61,19,Books,Low
CUST_07454,47,24172,100,1,109,55,Home & Garden,Medium
CUST_07455,22,31111,8,1,31,2,Electronics,Medium
CUST_07456,22,57000,44,1,52,26,Sports,Medium
CUST_07457,24,17839,47,1,289,3,Sports,Low
CUST_07458,44,15000,67,6,40,24,Sports,High
CUST_07459,27,40666,92,1,90,99,Books,High
CUST_07460,18,46544,57,1,33,1,Electronics,High
CUST_07461,27,25307,92,11,114,16,Books,High
CUST_07462,34,27191,53,5,133,48,Sports,High
CUST_07463,20,24832,59,12,149,13,Clothing,Medium
CUST_07464,21,23541,56,12,124,22,Clothing,High
CUST_07465,60,51366,74,1,244,3,Books,Medium
CUST_07466,24,20125,41,15,61,7,Toys,Low
CUST_07467,31,31800,66,1,42,34,Sports,High
CUST_07468,30,23094,25,12,59,52,Sports,Low
CUST_07469,29,17542,44,3,35,31,Sports,Low
CUST_07470,42,56111,37,3,95,54,Sports,High
CUST_07471,46,28003,51,6,81,27,Electronics,Low
CUST_07472,31,39903,43,10,125,49,Books,Medium
CUST_07473,20,17085,72,4,29,122,Books,High
CUST_07474,50,25060,32,2,89,2,Electronics,Low
CUST_07475,33,52999,15,1,210,19,Clothing,High
CUST_07476,55,132406,22,7,134,6,Books,Medium
CUST_07477,18,15000,69,1,23,18,Home & Garden,High
CUST_07478,37,32841,30,6,89,20,Books,Medium
CUST_07479,58,44629,57,3,53,29,Toys,Medium
CUST_07480,30,26687,44,2,90,17,Books,Medium
CUST_07481,32,55534,66,4,68,11,Clothing,High
CUST_07482,38,23544,45,7,304,1,Electronics,Low
CUST_07483,28,39219,100,14,95,1,Clothing,High
CUST_07484,31,27972,87,1,112,5,Clothing,Low
CUST_07485,30,66817,43,14,87,17,Electronics,High
CUST_07486,27,25895,40,16,125,16,Toys,Medium
CUST_07487,49,30456,100,8,77,6,Home & Garden,Medium
CUST_07488,40,58270,28,10,154,51,Electronics,High
CUST_07489,38,21719,48,5,68,34,Clothing,High
CUST_07490,44,37585,50,1,235,12,Electronics,Medium
CUST_07491,31,15000,49,4,127,47,Toys,Medium
CUST_07492,25,21079,15,6,80,135,Books,Medium
CUST_07493,27,43961,59,14,162,8,Books,Low
CUST_07494,35,22129,30,4,127,13,Home & Garden,High
CUST_07495,22,27659,78,7,160,148,Home & Garden,Medium
CUST_07496,28,46469,20,6,95,4,Electronics,Medium
CUST_07497,28,27184,51,1,76,2,Electronics,High
CUST_07498,60,54798,5,1,98,22,Electronics,Medium
CUST_07499,18,40450,6,6,63,18,Sports,High
CUST_07500,32,45154,33,1,178,2,Clothing,Medium
CUST_07501,55,67540,36,1,251,10,Clothing,Medium
CUST_07502,36,42612,79,5,135,16,Toys,Low
CUST_07503,44,78387,49,7,242,51,Home & Garden,Medium
CUST_07504,36,57275,75,4,198,36,Books,Low
CUST_07505,26,27952,42,10,74,73,Toys,High
CUST_07506,18,69325,62,1,161,12,Toys,Low
CUST_07507,37,41437,35,1,36,11,Toys,Medium
CUST_07508,25,29811,34,5,102,18,Books,Medium
CUST_07509,25,41739,13,8,39,1,Books,High
CUST_07510,29,63333,56,3,83,6,Books,Medium
CUST_07511,55,45593,55,1,32,7,Clothing,High
CUST_07512,63,90327,65,5,193,1,Sports,Low
CUST_07513,37,62521,54,8,68,18,Toys,Low
CUST_07514,29,47173,90,1,169,70,Books,Medium
CUST_07515,20,21741,53,1,85,1,Home & Garden,Low
CUST_07516,40,33194,69,3,24,29,Electronics,High
CUST_07517,56,37640,43,1,64,63,Electronics,Medium
CUST_07518,32,51447,31,2,62,3,Home & Garden,Low
CUST_07519,18,49944,64,1,89,74,Home & Garden,High
CUST_07520,43,39528,48,1,258,51,Home & Garden,High
CUST_07521,46,38567,66,2,290,7,Sports,Medium
CUST_07522,18,52063,57,1,76,70,Electronics,Medium
CUST_07523,37,23640,34,1,37,48,Sports,Medium
CUST_07524,40,84775,71,8,53,3,Books,Low
CUST_07525,34,15000,32,1,125,53,Electronics,High
CUST_07526,25,75184,62,5,83,23,Home & Garden,Medium
CUST_07527,47,35504,75,8,29,50,Sports,Low
CUST_07528,30,59951,42,1,63,28,Clothing,Low
CUST_07529,18,43561,73,1,225,14,Electronics,Medium
CUST_07530,18,43175,57,5,110,27,Toys,Low
CUST_07531,50,47912,67,1,93,30,Home & Garden,Low
CUST_07532,42,54422,33,3,68,43,Home & Garden,Medium
CUST_07533,36,30809,54,9,65,53,Books,Low
CUST_07534,29,60925,21,1,131,32,Sports,Low
CUST_07535,28,21115,84,4,99,137,Books,Low
CUST_07536,22,36218,9,14,154,45,Clothing,High
CUST_07537,29,55159,42,1,131,72,Toys,High
CUST_07538,18,59725,31,1,91,11,Clothing,High
CUST_07539,26,45724,63,4,117,11,Books,Medium
CUST_07540,31,29831,88,16,59,13,Electronics,High
CUST_07541,42,56860,63,1,87,17,Electronics,Low
CUST_07542,34,25986,100,2,230,97,Books,Medium
CUST_07543,44,87177,22,1,90,2,Toys,High
CUST_07544,51,34810,23,2,77,20,Toys,Low
CUST_07545,47,16817,32,1,104,5,Books,Low
CUST_07546,40,19983,52,2,39,49,Electronics,High
CUST_07547,35,37116,29,4,105,1,Sports,High
CUST_07548,23,38945,34,18,295,18,Toys,Low
CUST_07549,43,97229,62,8,51,15,Toys,Medium
CUST_07550,55,21606,25,8,108,2,Books,Medium
CUST_07551,39,37039,27,1,88,14,Toys,High
CUST_07552,58,21381,42,1,86,49,Home & Garden,High
CUST_07553,18,28386,43,4,85,4,Sports,Medium
CUST_07554,21,84287,70,3,148,123,Books,High
CUST_07555,45,20574,31,3,41,1,Home & Garden,Medium
CUST_07556,38,48704,35,1,145,10,Home & Garden,High
CUST_07557,50,44198,61,3,94,44,Books,Medium
CUST_07558,34,35879,66,1,26,13,Books,High
CUST_07559,24,47085,78,2,117,19,Books,Medium
CUST_07560,32,20332,59,1,97,6,Home & Garden,Medium
CUST_07561,18,83130,52,9,48,37,Clothing,Medium
CUST_07562,21,95075,61,1,100,5,Books,High
CUST_07563,46,37180,44,14,35,56,Books,Low
CUST_07564,45,121972,44,9,55,23,Sports,Low
CUST_07565,39,29747,14,6,92,23,Books,High
CUST_07566,18,44365,67,20,27,81,Toys,Medium
CUST_07567,30,74305,54,1,40,44,Toys,Low
CUST_07568,20,28868,65,5,44,40,Sports,High
CUST_07569,49,18200,1,9,95,58,Sports,Low
CUST_07570,27,16222,49,1,122,2,Clothing,Low
CUST_07571,21,101764,32,4,48,38,Books,Low
CUST_07572,35,27875,80,2,46,7,Clothing,High
CUST_07573,27,33094,62,2,99,9,Toys,Medium
CUST_07574,52,20818,54,12,97,1,Home & Garden,Low
CUST_07575,26,58347,41,3,55,67,Clothing,Medium
CUST_07576,18,24568,57,1,323,40,Electronics,Medium
CUST_07577,18,28406,31,13,102,4,Electronics,High
CUST_07578,34,42182,48,1,79,11,Electronics,High
CUST_07579,28,21332,38,11,68,19,Sports,Low
CUST_07580,18,33213,95,17,182,20,Toys,Medium
CUST_07581,49,73211,79,10,131,27,Electronics,Medium
CUST_07582,43,44986,71,5,26,19,Toys,Medium
CUST_07583,34,38764,20,6,55,31,Clothing,Medium
CUST_07584,51,40434,67,6,65,64,Books,Medium
CUST_07585,42,29894,53,3,89,15,Sports,Medium
CUST_07586,25,98526,74,1,139,62,Sports,High
CUST_07587,22,24195,56,1,42,7,Electronics,Low
CUST_07588,44,40354,49,6,85,3,Home & Garden,Medium
CUST_07589,39,38465,54,4,295,8,Home & Garden,High
CUST_07590,37,60137,13,4,91,6,Books,Low
CUST_07591,24,63043,34,5,55,126,Toys,Medium
CUST_07592,42,35738,57,7,35,14,Clothing,High
CUST_07593,25,41996,72,6,64,31,Electronics,Medium
CUST_07594,33,42798,38,1,42,35,Toys,High
CUST_07595,52,15000,49,2,68,17,Clothing,High
CUST_07596,27,16407,17,1,131,7,Toys,Medium
CUST_07597,18,26835,79,3,92,17,Home & Garden,Low
CUST_07598,22,27424,72,1,64,19,Home & Garden,Medium
CUST_07599,46,19937,63,7,25,92,Electronics,High
CUST_07600,38,52827,58,1,161,25,Home & Garden,High
CUST_07601,33,36353,81,1,70,105,Home & Garden,Medium
CUST_07602,28,32619,33,7,97,25,Books,High
CUST_07603,40,19378,31,1,47,4,Books,High
CUST_07604,24,35515,71,5,67,14,Home & Garden,Low
CUST_07605,38,15000,69,12,59,47,Electronics,Medium
CUST_07606,26,33473,26,4,35,16,Electronics,High
CUST_07607,24,37481,39,6,47,3,Toys,Medium
CUST_07608,27,40984,83,7,89,3,Home & Garden,Low
CUST_07609,30,16613,58,1,110,8,Home & Garden,High
CUST_07610,34,40635,65,4,55,24,Sports,High
CUST_07611,37,21574,26,1,38,53,Toys,Medium
CUST_07612,18,24191,63,1,70,22,Books,Medium
CUST_07613,25,51998,21,1,155,41,Books,Medium
CUST_07614,30,99414,10,4,46,31,Electronics,Medium
CUST_07615,53,37260,64,7,90,22,Clothing,High
CUST_07616,22,24135,78,10,56,7,Clothing,Medium
CUST_07617,36,39908,44,2,198,64,Home & Garden,Low
CUST_07618,52,58076,39,2,63,9,Home & Garden,Low
CUST_07619,19,49538,84,5,143,8,Toys,Low
CUST_07620,39,143136,46,7,183,8,Sports,Medium
CUST_07621,25,25395,48,1,264,3,Sports,Medium
CUST_07622,28,41196,83,1,34,20,Electronics,Low
CUST_07623,25,78783,42,3,33,11,Toys,Medium
CUST_07624,26,76349,36,2,203,22,Clothing,High
CUST_07625,67,15000,66,6,181,18,Sports,Low
CUST_07626,45,36254,35,3,58,22,Clothing,Medium
CUST_07627,48,76287,47,1,10,10,Toys,Medium
CUST_07628,40,154094,23,1,95,50,Sports,Medium
CUST_07629,18,51632,53,11,31,22,Books,Medium
CUST_07630,39,30214,51,1,50,7,Home & Garden,Medium
CUST_07631,47,21925,69,1,102,69,Sports,Low
CUST_07632,24,110125,67,6,112,3,Sports,Medium
CUST_07633,46,52280,61,5,272,39,Toys,Medium
CUST_07634,43,23764,57,4,69,34,Electronics,Low
CUST_07635,57,32807,48,3,45,2,Books,High
CUST_07636,29,42408,62,17,171,69,Home & Garden,High
CUST_07637,21,47662,27,1,117,11,Books,Low
CUST_07638,30,23160,3,3,69,40,Toys,Medium
CUST_07639,52,26712,73,4,92,9,Toys,High
CUST_07640,18,15891,63,1,69,22,Home & Garden,Low
CUST_07641,18,61076,47,2,146,107,Books,High
CUST_07642,36,30613,71,7,293,28,Books,Medium
CUST_07643,29,45851,35,3,54,10,Electronics,Medium
CUST_07644,35,73948,35,10,120,18,Clothing,High
CUST_07645,46,40535,33,5,30,33,Books,Medium
CUST_07646,28,34321,61,7,42,17,Toys,Low
CUST_07647,18,40013,18,8,133,72,Home & Garden,Medium
CUST_07648,59,37481,34,5,85,60,Home & Garden,High
CUST_07649,23,67716,55,6,41,4,Electronics,Medium
CUST_07650,22,42421,25,5,90,46,Clothing,Low
CUST_07651,48,27661,36,3,166,85,Home & Garden,Medium
CUST_07652,30,61323,5,4,32,11,Electronics,Low
CUST_07653,34,67187,62,1,305,8,Home & Garden,Low
CUST_07654,40,18598,36,8,134,1,Sports,Low
CUST_07655,48,78150,28,1,136,3,Toys,High
CUST_07656,30,43580,24,3,89,97,Books,High
CUST_07657,53,41841,41,1,305,14,Clothing,Medium
CUST_07658,18,60072,18,5,176,14,Books,Medium
CUST_07659,44,27351,88,18,69,9,Books,Medium
CUST_07660,24,58517,2,8,152,5,Sports,Low
CUST_07661,51,30079,40,4,53,21,Clothing,High
CUST_07662,36,17370,52,4,73,38,Books,Medium
CUST_07663,26,22051,34,3,251,24,Electronics,Low
CUST_07664,42,48219,54,1,118,1,Home & Garden,Medium
CUST_07665,45,22635,34,2,143,48,Toys,Medium
CUST_07666,42,81229,80,2,204,80,Home & Garden,High
CUST_07667,22,65817,27,14,132,17,Toys,High
CUST_07668,29,70736,2,2,51,13,Electronics,Low
CUST_07669,34,38653,24,4,287,7,Home & Garden,High
CUST_07670,34,41312,57,12,129,10,Sports,Low
CUST_07671,43,19993,47,3,135,31,Electronics,Low
CUST_07672,18,59748,65,1,93,44,Sports,Low
CUST_07673,39,43910,60,2,195,12,Clothing,Low
CUST_07674,31,48225,37,2,343,12,Home & Garden,Low
CUST_07675,24,84470,40,6,69,17,Sports,Low
CUST_07676,26,26823,42,1,189,5,Home & Garden,High
CUST_07677,32,34095,87,6,92,78,Clothing,Low
CUST_07678,18,42759,63,11,22,36,Books,Medium
CUST_07679,26,22749,87,2,33,17,Home & Garden,Medium
CUST_07680,24,33064,66,1,121,3,Clothing,High
CUST_07681,41,46465,48,5,182,56,Electronics,Medium
CUST_07682,25,30862,29,2,137,19,Home & Garden,Low
CUST_07683,32,69877,54,3,154,47,Electronics,High
CUST_07684,53,17060,48,5,551,1,Clothing,Medium
CUST_07685,46,63664,48,2,130,9,Electronics,Low
CUST_07686,45,50543,45,12,74,29,Sports,Low
CUST_07687,29,27325,8,2,82,20,Books,Low
CUST_07688,41,22874,75,1,282,10,Electronics,Medium
CUST_07689,32,15000,48,10,37,6,Sports,High
CUST_07690,32,24401,21,1,214,10,Books,Medium
CUST_07691,39,61303,59,1,91,40,Clothing,High
CUST_07692,27,35311,32,13,50,6,Clothing,Medium
CUST_07693,52,64957,61,1,32,27,Home & Garden,Medium
CUST_07694,33,26637,67,1,253,16,Sports,Low
CUST_07695,42,51717,70,3,49,43,Toys,Low
CUST_07696,52,25368,46,1,94,6,Books,Medium
CUST_07697,47,22408,41,4,45,9,Home & Garden,High
CUST_07698,18,34421,37,3,356,15,Home & Garden,Medium
CUST_07699,40,26043,35,5,96,5,Clothing,Medium
CUST_07700,45,16790,49,1,35,18,Electronics,Low
CUST_07701,45,33151,45,11,66,16,Books,Low
CUST_07702,21,38300,33,1,238,138,Toys,Medium
CUST_07703,27,68471,27,5,45,27,Clothing,Medium
CUST_07704,46,58011,47,14,69,2,Clothing,Low
CUST_07705,25,66834,41,2,206,18,Toys,High
CUST_07706,31,52061,27,1,114,63,Electronics,Medium
CUST_07707,53,42886,66,1,38,60,Sports,Medium
CUST_07708,34,19644,85,16,105,97,Sports,High
CUST_07709,26,39141,69,7,80,67,Toys,Low
CUST_07710,24,48942,35,12,93,5,Books,Medium
CUST_07711,38,75261,48,6,174,1,Electronics,Medium
CUST_07712,19,51182,80,2,106,28,Electronics,High
CUST_07713,32,67520,26,1,84,36,Home & Garden,Medium
CUST_07714,38,21676,65,13,81,4,Electronics,High
CUST_07715,50,30846,21,3,191,5,Toys,Medium
CUST_07716,43,45011,83,2,54,98,Books,High
CUST_07717,26,64891,41,4,19,86,Electronics,High
CUST_07718,49,33771,94,1,76,5,Home & Garden,High
CUST_07719,31,34848,84,1,117,8,Sports,Medium
CUST_07720,20,51203,47,5,67,66,Electronics,Medium
CUST_07721,32,20682,35,1,62,17,Electronics,High
CUST_07722,52,81121,53,1,69,47,Books,Medium
CUST_07723,36,23398,46,3,88,15,Toys,Medium
CUST_07724,35,15000,41,4,36,39,Toys,Low
CUST_07725,54,36498,16,1,143,15,Home & Garden,High
CUST_07726,18,84899,39,1,13,68,Electronics,High
CUST_07727,19,48689,27,15,131,11,Books,High
CUST_07728,18,52867,61,1,112,22,Home & Garden,High
CUST_07729,39,37074,69,1,127,22,Toys,High
CUST_07730,36,33651,64,1,23,31,Clothing,Low
CUST_07731,53,16773,56,1,110,10,Home & Garden,High
CUST_07732,37,15000,32,4,61,30,Clothing,High
CUST_07733,30,40060,54,11,276,4,Clothing,High
CUST_07734,35,70001,65,3,115,67,Home & Garden,Medium
CUST_07735,36,43134,38,7,39,4,Home & Garden,High
CUST_07736,18,49602,52,11,27,55,Books,Low
CUST_07737,67,80166,47,1,58,35,Home & Garden,Low
CUST_07738,41,42803,83,3,158,12,Sports,High
CUST_07739,37,34155,67,5,201,11,Toys,Medium
CUST_07740,42,24118,62,2,102,101,Electronics,Low
CUST_07741,43,99818,15,6,95,6,Home & Garden,Medium
CUST_07742,33,47253,53,6,71,38,Clothing,High
CUST_07743,27,22656,46,2,88,6,Clothing,High
CUST_07744,42,20219,46,1,210,70,Home & Garden,Low
CUST_07745,39,67950,18,1,70,40,Electronics,Medium
CUST_07746,25,21617,28,2,142,80,Electronics,High
CUST_07747,52,91758,48,1,62,63,Books,High
CUST_07748,38,15000,72,7,182,23,Books,Medium
CUST_07749,43,73961,38,2,134,4,Books,Medium
CUST_07750,51,46325,42,5,177,7,Electronics,Medium
CUST_07751,35,38534,85,2,336,6,Clothing,Medium
CUST_07752,38,33265,44,7,14,7,Books,Low
CUST_07753,44,93467,47,10,152,19,Home & Garden,Medium
CUST_07754,26,51716,47,9,125,60,Books,Medium
CUST_07755,35,23118,23,3,123,1,Home & Garden,Low
CUST_07756,36,15375,61,1,106,8,Home & Garden,Medium
CUST_07757,23,39681,36,2,106,27,Clothing,High
CUST_07758,62,36296,49,2,113,60,Toys,Low
CUST_07759,18,16984,58,16,169,10,Home & Garden,Medium
CUST_07760,19,35323,88,4,160,14,Books,Medium
CUST_07761,50,27256,23,5,88,14,Clothing,Low
CUST_07762,43,36484,67,7,78,10,Clothing,Medium
CUST_07763,22,52206,67,4,91,35,Electronics,Low
CUST_07764,42,76596,37,4,67,31,Home & Garden,Medium
CUST_07765,52,57207,61,1,312,55,Books,High
CUST_07766,34,25318,82,1,36,74,Home & Garden,Medium
CUST_07767,66,43671,34,6,152,69,Books,Low
CUST_07768,18,37479,54,9,151,23,Sports,High
CUST_07769,43,18656,58,2,62,6,Electronics,Low
CUST_07770,48,44316,60,3,110,7,Clothing,Medium
CUST_07771,45,91888,65,1,217,26,Electronics,Medium
CUST_07772,32,36909,53,2,71,75,Sports,High
CUST_07773,31,16365,60,1,225,22,Toys,Medium
CUST_07774,40,36869,31,7,196,82,Electronics,Medium
CUST_07775,44,19794,53,3,54,9,Electronics,Medium
CUST_07776,42,55927,40,3,41,2,Sports,Medium
CUST_07777,47,47213,25,1,101,47,Electronics,High
CUST_07778,22,33341,39,4,37,63,Electronics,Low
CUST_07779,32,30773,55,1,11,17,Sports,High
CUST_07780,23,32659,58,2,63,3,Sports,Medium
CUST_07781,30,36466,24,2,412,1,Clothing,High
CUST_07782,47,24683,31,2,65,1,Toys,Medium
CUST_07783,36,18144,64,1,117,17,Books,High
CUST_07784,66,64173,60,9,146,8,Books,High
CUST_07785,37,29950,67,2,87,18,Toys,Medium
CUST_07786,35,39478,77,4,71,20,Toys,Medium
CUST_07787,36,41883,60,4,212,18,Toys,High
CUST_07788,27,42659,41,4,92,29,Sports,Medium
CUST_07789,34,20192,52,4,84,34,Books,High
CUST_07790,48,15710,83,8,157,15,Home & Garden,High
CUST_07791,36,27055,100,8,43,12,Home & Garden,Low
CUST_07792,25,44260,59,2,37,13,Home & Garden,Low
CUST_07793,23,25235,60,5,28,2,Clothing,High
CUST_07794,29,30410,64,1,133,11,Toys,High
CUST_07795,35,105203,50,1,80,6,Toys,Medium
CUST_07796,49,15000,73,3,160,10,Books,Low
CUST_07797,18,24896,70,11,93,37,Electronics,High
CUST_07798,31,93742,57,5,34,134,Sports,High
CUST_07799,36,35514,43,5,70,77,Books,High
CUST_07800,18,25514,19,1,168,51,Clothing,Low
CUST_07801,24,65145,64,3,74,40,Electronics,Low
CUST_07802,26,37332,54,2,206,86,Toys,Medium
CUST_07803,25,30511,35,7,65,41,Sports,High
CUST_07804,37,39981,27,1,148,19,Electronics,High
CUST_07805,33,26132,63,3,25,27,Sports,Medium
CUST_07806,28,21834,17,12,76,10,Home & Garden,Low
CUST_07807,40,34310,55,11,68,1,Toys,Low
CUST_07808,55,21905,66,9,33,13,Toys,High
CUST_07809,54,36510,60,2,196,15,Toys,Medium
CUST_07810,18,43356,42,14,57,39,Sports,High
CUST_07811,41,55632,25,8,53,58,Sports,Medium
CUST_07812,32,63828,61,9,223,98,Clothing,Low
CUST_07813,36,29647,74,13,100,13,Clothing,Medium
CUST_07814,30,46616,38,13,155,94,Clothing,Medium
CUST_07815,36,46456,60,1,27,48,Books,Medium
CUST_07816,36,42783,81,1,51,1,Home & Garden,High
CUST_07817,28,28574,56,5,387,27,Home & Garden,Medium
CUST_07818,24,21719,42,4,163,13,Sports,High
CUST_07819,29,46676,70,1,42,1,Clothing,Low
CUST_07820,37,15468,35,5,105,22,Toys,Medium
CUST_07821,42,31763,24,1,44,26,Toys,Medium
CUST_07822,45,15000,66,1,238,8,Home & Garden,Low
CUST_07823,29,18616,41,2,18,84,Home & Garden,Medium
CUST_07824,38,23422,43,1,109,28,Sports,High
CUST_07825,46,62840,37,6,108,5,Sports,Low
CUST_07826,48,51228,40,14,41,38,Electronics,Low
CUST_07827,34,27530,78,5,74,20,Electronics,Low
CUST_07828,32,52296,83,5,117,19,Sports,High
CUST_07829,37,56602,85,1,25,53,Electronics,High
CUST_07830,21,33512,71,3,36,4,Home & Garden,High
CUST_07831,32,18175,59,8,80,20,Sports,Medium
CUST_07832,43,32729,21,5,50,45,Sports,Low
CUST_07833,42,34580,46,1,65,32,Clothing,Low
CUST_07834,31,19609,93,9,88,1,Home & Garden,Medium
CUST_07835,37,43631,41,16,47,46,Home & Garden,High
CUST_07836,25,41768,80,1,88,86,Books,Medium
CUST_07837,43,45366,51,1,110,36,Books,Medium
CUST_07838,34,41750,1,2,155,62,Clothing,Low
CUST_07839,31,52308,62,1,37,13,Books,Medium
CUST_07840,30,33201,75,10,57,12,Electronics,High
CUST_07841,34,40170,49,13,135,11,Sports,High
CUST_07842,29,29766,74,5,31,39,Toys,Low
CUST_07843,42,27112,16,7,96,85,Electronics,High
CUST_07844,30,70907,22,5,91,64,Home & Garden,Low
CUST_07845,54,15000,54,2,14,4,Books,High
CUST_07846,52,56296,59,4,63,29,Toys,Medium
CUST_07847,24,26628,77,9,113,165,Electronics,Medium
CUST_07848,35,24958,62,8,77,10,Home & Garden,Medium
CUST_07849,27,41389,26,1,64,30,Books,High
CUST_07850,31,17243,54,3,100,71,Sports,Low
CUST_07851,59,24148,62,2,179,68,Sports,Medium
CUST_07852,31,23752,12,6,131,11,Books,Medium
CUST_07853,39,32509,49,3,53,2,Sports,High
CUST_07854,41,24292,43,2,32,31,Clothing,Low
CUST_07855,22,80866,36,6,129,88,Books,Medium
CUST_07856,24,89188,59,3,39,21,Clothing,Medium
CUST_07857,20,15000,27,1,62,18,Books,Medium
CUST_07858,24,47674,58,11,103,59,Clothing,Low
CUST_07859,18,55788,61,1,200,16,Sports,Medium
CUST_07860,41,47643,71,1,221,34,Sports,Low
CUST_07861,59,26132,27,1,93,14,Electronics,High
CUST_07862,36,32143,19,1,63,14,Home & Garden,Low
CUST_07863,18,24980,55,3,38,6,Clothing,High
CUST_07864,27,29432,44,4,354,2,Toys,Medium
CUST_07865,29,19831,100,2,73,64,Books,Low
CUST_07866,22,34289,59,1,144,5,Sports,Low
CUST_07867,45,17130,51,1,103,1,Sports,Medium
CUST_07868,44,32857,46,3,63,26,Books,Medium
CUST_07869,21,19452,25,4,61,23,Home & Garden,Medium
CUST_07870,43,40271,61,1,34,25,Books,Low
CUST_07871,53,25855,48,1,197,18,Toys,Medium
CUST_07872,57,41994,48,1,82,4,Clothing,Medium
CUST_07873,69,62366,51,1,244,1,Clothing,High
CUST_07874,24,80396,54,1,65,1,Toys,Medium
CUST_07875,68,15000,15,6,73,86,Toys,Medium
CUST_07876,30,23930,66,2,40,22,Electronics,Low
CUST_07877,27,31208,33,1,72,15,Toys,High
CUST_07878,38,45714,47,3,37,15,Toys,Low
CUST_07879,28,15911,75,3,119,31,Books,High
CUST_07880,39,22224,85,2,97,14,Sports,Medium
CUST_07881,19,38761,15,1,252,47,Electronics,Low
CUST_07882,32,37890,50,7,32,9,Books,High
CUST_07883,50,43862,55,5,210,13,Books,High
CUST_07884,34,45335,19,2,45,81,Sports,High
CUST_07885,36,43014,66,2,114,9,Home & Garden,Low
CUST_07886,40,40007,52,1,40,32,Books,High
CUST_07887,49,37341,53,7,103,13,Electronics,Low
CUST_07888,18,50634,31,4,15,19,Sports,Medium
CUST_07889,42,15000,58,1,56,1,Clothing,Low
CUST_07890,31,78603,66,2,96,5,Home & Garden,Medium
CUST_07891,36,15000,52,11,307,3,Sports,Low
CUST_07892,47,21171,39,3,20,55,Electronics,Medium
CUST_07893,20,32422,41,1,89,97,Books,Low
CUST_07894,22,50833,54,5,62,2,Electronics,Medium
CUST_07895,18,15000,50,1,23,2,Toys,Low
CUST_07896,28,35808,68,3,40,24,Books,Low
CUST_07897,50,53970,40,5,64,21,Sports,Medium
CUST_07898,33,59710,25,9,124,31,Home & Garden,Medium
CUST_07899,18,25625,57,5,95,40,Sports,Medium
CUST_07900,29,31243,40,2,35,47,Toys,Medium
CUST_07901,18,26686,65,7,24,4,Toys,High
CUST_07902,21,29841,50,11,120,1,Electronics,Low
CUST_07903,39,21678,63,3,78,65,Electronics,Medium
CUST_07904,20,23280,29,1,278,19,Clothing,Low
CUST_07905,48,45124,52,10,70,106,Clothing,Medium
CUST_07906,34,38785,36,1,200,22,Books,Low
CUST_07907,36,46434,25,1,131,21,Toys,Medium
CUST_07908,31,40417,32,1,159,29,Electronics,High
CUST_07909,44,51646,39,2,121,5,Clothing,Medium
CUST_07910,44,56337,74,8,123,8,Toys,High
CUST_07911,39,15201,38,2,18,70,Clothing,Medium
CUST_07912,41,23690,24,1,76,7,Sports,High
CUST_07913,32,32348,52,5,56,7,Books,High
CUST_07914,41,35906,50,5,219,21,Home & Garden,Medium
CUST_07915,30,25976,40,8,44,30,Sports,High
CUST_07916,35,57297,46,2,73,1,Books,Medium
CUST_07917,31,97731,69,1,157,18,Books,High
CUST_07918,29,39858,63,4,111,15,Sports,Low
CUST_07919,26,37879,61,1,101,60,Clothing,High
CUST_07920,40,55532,26,1,195,54,Clothing,High
CUST_07921,50,15000,100,7,107,70,Toys,High
CUST_07922,49,36836,71,2,61,55,Home & Garden,Low
CUST_07923,19,59249,60,3,36,46,Home & Garden,Low
CUST_07924,50,26328,26,5,126,58,Books,Medium
CUST_07925,31,19667,68,2,52,5,Toys,High
CUST_07926,42,33093,39,1,76,12,Home & Garden,High
CUST_07927,24,35230,46,1,191,34,Sports,Low
CUST_07928,36,23055,16,1,77,76,Toys,Medium
CUST_07929,38,103578,25,18,65,32,Home & Garden,Medium
CUST_07930,18,28585,58,6,74,6,Electronics,Medium
CUST_07931,42,20397,70,3,75,86,Books,Low
CUST_07932,51,34654,63,1,44,42,Electronics,Low
CUST_07933,32,57178,63,1,291,37,Books,Low
CUST_07934,51,36633,48,8,61,43,Books,Medium
CUST_07935,32,46295,41,14,155,32,Sports,High
CUST_07936,45,23487,55,1,44,1,Clothing,Medium
CUST_07937,18,76408,66,12,132,8,Home & Garden,High
CUST_07938,64,48091,50,2,101,94,Electronics,High
CUST_07939,52,61319,74,1,91,10,Home & Garden,Medium
CUST_07940,31,43589,45,1,101,44,Books,Medium
CUST_07941,18,54854,30,7,120,16,Electronics,Medium
CUST_07942,38,23469,49,3,76,71,Electronics,Low
CUST_07943,18,28404,52,8,79,24,Toys,High
CUST_07944,40,71199,48,1,134,29,Books,High
CUST_07945,39,79211,75,5,40,8,Home & Garden,High
CUST_07946,23,20464,66,1,36,1,Electronics,Low
CUST_07947,48,41145,21,1,102,42,Home & Garden,Low
CUST_07948,44,29276,80,1,22,2,Electronics,Medium
CUST_07949,46,25629,1,8,27,38,Clothing,Medium
CUST_07950,35,41873,93,5,318,24,Sports,Low
CUST_07951,18,64246,44,1,266,51,Toys,Medium
CUST_07952,46,45516,46,2,60,6,Books,Medium
CUST_07953,31,30953,48,7,181,23,Sports,High
CUST_07954,18,46977,57,1,185,28,Toys,High
CUST_07955,51,30333,49,12,125,2,Home & Garden,Medium
CUST_07956,60,44625,47,12,85,40,Toys,Medium
CUST_07957,34,73001,76,4,139,14,Sports,High
CUST_07958,60,15000,61,4,157,4,Sports,Medium
CUST_07959,36,54101,30,5,141,14,Sports,Medium
CUST_07960,30,16822,64,1,30,3,Sports,Medium
CUST_07961,27,67115,60,2,373,65,Books,Medium
CUST_07962,54,26409,39,1,484,18,Clothing,Medium
CUST_07963,25,19755,65,12,23,4,Toys,High
CUST_07964,43,51412,46,6,128,8,Clothing,High
CUST_07965,28,43568,45,1,376,38,Sports,Low
CUST_07966,29,22035,45,3,181,46,Clothing,Medium
CUST_07967,47,19409,1,2,182,1,Clothing,Low
CUST_07968,30,33065,39,8,32,1,Books,Medium
CUST_07969,30,19889,64,2,156,74,Sports,Low
CUST_07970,48,21359,49,5,106,12,Home & Garden,Low
CUST_07971,54,38476,24,1,155,6,Sports,High
CUST_07972,42,22405,69,4,43,3,Clothing,Low
CUST_07973,27,44948,44,1,42,19,Home & Garden,Low
CUST_07974,28,76501,25,1,81,44,Toys,High
CUST_07975,35,33715,94,4,69,22,Clothing,Medium
CUST_07976,38,38757,28,5,80,1,Clothing,High
CUST_07977,23,99613,67,20,64,19,Electronics,Medium
CUST_07978,43,20054,34,5,78,11,Electronics,High
CUST_07979,36,65881,52,3,56,34,Toys,Medium
CUST_07980,18,62033,31,12,87,22,Electronics,Low
CUST_07981,23,55667,25,8,33,100,Clothing,Medium
CUST_07982,28,69277,60,3,129,27,Toys,Medium
CUST_07983,34,41784,58,3,108,30,Sports,Medium
CUST_07984,57,27133,72,14,37,22,Toys,High
CUST_07985,37,62773,49,4,227,11,Sports,Low
CUST_07986,24,63986,94,6,50,29,Clothing,Medium
CUST_07987,37,63111,55,1,206,12,Electronics,High
CUST_07988,30,37132,61,6,113,37,Clothing,High
CUST_07989,38,25384,22,1,181,8,Toys,Medium
CUST_07990,41,39961,37,1,101,13,Sports,Low
CUST_07991,49,58169,60,9,133,26,Sports,High
CUST_07992,34,60607,48,5,179,29,Toys,High
CUST_07993,54,29294,53,2,342,33,Books,Low
CUST_07994,45,42518,33,2,190,36,Sports,Low
CUST_07995,26,18875,52,1,123,11,Books,High
CUST_07996,61,59425,52,1,35,66,Clothing,Medium
CUST_07997,38,24547,26,2,16,1,Sports,Low
CUST_07998,24,53778,62,1,82,6,Books,Medium
CUST_07999,54,20442,15,2,54,2,Sports,Medium
CUST_08000,59,60822,53,8,56,33,Books,High
CUST_08001,34,42655,85,1,84,9,Sports,Low
CUST_08002,28,24570,63,1,143,6,Sports,Medium
CUST_08003,32,51311,63,11,58,19,Home & Garden,Low
CUST_08004,43,27033,32,6,168,28,Clothing,Low
CUST_08005,50,52826,85,1,92,28,Clothing,Low
CUST_08006,41,31664,77,1,92,24,Sports,High
CUST_08007,36,15359,33,5,334,144,Books,Low
CUST_08008,52,22220,40,2,101,59,Electronics,Medium
CUST_08009,31,29283,75,6,86,8,Books,Medium
CUST_08010,47,71976,85,2,129,42,Sports,Medium
CUST_08011,31,56986,24,17,316,25,Toys,High
CUST_08012,40,81791,29,5,87,2,Clothing,Medium
CUST_08013,33,83018,47,1,122,1,Toys,Low
CUST_08014,34,27795,6,2,83,48,Books,Low
CUST_08015,30,33049,50,4,83,23,Home & Garden,Medium
CUST_08016,51,29565,73,1,63,25,Sports,High
CUST_08017,26,25958,21,1,60,12,Books,Low
CUST_08018,26,15000,52,1,295,79,Books,Low
CUST_08019,60,36048,38,3,61,37,Home & Garden,Medium
CUST_08020,46,19095,82,5,30,78,Electronics,Low
CUST_08021,18,35700,38,1,98,3,Electronics,High
CUST_08022,28,104598,80,5,183,26,Books,Low
CUST_08023,18,28150,38,4,214,30,Sports,Medium
CUST_08024,23,40030,65,14,39,4,Toys,Low
CUST_08025,18,57143,55,9,196,12,Home & Garden,Medium
CUST_08026,33,41778,47,14,380,7,Electronics,Medium
CUST_08027,21,42034,34,16,55,124,Books,High
CUST_08028,35,30296,56,2,79,23,Sports,Medium
CUST_08029,18,32340,41,3,38,11,Toys,Low
CUST_08030,35,22471,36,1,329,32,Electronics,Low
CUST_08031,30,55438,79,3,31,32,Clothing,High
CUST_08032,53,15203,60,1,68,12,Toys,Medium
CUST_08033,51,59014,62,5,155,153,Toys,Low
CUST_08034,44,18000,42,1,55,49,Books,Low
CUST_08035,31,58765,46,1,45,15,Home & Garden,Low
CUST_08036,58,30427,45,1,86,32,Sports,Low
CUST_08037,18,19615,56,13,479,37,Books,High
CUST_08038,18,48516,62,1,75,5,Electronics,Medium
CUST_08039,33,57779,49,11,77,63,Books,High
CUST_08040,62,29171,34,1,41,52,Books,Medium
CUST_08041,32,52067,65,5,117,42,Electronics,Medium
CUST_08042,32,15000,50,1,167,7,Clothing,Low
CUST_08043,18,18764,21,1,58,4,Sports,Medium
CUST_08044,46,69300,7,31,130,5,Toys,Medium
CUST_08045,46,32473,55,1,59,2,Toys,Low
CUST_08046,44,15000,33,1,23,84,Toys,Low
CUST_08047,27,25605,58,4,123,57,Toys,Medium
CUST_08048,26,22886,34,6,384,2,Electronics,Low
CUST_08049,19,33423,52,20,38,33,Toys,Medium
CUST_08050,36,30170,42,6,102,8,Toys,Medium
CUST_08051,22,39714,85,4,225,1,Books,Medium
CUST_08052,20,35075,69,2,83,10,Books,Medium
CUST_08053,29,71673,76,4,33,17,Home & Garden,Medium
CUST_08054,29,44903,50,4,92,1,Books,Low
CUST_08055,28,45653,66,1,255,11,Electronics,High
CUST_08056,40,65028,51,5,63,36,Home & Garden,Medium
CUST_08057,35,29900,79,1,105,7,Books,Medium
CUST_08058,31,19323,48,3,43,19,Electronics,Medium
CUST_08059,37,66402,22,1,83,65,Sports,Medium
CUST_08060,23,38867,10,1,117,1,Sports,Medium
CUST_08061,36,38936,83,4,98,46,Books,Low
CUST_08062,36,26458,59,1,66,14,Sports,High
CUST_08063,18,26677,60,1,122,23,Books,Medium
CUST_08064,46,55456,79,1,143,7,Toys,Medium
CUST_08065,24,59416,16,1,150,25,Home & Garden,Medium
CUST_08066,36,53739,42,1,73,39,Sports,Medium
CUST_08067,48,53986,45,7,58,6,Home & Garden,Low
CUST_08068,46,48267,64,2,355,12,Home & Garden,Medium
CUST_08069,35,38783,36,3,99,25,Home & Garden,Medium
CUST_08070,30,33266,25,5,75,16,Clothing,High
CUST_08071,46,66513,25,6,32,10,Electronics,High
CUST_08072,43,30125,72,1,46,18,Toys,High
CUST_08073,27,43695,35,9,57,10,Books,High
CUST_08074,25,24294,38,22,122,10,Toys,Medium
CUST_08075,18,26117,62,1,70,28,Home & Garden,Medium
CUST_08076,36,32270,36,5,90,19,Toys,Low
CUST_08077,34,24295,15,1,33,33,Books,Low
CUST_08078,48,54118,18,1,240,54,Home & Garden,Low
CUST_08079,39,18508,48,1,53,85,Electronics,Medium
CUST_08080,51,38162,59,9,106,4,Toys,Medium
CUST_08081,26,38803,45,5,62,29,Sports,Medium
CUST_08082,48,15000,58,2,72,26,Books,Medium
CUST_08083,28,29128,17,2,51,60,Clothing,Low
CUST_08084,44,41268,19,3,110,67,Books,Low
CUST_08085,18,44997,95,1,45,42,Electronics,High
CUST_08086,37,32788,74,10,112,27,Toys,High
CUST_08087,18,50942,65,4,82,6,Home & Garden,Low
CUST_08088,31,34383,36,3,139,9,Toys,Medium
CUST_08089,40,36564,45,3,149,27,Books,Low
CUST_08090,28,41184,49,13,72,4,Electronics,Low
CUST_08091,22,57728,76,6,116,6,Home & Garden,Medium
CUST_08092,45,25903,58,1,65,72,Sports,High
CUST_08093,33,28469,60,2,226,93,Electronics,Medium
CUST_08094,29,25992,46,1,70,1,Clothing,Low
CUST_08095,35,30757,65,21,78,59,Books,Medium
CUST_08096,66,74096,56,2,64,83,Electronics,Medium
CUST_08097,48,48356,50,1,53,22,Home & Garden,High
CUST_08098,48,20629,35,2,373,17,Home & Garden,Medium
CUST_08099,40,26897,47,1,126,75,Clothing,High
CUST_08100,36,43755,28,4,94,1,Books,Low
CUST_08101,18,23080,49,1,64,55,Home & Garden,High
CUST_08102,26,25268,51,1,196,10,Home & Garden,Medium
CUST_08103,29,71145,1,1,61,30,Home & Garden,High
CUST_08104,18,26723,45,1,97,11,Electronics,Low
CUST_08105,21,58532,26,2,420,22,Toys,Medium
CUST_08106,18,68027,59,8,46,49,Electronics,Low
CUST_08107,34,25166,62,1,131,5,Books,Low
CUST_08108,44,23272,41,1,110,32,Clothing,High
CUST_08109,48,31632,60,7,130,68,Books,Medium
CUST_08110,39,21071,61,10,73,69,Toys,High
CUST_08111,23,38581,45,3,59,67,Clothing,Low
CUST_08112,18,32766,80,1,105,21,Toys,High
CUST_08113,18,43490,35,7,65,43,Sports,Medium
CUST_08114,19,73018,79,1,17,17,Home & Garden,Medium
CUST_08115,24,54652,45,12,50,18,Clothing,Medium
CUST_08116,33,46379,33,10,72,10,Home & Garden,High
CUST_08117,22,15000,42,3,42,10,Toys,Low
CUST_08118,39,45328,28,1,100,1,Clothing,High
CUST_08119,32,85932,65,1,52,22,Sports,High
CUST_08120,35,15000,17,43,87,11,Clothing,Low
CUST_08121,48,51261,77,7,410,6,Books,High
CUST_08122,20,33534,31,2,212,3,Electronics,High
CUST_08123,40,23744,66,1,136,12,Home & Garden,Medium
CUST_08124,34,54206,50,5,319,68,Electronics,Low
CUST_08125,30,85378,55,21,85,21,Clothing,Medium
CUST_08126,45,53509,38,6,86,24,Books,Low
CUST_08127,45,30163,57,1,42,1,Clothing,Low
CUST_08128,23,22657,52,2,220,22,Sports,High
CUST_08129,32,39038,20,1,354,33,Sports,Medium
CUST_08130,38,56195,30,12,169,4,Sports,Medium
CUST_08131,31,29925,39,2,243,123,Clothing,Low
CUST_08132,42,31407,34,6,13,73,Toys,Low
CUST_08133,38,148895,75,1,463,149,Sports,High
CUST_08134,56,62275,50,1,83,13,Toys,Medium
CUST_08135,18,64541,34,5,468,51,Toys,High
CUST_08136,33,17498,40,9,302,11,Clothing,Medium
CUST_08137,24,25499,39,1,154,41,Clothing,High
CUST_08138,42,37697,44,2,70,88,Books,High
CUST_08139,18,22013,28,4,100,5,Toys,Medium
CUST_08140,39,80837,33,7,23,4,Home & Garden,High
CUST_08141,27,73508,65,4,172,3,Electronics,High
CUST_08142,26,27812,53,1,15,48,Toys,Low
CUST_08143,18,88606,46,3,73,32,Home & Garden,Medium
CUST_08144,29,36238,50,10,265,22,Electronics,High
CUST_08145,48,132547,49,10,149,44,Electronics,High
CUST_08146,34,39040,45,4,30,56,Clothing,Medium
CUST_08147,42,48440,60,27,35,89,Sports,Low
CUST_08148,54,73126,58,1,59,6,Sports,Medium
CUST_08149,38,68790,18,3,95,17,Sports,Medium
CUST_08150,28,46880,47,7,166,76,Home & Garden,Medium
CUST_08151,40,33841,19,1,137,18,Sports,High
CUST_08152,28,46960,62,18,42,20,Toys,High
CUST_08153,28,24146,65,2,138,85,Books,Low
CUST_08154,18,39185,37,2,149,39,Clothing,Medium
CUST_08155,46,20854,47,1,126,24,Sports,Medium
CUST_08156,30,15000,7,1,510,13,Toys,Medium
CUST_08157,37,37242,69,4,149,74,Toys,Medium
CUST_08158,22,68264,64,2,177,1,Sports,Low
CUST_08159,40,57693,73,1,334,11,Sports,High
CUST_08160,25,34858,79,8,163,87,Home & Garden,Low
CUST_08161,33,86985,25,1,61,20,Clothing,Medium
CUST_08162,45,27322,67,8,214,29,Books,Medium
CUST_08163,44,15000,79,1,67,22,Sports,High
CUST_08164,34,15000,20,3,45,15,Electronics,Medium
CUST_08165,18,20118,46,2,48,32,Home & Garden,Medium
CUST_08166,70,54628,42,4,213,43,Sports,High
CUST_08167,55,26439,67,7,138,13,Sports,Low
CUST_08168,43,45728,2,22,189,26,Toys,Medium
CUST_08169,25,82713,86,1,139,2,Home & Garden,Medium
CUST_08170,33,20951,47,4,102,23,Books,Low
CUST_08171,28,46131,68,3,112,41,Toys,Medium
CUST_08172,50,47547,48,34,136,26,Electronics,Low
CUST_08173,38,23614,59,8,59,63,Electronics,Low
CUST_08174,25,71475,3,2,36,10,Books,Medium
CUST_08175,29,31449,42,3,64,20,Toys,Medium
CUST_08176,48,29975,66,1,131,2,Home & Garden,Low
CUST_08177,54,104381,55,7,57,36,Sports,Low
CUST_08178,53,47163,17,9,399,17,Books,Low
CUST_08179,44,57678,51,16,122,22,Toys,Low
CUST_08180,31,71499,33,4,97,4,Home & Garden,Low
CUST_08181,18,26232,31,5,58,178,Home & Garden,Low
CUST_08182,38,67840,19,2,170,44,Home & Garden,Low
CUST_08183,34,28255,62,4,38,15,Home & Garden,Medium
CUST_08184,36,27658,72,2,112,25,Electronics,High
CUST_08185,35,31697,92,6,66,28,Home & Garden,High
CUST_08186,19,26608,20,1,97,97,Toys,Low
CUST_08187,41,54779,65,1,126,43,Books,Low
CUST_08188,42,41506,66,6,40,12,Sports,Low
CUST_08189,43,28406,38,13,27,114,Sports,Low
CUST_08190,46,50881,31,5,46,10,Toys,Medium
CUST_08191,42,31647,28,6,166,25,Toys,High
CUST_08192,30,30821,39,8,116,36,Clothing,High
CUST_08193,34,37210,54,2,67,9,Toys,Medium
CUST_08194,36,45785,77,1,356,93,Toys,Medium
CUST_08195,36,44131,72,13,221,7,Books,Low
CUST_08196,46,30284,17,13,186,17,Clothing,Medium
CUST_08197,42,55467,34,2,54,5,Books,Medium
CUST_08198,59,32493,75,1,185,62,Home & Garden,Medium
CUST_08199,61,26173,35,11,114,7,Toys,Medium
CUST_08200,35,17430,48,6,54,1,Toys,High
CUST_08201,18,59372,15,1,83,1,Clothing,Medium
CUST_08202,49,36541,73,1,43,16,Home & Garden,Medium
CUST_08203,28,40353,11,20,54,22,Books,Medium
CUST_08204,25,61261,17,1,40,1,Electronics,Low
CUST_08205,30,28603,71,1,175,2,Toys,Low
CUST_08206,29,18266,88,3,85,3,Electronics,Medium
CUST_08207,42,37604,44,1,46,33,Electronics,Medium
CUST_08208,18,42360,49,1,129,10,Electronics,Medium
CUST_08209,22,31843,68,2,90,24,Sports,Medium
CUST_08210,39,75876,55,1,187,2,Electronics,High
CUST_08211,42,15000,42,8,98,66,Books,Low
CUST_08212,42,63578,40,3,32,10,Electronics,Medium
CUST_08213,25,53937,18,1,63,45,Toys,Medium
CUST_08214,23,45632,54,1,40,52,Sports,Medium
CUST_08215,28,15000,48,1,133,132,Home & Garden,Low
CUST_08216,37,69005,41,1,192,40,Clothing,Medium
CUST_08217,52,21737,29,6,30,17,Toys,High
CUST_08218,18,28173,31,1,82,4,Home & Garden,Low
CUST_08219,32,33346,62,3,201,1,Home & Garden,High
CUST_08220,19,44520,67,9,30,65,Clothing,Medium
CUST_08221,18,49996,43,2,66,17,Electronics,High
CUST_08222,46,56750,41,2,90,41,Electronics,High
CUST_08223,41,54607,32,10,190,20,Books,Low
CUST_08224,40,41211,68,10,131,63,Electronics,Low
CUST_08225,46,44710,50,10,152,41,Electronics,Low
CUST_08226,29,21049,57,4,137,2,Books,Medium
CUST_08227,29,24946,57,15,69,41,Toys,High
CUST_08228,61,56824,43,8,284,9,Clothing,Low
CUST_08229,32,55193,26,2,56,44,Books,High
CUST_08230,43,52151,30,4,12,88,Toys,Medium
CUST_08231,35,28079,72,1,25,79,Electronics,Low
CUST_08232,18,57253,35,4,82,4,Toys,Low
CUST_08233,18,20320,41,1,71,1,Electronics,Medium
CUST_08234,28,62235,27,1,61,45,Electronics,Medium
CUST_08235,47,31874,25,1,99,37,Books,Low
CUST_08236,44,84295,34,2,208,5,Clothing,High
CUST_08237,45,16971,83,3,123,34,Sports,Low
CUST_08238,23,87702,63,4,141,1,Toys,Medium
CUST_08239,54,30311,39,1,42,29,Toys,Medium
CUST_08240,23,30039,71,7,62,53,Books,High
CUST_08241,37,40031,46,3,146,30,Clothing,Low
CUST_08242,34,25628,77,5,97,2,Electronics,Low
CUST_08243,32,35025,94,1,125,141,Toys,Low
CUST_08244,51,25114,70,8,138,13,Clothing,Low
CUST_08245,26,25577,51,4,101,14,Home & Garden,Medium
CUST_08246,18,46325,63,9,272,2,Home & Garden,Low
CUST_08247,35,23137,50,1,62,5,Sports,Medium
CUST_08248,30,24733,13,2,50,9,Toys,High
CUST_08249,75,18280,36,1,26,48,Electronics,Medium
CUST_08250,43,28227,30,1,152,35,Toys,High
CUST_08251,30,69968,36,2,60,26,Sports,High
CUST_08252,22,23790,85,11,218,59,Home & Garden,Low
CUST_08253,18,25189,72,4,107,183,Sports,Low
CUST_08254,22,40013,58,2,71,14,Toys,Low
CUST_08255,36,30169,66,6,43,14,Toys,High
CUST_08256,52,110644,12,1,162,39,Home & Garden,Medium
CUST_08257,48,33481,64,2,86,31,Home & Garden,High
CUST_08258,37,42942,68,4,108,1,Clothing,Medium
CUST_08259,31,58214,5,4,137,31,Electronics,Low
CUST_08260,38,57658,65,4,108,38,Home & Garden,High
CUST_08261,28,40808,21,1,49,127,Electronics,Medium
CUST_08262,55,33504,10,2,129,26,Sports,Medium
CUST_08263,32,99908,76,13,159,34,Sports,Low
CUST_08264,33,34548,29,18,115,46,Home & Garden,Low
CUST_08265,18,29119,35,1,140,3,Electronics,Low
CUST_08266,32,26293,69,5,149,39,Home & Garden,Medium
CUST_08267,45,15315,43,1,68,23,Home & Garden,High
CUST_08268,22,54765,46,2,66,3,Clothing,Medium
CUST_08269,25,15000,45,7,427,33,Sports,Medium
CUST_08270,44,36211,56,3,227,8,Electronics,Medium
CUST_08271,18,32779,45,9,87,23,Sports,High
CUST_08272,47,111299,52,4,145,9,Clothing,Medium
CUST_08273,28,15000,39,4,46,3,Books,High
CUST_08274,30,23143,57,1,59,8,Sports,Low
CUST_08275,21,33926,56,6,37,17,Clothing,Low
CUST_08276,39,32900,87,19,109,20,Toys,Low
CUST_08277,64,27590,42,3,110,4,Sports,Medium
CUST_08278,44,34874,46,1,192,11,Electronics,High
CUST_08279,24,19345,54,18,77,58,Clothing,Low
CUST_08280,48,43416,69,1,189,72,Books,High
CUST_08281,31,15000,28,2,142,22,Sports,Medium
CUST_08282,51,35850,52,1,503,20,Clothing,Low
CUST_08283,44,26898,1,1,289,26,Books,Medium
CUST_08284,18,60363,44,1,255,7,Toys,Medium
CUST_08285,22,87348,71,3,161,151,Electronics,Medium
CUST_08286,46,30775,35,4,48,41,Sports,Low
CUST_08287,36,72792,53,4,110,8,Toys,Low
CUST_08288,22,31006,39,4,434,9,Home & Garden,Medium
CUST_08289,27,22402,32,3,128,31,Electronics,Medium
CUST_08290,18,86938,69,8,50,11,Electronics,Medium
CUST_08291,33,47116,29,13,113,13,Electronics,High
CUST_08292,61,36396,55,1,45,45,Electronics,High
CUST_08293,44,51204,56,1,49,9,Books,High
CUST_08294,61,41652,32,2,120,36,Toys,Medium
CUST_08295,45,35080,53,1,151,81,Home & Garden,Low
CUST_08296,47,18709,31,10,51,3,Sports,Medium
CUST_08297,58,31720,60,1,60,4,Electronics,High
CUST_08298,39,49594,23,3,33,85,Sports,Medium
CUST_08299,32,34153,43,1,82,6,Clothing,Medium
CUST_08300,47,57020,44,4,23,1,Toys,High
CUST_08301,52,43994,72,1,73,60,Toys,Medium
CUST_08302,29,23410,52,7,95,9,Electronics,High
CUST_08303,26,18777,69,15,26,10,Electronics,Medium
CUST_08304,36,33570,61,1,44,7,Toys,Medium
CUST_08305,44,27941,60,1,86,74,Sports,Low
CUST_08306,44,42965,43,2,78,44,Home & Garden,High
CUST_08307,18,25360,70,4,81,27,Clothing,High
CUST_08308,57,26696,42,1,110,18,Toys,Medium
CUST_08309,27,61484,15,8,27,4,Home & Garden,High
CUST_08310,31,39108,45,1,147,78,Sports,Medium
CUST_08311,24,25556,59,1,72,41,Books,Low
CUST_08312,67,36637,17,3,59,9,Electronics,High
CUST_08313,37,72363,32,1,24,88,Books,Medium
CUST_08314,24,42061,25,5,74,82,Toys,High
CUST_08315,45,48848,65,1,128,32,Sports,Low
CUST_08316,44,24931,83,8,99,125,Sports,High
CUST_08317,32,60670,45,3,101,6,Sports,Medium
CUST_08318,45,115734,60,4,70,39,Sports,Low
CUST_08319,25,24447,60,1,86,4,Toys,Low
CUST_08320,29,20111,81,1,41,35,Electronics,Low
CUST_08321,18,39647,36,4,89,75,Books,Low
CUST_08322,19,56260,45,1,63,23,Clothing,Low
CUST_08323,56,34693,43,2,40,43,Electronics,Low
CUST_08324,54,21448,51,3,152,4,Sports,High
CUST_08325,35,34396,100,1,29,30,Toys,High
CUST_08326,54,48974,50,7,129,1,Sports,High
CUST_08327,33,29628,32,14,135,1,Electronics,Medium
CUST_08328,32,49198,26,2,62,30,Books,Medium
CUST_08329,35,65013,75,12,185,25,Books,Medium
CUST_08330,33,40950,32,10,61,11,Home & Garden,Low
CUST_08331,32,35811,63,1,58,21,Home & Garden,Medium
CUST_08332,48,54977,36,1,38,34,Toys,Low
CUST_08333,36,23669,24,3,89,31,Home & Garden,Medium
CUST_08334,43,22530,62,3,46,2,Sports,Medium
CUST_08335,47,31783,37,2,51,34,Electronics,High
CUST_08336,39,28397,58,1,85,32,Toys,High
CUST_08337,23,24302,59,2,88,33,Toys,High
CUST_08338,18,90692,60,5,216,56,Electronics,High
CUST_08339,36,107580,44,1,172,25,Home & Garden,Medium
CUST_08340,32,30428,63,6,132,83,Books,Low
CUST_08341,36,38019,31,13,81,117,Home & Garden,Medium
CUST_08342,34,33059,1,7,67,41,Electronics,Low
CUST_08343,66,63180,64,1,88,13,Sports,Low
CUST_08344,19,69760,53,1,60,4,Home & Garden,Medium
CUST_08345,18,15000,37,3,55,51,Toys,Medium
CUST_08346,38,46074,20,15,85,4,Clothing,High
CUST_08347,30,18893,9,8,48,4,Clothing,Medium
CUST_08348,38,87477,51,4,50,75,Books,Medium
CUST_08349,42,45257,82,1,175,24,Electronics,High
CUST_08350,50,24060,47,6,34,10,Sports,Medium
CUST_08351,18,32187,42,8,43,98,Toys,High
CUST_08352,28,31429,49,13,219,36,Clothing,Low
CUST_08353,40,47219,93,4,68,22,Home & Garden,High
CUST_08354,44,61142,65,3,235,11,Toys,High
CUST_08355,61,20453,31,4,39,33,Sports,Low
CUST_08356,46,91069,50,14,94,39,Electronics,Medium
CUST_08357,34,81051,56,4,154,37,Toys,High
CUST_08358,24,23443,28,1,47,6,Toys,High
CUST_08359,28,37661,65,5,290,35,Home & Garden,Low
CUST_08360,27,85425,33,10,68,26,Sports,Medium
CUST_08361,42,67269,19,4,128,56,Electronics,High
CUST_08362,38,30688,51,3,56,29,Toys,Low
CUST_08363,19,54566,48,6,255,4,Sports,High
CUST_08364,29,162526,49,5,111,11,Toys,Medium
CUST_08365,45,38276,34,1,390,40,Clothing,Medium
CUST_08366,39,26467,37,6,205,40,Clothing,Low
CUST_08367,41,39585,72,2,161,7,Electronics,Low
CUST_08368,39,41079,58,14,46,13,Clothing,Medium
CUST_08369,54,27937,30,17,95,1,Electronics,Low
CUST_08370,37,45288,10,2,72,12,Toys,High
CUST_08371,30,19395,31,17,91,1,Books,High
CUST_08372,24,26035,53,1,99,61,Clothing,High
CUST_08373,37,53057,37,5,47,32,Sports,Medium
CUST_08374,18,15101,35,1,80,104,Sports,Medium
CUST_08375,32,57044,38,1,84,66,Electronics,High
CUST_08376,32,15000,48,9,44,27,Books,Medium
CUST_08377,18,15280,65,11,157,20,Toys,Medium
CUST_08378,23,28296,49,3,105,64,Home & Garden,Medium
CUST_08379,44,41916,51,2,159,10,Sports,Medium
CUST_08380,37,70448,45,2,126,7,Books,Medium
CUST_08381,36,37377,40,10,27,15,Sports,Medium
CUST_08382,38,32103,67,1,50,1,Electronics,Medium
CUST_08383,36,48522,64,1,286,10,Electronics,Low
CUST_08384,49,23495,90,7,155,2,Home & Garden,High
CUST_08385,36,38937,62,13,28,1,Electronics,High
CUST_08386,18,19935,40,1,125,24,Home & Garden,Low
CUST_08387,54,37846,31,8,50,36,Toys,Medium
CUST_08388,39,34032,69,5,20,23,Electronics,Low
CUST_08389,27,24291,33,1,287,2,Sports,Medium
CUST_08390,19,39439,66,7,94,15,Electronics,Medium
CUST_08391,39,39311,34,6,104,3,Clothing,Low
CUST_08392,33,65364,56,1,37,31,Toys,High
CUST_08393,53,16271,28,3,40,52,Toys,Low
CUST_08394,30,34960,65,7,29,3,Books,Low
CUST_08395,24,24831,25,1,242,2,Sports,Low
CUST_08396,45,56099,55,3,28,15,Toys,High
CUST_08397,46,52942,46,1,279,10,Books,Medium
CUST_08398,37,46814,52,1,45,9,Clothing,Medium
CUST_08399,43,25542,42,1,38,7,Toys,Medium
CUST_08400,34,56541,41,3,86,11,Books,Medium
CUST_08401,37,16897,53,1,55,100,Clothing,Medium
CUST_08402,48,15250,29,2,96,58,Electronics,Low
CUST_08403,42,19188,29,1,48,27,Electronics,Low
CUST_08404,32,35712,42,6,72,48,Toys,Medium
CUST_08405,51,50898,42,6,52,1,Clothing,Low
CUST_08406,18,15000,29,1,164,3,Sports,High
CUST_08407,59,70359,68,15,128,10,Toys,Medium
CUST_08408,18,38775,43,6,107,30,Electronics,Low
CUST_08409,27,16582,45,4,188,64,Sports,Medium
CUST_08410,34,38195,23,3,108,7,Books,Low
CUST_08411,33,62709,91,1,102,4,Electronics,High
CUST_08412,47,49007,98,16,82,56,Clothing,Medium
CUST_08413,22,62914,34,1,54,15,Toys,High
CUST_08414,38,18340,74,5,54,36,Toys,Low
CUST_08415,28,29525,48,3,99,23,Clothing,Medium
CUST_08416,38,22871,82,11,183,5,Electronics,Low
CUST_08417,34,85715,56,2,134,36,Clothing,Low
CUST_08418,36,49995,51,3,133,16,Toys,High
CUST_08419,28,150769,1,6,41,10,Electronics,High
CUST_08420,28,28744,32,1,129,69,Home & Garden,Medium
CUST_08421,38,25277,50,1,68,1,Electronics,Low
CUST_08422,46,33812,53,1,101,15,Sports,Low
CUST_08423,27,72343,25,1,132,10,Books,Low
CUST_08424,24,30240,35,1,40,1,Clothing,Low
CUST_08425,42,38646,61,4,100,2,Books,Low
CUST_08426,34,38114,22,7,106,5,Electronics,Medium
CUST_08427,44,37039,52,15,181,21,Electronics,Medium
CUST_08428,24,26207,74,2,62,9,Electronics,Medium
CUST_08429,18,33906,57,1,86,54,Sports,High
CUST_08430,28,33188,56,9,101,8,Books,Low
CUST_08431,25,36178,9,9,62,38,Books,Medium
CUST_08432,34,58206,33,4,61,7,Clothing,Low
CUST_08433,27,87580,91,1,60,1,Electronics,Medium
CUST_08434,43,23855,38,11,82,9,Clothing,High
CUST_08435,31,29851,75,1,305,54,Sports,High
CUST_08436,36,24040,37,1,84,2,Home & Garden,Medium
CUST_08437,36,39876,44,7,126,12,Toys,Medium
CUST_08438,37,27745,60,4,92,1,Toys,High
CUST_08439,34,40941,52,1,72,29,Sports,Medium
CUST_08440,41,63058,57,5,88,85,Home & Garden,High
CUST_08441,25,15000,33,7,154,14,Electronics,Medium
CUST_08442,51,46438,27,9,86,25,Toys,Low
CUST_08443,32,28851,32,1,80,18,Books,High
CUST_08444,19,45716,39,1,76,108,Books,Low
CUST_08445,37,23196,45,3,44,39,Clothing,High
CUST_08446,24,66047,70,9,186,1,Home & Garden,Low
CUST_08447,42,57333,51,1,65,3,Clothing,High
CUST_08448,61,48251,59,2,251,19,Electronics,Low
CUST_08449,25,53993,52,1,106,29,Books,Low
CUST_08450,38,25013,27,1,240,10,Clothing,Medium
CUST_08451,18,26640,50,11,78,33,Home & Garden,Medium
CUST_08452,40,52903,52,1,53,25,Electronics,High
CUST_08453,24,24738,65,7,186,17,Electronics,High
CUST_08454,27,74818,28,2,60,26,Home & Garden,Medium
CUST_08455,21,30890,9,1,221,74,Clothing,Medium
CUST_08456,43,46674,53,14,134,8,Sports,Medium
CUST_08457,47,103738,57,5,250,46,Clothing,Medium
CUST_08458,35,25511,46,5,45,1,Toys,High
CUST_08459,24,37585,50,7,175,2,Home & Garden,Medium
CUST_08460,54,61518,67,2,53,89,Books,High
CUST_08461,25,58433,40,4,16,35,Clothing,Low
CUST_08462,18,30825,44,1,168,30,Sports,High
CUST_08463,40,28046,51,8,89,12,Clothing,Medium
CUST_08464,21,32319,25,4,176,6,Books,High
CUST_08465,46,74901,46,1,96,14,Electronics,Medium
CUST_08466,30,31585,48,11,91,27,Clothing,High
CUST_08467,42,37761,82,4,256,30,Electronics,Low
CUST_08468,51,29337,44,3,97,5,Toys,High
CUST_08469,20,51677,54,1,64,17,Books,High
CUST_08470,28,39252,68,12,84,25,Sports,High
CUST_08471,34,21988,33,15,100,96,Clothing,Medium
CUST_08472,53,22372,77,4,12,23,Electronics,Medium
CUST_08473,27,15000,85,2,126,26,Sports,Low
CUST_08474,27,23964,49,2,233,43,Electronics,Low
CUST_08475,40,54012,39,1,86,16,Electronics,Low
CUST_08476,28,70395,82,4,67,14,Electronics,High
CUST_08477,36,51163,65,1,118,26,Clothing,Low
CUST_08478,18,47921,51,12,305,45,Electronics,Low
CUST_08479,61,34089,78,1,125,30,Toys,High
CUST_08480,18,53501,76,6,104,6,Toys,High
CUST_08481,31,41904,43,1,68,15,Books,High
CUST_08482,34,89520,54,1,42,21,Home & Garden,Medium
CUST_08483,57,34571,61,4,91,22,Sports,High
CUST_08484,19,71075,50,7,92,12,Toys,Medium
CUST_08485,58,56221,22,6,23,22,Sports,Low
CUST_08486,44,52455,31,1,54,33,Toys,Medium
CUST_08487,40,15000,22,2,202,18,Clothing,Medium
CUST_08488,23,57791,59,10,75,18,Clothing,Low
CUST_08489,41,34072,26,6,16,48,Clothing,Medium
CUST_08490,26,29086,53,6,276,42,Toys,High
CUST_08491,50,17301,86,1,48,16,Home & Garden,High
CUST_08492,23,36214,78,7,64,165,Books,High
CUST_08493,33,36929,13,2,189,2,Sports,High
CUST_08494,28,18929,24,2,53,11,Sports,Medium
CUST_08495,23,17384,34,1,22,1,Clothing,Low
CUST_08496,43,46319,26,1,104,54,Clothing,Low
CUST_08497,41,56153,16,2,157,42,Books,Low
CUST_08498,49,39940,49,1,64,34,Toys,Medium
CUST_08499,18,64564,64,3,82,7,Electronics,Medium
CUST_08500,47,34780,69,6,39,36,Books,High
CUST_08501,65,35341,40,16,44,13,Clothing,High
CUST_08502,29,22959,44,1,71,60,Toys,Medium
CUST_08503,57,16645,57,1,141,6,Sports,Medium
CUST_08504,31,91796,47,3,96,7,Books,Low
CUST_08505,18,63936,66,1,183,97,Electronics,High
CUST_08506,31,18101,58,1,286,21,Toys,Medium
CUST_08507,47,39256,42,3,167,17,Home & Garden,Medium
CUST_08508,24,34543,12,4,29,13,Home & Garden,Low
CUST_08509,27,31666,79,8,73,53,Sports,High
CUST_08510,42,29598,36,30,166,13,Electronics,Medium
CUST_08511,35,43942,57,7,82,13,Books,High
CUST_08512,42,54670,11,1,28,3,Clothing,Low
CUST_08513,37,44408,49,6,61,22,Clothing,Low
CUST_08514,40,34191,52,3,18,77,Electronics,Medium
CUST_08515,29,33569,52,2,74,94,Books,Low
CUST_08516,37,58012,100,13,55,162,Electronics,Low
CUST_08517,23,45785,37,6,69,19,Books,High
CUST_08518,50,37659,66,5,205,44,Home & Garden,Low
CUST_08519,27,35669,60,1,35,24,Books,Medium
CUST_08520,48,43158,36,10,54,23,Books,Medium
CUST_08521,32,28733,66,7,40,49,Clothing,Low
CUST_08522,37,54762,46,1,190,54,Sports,Medium
CUST_08523,29,21206,67,1,198,1,Toys,Low
CUST_08524,22,29562,89,1,115,85,Toys,Medium
CUST_08525,18,49293,53,1,111,51,Clothing,Low
CUST_08526,22,20610,44,5,38,38,Home & Garden,Low
CUST_08527,31,16539,71,1,103,57,Electronics,Medium
CUST_08528,37,37479,77,12,41,23,Clothing,Low
CUST_08529,47,15549,32,9,92,44,Electronics,High
CUST_08530,29,18969,40,2,70,27,Clothing,Low
CUST_08531,24,53013,63,2,59,23,Toys,Medium
CUST_08532,18,32781,47,1,91,7,Sports,High
CUST_08533,40,69060,30,1,144,56,Sports,High
CUST_08534,51,19882,60,1,311,64,Clothing,Medium
CUST_08535,50,34648,63,3,132,106,Clothing,High
CUST_08536,43,44346,43,14,443,3,Toys,Medium
CUST_08537,42,20226,51,12,103,10,Electronics,Medium
CUST_08538,55,60832,38,8,313,34,Electronics,Medium
CUST_08539,38,46879,28,4,122,57,Toys,Medium
CUST_08540,42,16242,40,9,106,41,Home & Garden,Medium
CUST_08541,31,35636,51,3,80,18,Home & Garden,High
CUST_08542,18,44045,20,1,110,38,Clothing,Medium
CUST_08543,26,27037,41,5,121,2,Sports,High
CUST_08544,34,17327,51,12,33,32,Home & Garden,High
CUST_08545,35,41740,73,1,146,1,Home & Garden,High
CUST_08546,58,109712,43,1,31,1,Books,High
CUST_08547,35,29926,25,1,147,42,Sports,High
CUST_08548,49,79588,45,1,136,19,Electronics,High
CUST_08549,29,24930,38,1,243,1,Electronics,Medium
CUST_08550,31,40448,61,2,49,19,Toys,Low
CUST_08551,19,53410,43,14,45,1,Electronics,Low
CUST_08552,26,36163,1,9,195,12,Books,Medium
CUST_08553,41,31292,100,14,42,5,Clothing,High
CUST_08554,35,52211,52,1,39,7,Clothing,Low
CUST_08555,46,93501,51,1,104,6,Electronics,Low
CUST_08556,37,42204,19,1,87,13,Sports,Low
CUST_08557,30,28056,20,12,100,3,Books,Low
CUST_08558,60,33028,48,1,131,22,Electronics,High
CUST_08559,33,128008,56,4,131,15,Electronics,Low
CUST_08560,48,38849,64,1,85,54,Clothing,High
CUST_08561,30,26978,54,1,93,52,Toys,Low
CUST_08562,43,20485,26,1,85,52,Sports,Medium
CUST_08563,46,15000,1,6,92,19,Books,Low
CUST_08564,37,43555,47,1,34,10,Books,Low
CUST_08565,18,50378,39,1,152,16,Home & Garden,Medium
CUST_08566,35,29781,24,2,187,34,Sports,Medium
CUST_08567,49,36044,66,5,140,22,Clothing,Medium
CUST_08568,41,20226,18,3,133,29,Toys,Low
CUST_08569,40,38811,62,14,44,35,Toys,Medium
CUST_08570,18,46200,21,2,33,75,Home & Garden,High
CUST_08571,26,27789,52,1,161,86,Clothing,Low
CUST_08572,39,84560,68,3,91,55,Electronics,Medium
CUST_08573,39,23895,43,2,101,2,Home & Garden,Medium
CUST_08574,49,41845,83,7,104,116,Clothing,High
CUST_08575,33,55501,88,13,107,36,Electronics,Low
CUST_08576,39,34938,54,9,141,35,Clothing,High
CUST_08577,35,33049,60,2,84,1,Toys,High
CUST_08578,23,17775,71,1,23,19,Sports,Low
CUST_08579,18,71587,60,12,145,29,Clothing,Medium
CUST_08580,40,33358,58,2,134,9,Sports,Medium
CUST_08581,37,47509,39,7,36,2,Clothing,Medium
CUST_08582,27,50836,16,22,39,22,Electronics,Medium
CUST_08583,18,26525,22,4,167,17,Sports,Medium
CUST_08584,42,32900,97,3,197,1,Books,High
CUST_08585,31,70773,56,6,13,21,Sports,Low
CUST_08586,41,20772,45,1,122,3,Electronics,Low
CUST_08587,57,105235,75,3,77,16,Sports,High
CUST_08588,18,25023,35,1,94,9,Clothing,Medium
CUST_08589,26,20135,61,1,98,105,Clothing,Medium
CUST_08590,32,38799,51,4,52,1,Books,High
CUST_08591,52,109554,59,4,142,24,Sports,Medium
CUST_08592,18,15000,43,7,55,4,Clothing,Medium
CUST_08593,58,33843,30,10,151,11,Sports,High
CUST_08594,36,46079,33,1,177,6,Home & Garden,Medium
CUST_08595,33,36931,34,7,48,159,Clothing,Low
CUST_08596,32,43956,49,2,49,1,Sports,Medium
CUST_08597,29,25361,18,4,97,23,Toys,High
CUST_08598,47,26906,25,9,257,28,Clothing,Low
CUST_08599,22,33718,52,1,59,44,Toys,High
CUST_08600,39,20641,47,4,67,29,Home & Garden,Low
CUST_08601,30,35513,53,3,112,7,Home & Garden,High
CUST_08602,25,29900,49,7,142,27,Clothing,Medium
CUST_08603,66,28709,100,5,130,110,Home & Garden,Medium
CUST_08604,40,42627,52,7,92,56,Clothing,Low
CUST_08605,42,15000,42,1,72,18,Electronics,Low
CUST_08606,48,32385,52,6,113,19,Toys,Low
CUST_08607,18,115690,70,4,10,4,Books,High
CUST_08608,56,21098,49,3,333,25,Electronics,High
CUST_08609,18,69061,63,2,79,9,Home & Garden,Low
CUST_08610,25,37321,57,2,102,3,Clothing,High
CUST_08611,29,26863,44,1,391,19,Electronics,High
CUST_08612,41,18763,52,1,53,1,Sports,Low
CUST_08613,37,38942,81,1,460,3,Sports,High
CUST_08614,32,75109,54,9,151,7,Sports,Low
CUST_08615,34,29893,30,9,123,140,Clothing,Medium
CUST_08616,23,34874,43,9,141,49,Home & Garden,Medium
CUST_08617,18,60185,7,8,49,23,Clothing,Medium
CUST_08618,43,43063,52,1,28,7,Home & Garden,Medium
CUST_08619,43,16545,76,3,39,21,Books,Low
CUST_08620,54,38156,23,11,192,31,Clothing,Medium
CUST_08621,25,77351,52,7,46,1,Toys,High
CUST_08622,43,35650,69,1,28,132,Books,Medium
CUST_08623,31,15000,71,3,85,29,Clothing,Medium
CUST_08624,49,44095,75,1,134,133,Books,Low
CUST_08625,47,32884,12,1,92,18,Books,Medium
CUST_08626,37,15000,60,2,137,29,Clothing,Medium
CUST_08627,30,15683,19,11,202,18,Electronics,Medium
CUST_08628,46,59133,30,5,134,1,Sports,High
CUST_08629,42,25180,66,2,80,56,Books,High
CUST_08630,26,23069,53,3,61,17,Sports,High
CUST_08631,19,35674,64,8,154,19,Clothing,Medium
CUST_08632,31,26315,31,1,109,13,Books,Low
CUST_08633,53,38178,79,4,49,17,Sports,Low
CUST_08634,48,32814,63,1,223,38,Sports,High
CUST_08635,21,19930,67,3,108,36,Home & Garden,Medium
CUST_08636,20,28124,28,1,142,49,Electronics,Medium
CUST_08637,50,45314,73,9,68,110,Toys,Low
CUST_08638,21,37084,43,1,198,14,Sports,High
CUST_08639,41,34857,37,1,29,12,Toys,Medium
CUST_08640,27,95673,62,2,290,20,Clothing,Low
CUST_08641,54,52340,61,4,23,5,Clothing,Low
CUST_08642,25,55615,33,6,34,42,Home & Garden,High
CUST_08643,48,33423,91,1,107,26,Sports,Low
CUST_08644,37,40541,86,1,62,7,Books,Medium
CUST_08645,38,29273,62,8,71,59,Clothing,Medium
CUST_08646,18,53571,58,6,62,28,Books,Medium
CUST_08647,18,34365,56,8,52,1,Clothing,Medium
CUST_08648,32,40586,19,5,112,6,Books,High
CUST_08649,37,39352,52,6,87,66,Electronics,High
CUST_08650,21,35987,51,2,167,14,Sports,Medium
CUST_08651,21,157801,38,4,95,124,Electronics,Medium
CUST_08652,41,26021,43,8,67,22,Electronics,Medium
CUST_08653,41,25903,2,1,154,6,Sports,Medium
CUST_08654,33,51382,28,2,24,27,Toys,Medium
CUST_08655,44,26968,68,6,14,3,Books,Medium
CUST_08656,20,31391,84,3,29,49,Electronics,Medium
CUST_08657,30,21095,31,5,70,29,Sports,High
CUST_08658,54,46433,53,1,118,99,Books,Low
CUST_08659,35,46729,71,1,13,35,Sports,Medium
CUST_08660,36,31020,39,1,89,1,Sports,Medium
CUST_08661,62,51917,63,14,70,19,Toys,High
CUST_08662,18,15000,49,14,99,22,Electronics,Medium
CUST_08663,44,25503,73,1,23,74,Sports,Low
CUST_08664,54,33356,24,1,561,16,Sports,High
CUST_08665,31,20208,27,1,92,27,Clothing,Medium
CUST_08666,45,15148,55,1,38,6,Electronics,Medium
CUST_08667,23,31133,51,2,98,8,Books,High
CUST_08668,26,51380,48,1,256,23,Electronics,High
CUST_08669,39,68944,61,7,36,35,Toys,Medium
CUST_08670,44,27621,31,6,31,17,Toys,Medium
CUST_08671,48,52397,22,1,82,17,Sports,High
CUST_08672,53,49924,39,5,87,8,Clothing,Medium
CUST_08673,34,66789,42,3,147,35,Clothing,Low
CUST_08674,49,30482,44,1,252,1,Home & Garden,Medium
CUST_08675,30,15000,75,6,155,21,Home & Garden,High
CUST_08676,45,37612,65,1,34,1,Clothing,High
CUST_08677,37,21875,60,1,42,27,Toys,High
CUST_08678,40,25292,54,1,51,1,Electronics,Low
CUST_08679,40,31237,41,13,155,84,Electronics,Low
CUST_08680,18,30654,32,5,137,19,Sports,Low
CUST_08681,21,38979,26,2,217,34,Toys,High
CUST_08682,36,51615,36,8,133,57,Home & Garden,Low
CUST_08683,18,30216,49,1,58,8,Clothing,Medium
CUST_08684,44,44260,26,13,78,23,Toys,Medium
CUST_08685,45,36585,53,5,32,59,Sports,Medium
CUST_08686,38,57973,46,4,139,23,Books,Medium
CUST_08687,21,33047,42,7,58,14,Toys,Medium
CUST_08688,51,34910,73,5,212,13,Books,Low
CUST_08689,59,30115,1,10,137,14,Electronics,High
CUST_08690,36,33485,42,8,349,28,Sports,Low
CUST_08691,41,24544,2,1,120,1,Sports,Low
CUST_08692,37,23358,54,1,119,16,Clothing,Low
CUST_08693,41,53523,65,1,79,24,Toys,Low
CUST_08694,33,21128,22,1,68,46,Sports,Medium
CUST_08695,34,30959,25,2,75,22,Clothing,High
CUST_08696,45,60335,16,1,181,78,Home & Garden,Medium
CUST_08697,63,30444,51,1,35,17,Toys,Medium
CUST_08698,18,54960,43,7,94,31,Sports,Low
CUST_08699,33,27023,44,9,28,1,Toys,High
CUST_08700,20,21470,42,1,116,8,Toys,High
CUST_08701,54,16359,30,1,65,50,Electronics,High
CUST_08702,27,70007,72,1,128,26,Toys,Medium
CUST_08703,18,20569,55,10,53,87,Electronics,Medium
CUST_08704,42,52764,26,3,75,41,Sports,Medium
CUST_08705,55,22027,35,20,140,17,Toys,Medium
CUST_08706,42,70171,32,10,98,45,Home & Garden,Low
CUST_08707,37,109468,78,11,265,18,Books,Low
CUST_08708,39,15626,64,1,64,12,Electronics,High
CUST_08709,51,21112,47,3,60,1,Home & Garden,Medium
CUST_08710,24,53453,84,25,213,60,Sports,Low
CUST_08711,33,46935,79,1,69,16,Home & Garden,High
CUST_08712,29,53554,45,4,67,34,Toys,Low
CUST_08713,20,27258,41,2,117,4,Books,High
CUST_08714,31,98102,42,2,80,52,Books,Medium
CUST_08715,48,38523,30,11,72,52,Books,Low
CUST_08716,41,19762,84,4,55,19,Clothing,Medium
CUST_08717,42,31997,29,7,233,33,Toys,Low
CUST_08718,36,19894,67,5,81,22,Electronics,Low
CUST_08719,41,80456,63,3,60,24,Books,Low
CUST_08720,25,26103,43,7,73,65,Home & Garden,Low
CUST_08721,31,46455,86,17,115,102,Toys,High
CUST_08722,37,28700,18,17,250,13,Electronics,Medium
CUST_08723,38,26696,48,7,79,12,Books,Medium
CUST_08724,38,15000,40,3,49,10,Toys,Low
CUST_08725,33,48976,69,1,344,44,Home & Garden,High
CUST_08726,30,69535,57,1,98,38,Electronics,Medium
CUST_08727,72,22971,15,1,83,1,Electronics,Low
CUST_08728,45,16770,74,2,94,2,Sports,Medium
CUST_08729,39,54266,59,1,37,31,Home & Garden,Low
CUST_08730,32,15944,29,1,87,9,Sports,Low
CUST_08731,29,66820,43,1,153,2,Books,Medium
CUST_08732,33,23104,24,3,211,16,Electronics,Low
CUST_08733,38,20917,46,1,70,62,Home & Garden,Low
CUST_08734,18,41119,53,6,102,13,Home & Garden,Medium
CUST_08735,18,21610,43,2,214,35,Clothing,Low
CUST_08736,27,25500,40,5,92,69,Toys,Low
CUST_08737,37,43346,17,10,148,5,Books,Medium
CUST_08738,32,15000,56,1,121,28,Toys,Low
CUST_08739,52,82554,11,22,56,71,Electronics,High
CUST_08740,18,37116,50,5,47,6,Books,Medium
CUST_08741,25,19025,14,1,188,134,Toys,Low
CUST_08742,53,21837,51,1,13,13,Clothing,Low
CUST_08743,36,59624,49,10,56,7,Clothing,High
CUST_08744,45,49046,58,4,33,54,Home & Garden,Medium
CUST_08745,59,72648,67,1,189,18,Clothing,Medium
CUST_08746,26,25812,70,14,234,33,Books,Medium
CUST_08747,33,42120,17,7,54,20,Electronics,Medium
CUST_08748,31,44949,48,6,623,30,Toys,Low
CUST_08749,18,51412,90,10,236,1,Sports,High
CUST_08750,31,63808,52,7,103,12,Toys,Medium
CUST_08751,45,25371,33,1,257,32,Books,High
CUST_08752,41,34300,48,4,57,12,Toys,Low
CUST_08753,42,26767,42,9,74,44,Clothing,Low
CUST_08754,30,35372,26,1,124,97,Toys,High
CUST_08755,27,51493,67,1,55,1,Clothing,Medium
CUST_08756,50,15882,61,1,36,57,Home & Garden,Low
CUST_08757,29,63239,23,1,46,5,Home & Garden,Low
CUST_08758,38,20545,48,1,78,74,Home & Garden,Medium
CUST_08759,36,31142,38,9,125,88,Books,Medium
CUST_08760,52,67641,17,8,71,25,Toys,Medium
CUST_08761,46,42787,21,1,28,19,Sports,High
CUST_08762,19,43034,24,6,125,42,Home & Garden,Medium
CUST_08763,20,20124,48,4,219,75,Electronics,Low
CUST_08764,41,21546,40,1,56,7,Electronics,Low
CUST_08765,34,58141,30,1,288,14,Home & Garden,High
CUST_08766,29,27049,42,1,165,16,Home & Garden,High
CUST_08767,47,28354,64,6,43,56,Sports,Low
CUST_08768,37,58804,57,1,57,4,Sports,Low
CUST_08769,35,21483,70,1,72,29,Books,High
CUST_08770,44,41548,45,1,79,12,Books,Low
CUST_08771,30,37103,82,11,16,65,Electronics,Low
CUST_08772,53,36266,56,6,53,12,Sports,High
CUST_08773,25,28023,40,3,61,114,Toys,High
CUST_08774,42,27175,51,14,338,1,Books,Medium
CUST_08775,52,21180,25,1,105,8,Toys,Low
CUST_08776,18,46227,43,5,51,18,Books,High
CUST_08777,30,26001,58,1,66,8,Home & Garden,Medium
CUST_08778,48,58945,62,1,121,40,Sports,Low
CUST_08779,48,32458,41,9,69,50,Books,Medium
CUST_08780,32,21392,100,7,59,35,Home & Garden,High
CUST_08781,26,32244,46,1,61,105,Toys,Low
CUST_08782,46,29571,16,1,125,18,Toys,Medium
CUST_08783,49,60147,74,2,34,117,Electronics,Medium
CUST_08784,21,30197,62,7,42,3,Clothing,High
CUST_08785,20,31631,54,1,47,56,Sports,Medium
CUST_08786,37,73553,40,5,41,1,Electronics,High
CUST_08787,42,46823,57,11,50,22,Electronics,Medium
CUST_08788,31,83395,82,1,168,19,Sports,Medium
CUST_08789,43,68153,54,9,185,58,Clothing,Low
CUST_08790,26,23304,20,1,108,36,Home & Garden,High
CUST_08791,18,59574,1,5,104,17,Electronics,Medium
CUST_08792,29,77858,57,7,56,67,Electronics,High
CUST_08793,35,78151,30,2,20,65,Clothing,High
CUST_08794,31,59518,48,1,99,1,Home & Garden,Medium
CUST_08795,21,58909,33,12,110,61,Electronics,Medium
CUST_08796,18,31215,32,1,56,22,Toys,Medium
CUST_08797,28,23892,34,4,42,54,Clothing,Medium
CUST_08798,45,30451,36,2,36,6,Sports,Low
CUST_08799,50,15797,65,3,101,4,Clothing,High
CUST_08800,49,71068,61,3,95,38,Clothing,High
CUST_08801,25,31519,25,3,207,9,Books,High
CUST_08802,21,69262,28,1,51,24,Toys,Medium
CUST_08803,40,19618,57,5,73,35,Electronics,Medium
CUST_08804,42,62399,71,1,91,28,Home & Garden,Medium
CUST_08805,39,28355,70,1,61,36,Sports,Medium
CUST_08806,18,19107,29,3,161,29,Toys,High
CUST_08807,24,81924,69,3,214,14,Books,Medium
CUST_08808,34,63174,14,1,41,2,Clothing,High
CUST_08809,40,40372,45,4,65,58,Sports,Medium
CUST_08810,44,36936,59,3,227,56,Home & Garden,Medium
CUST_08811,36,45240,8,2,112,1,Sports,High
CUST_08812,38,40027,91,5,97,55,Sports,Medium
CUST_08813,36,24437,76,15,114,4,Toys,Low
CUST_08814,43,29553,62,3,142,12,Toys,High
CUST_08815,38,96795,30,7,118,15,Electronics,High
CUST_08816,35,138147,48,1,104,34,Home & Garden,High
CUST_08817,31,79327,65,7,90,2,Clothing,Medium
CUST_08818,35,46125,27,5,231,52,Electronics,Medium
CUST_08819,40,30672,46,5,74,85,Electronics,High
CUST_08820,38,24365,68,11,90,91,Clothing,Medium
CUST_08821,39,25181,20,1,266,2,Books,High
CUST_08822,51,27539,56,2,113,75,Toys,Low
CUST_08823,38,106466,14,1,85,25,Home & Garden,High
CUST_08824,27,89602,31,6,139,38,Sports,Medium
CUST_08825,45,52740,39,9,105,80,Books,Medium
CUST_08826,18,22464,60,2,53,32,Home & Garden,Low
CUST_08827,22,56756,35,2,106,18,Toys,High
CUST_08828,39,32231,52,5,51,22,Toys,Low
CUST_08829,41,15000,36,1,323,34,Home & Garden,Medium
CUST_08830,20,41921,39,1,106,86,Sports,Medium
CUST_08831,30,23838,75,2,46,66,Books,Low
CUST_08832,27,24245,26,3,68,25,Toys,High
CUST_08833,29,32041,65,3,153,7,Toys,High
CUST_08834,46,28306,49,1,41,12,Books,Low
CUST_08835,43,35698,38,3,604,13,Books,Medium
CUST_08836,34,34850,25,13,32,10,Sports,Medium
CUST_08837,28,15000,27,1,172,41,Sports,Medium
CUST_08838,18,77663,35,5,64,54,Home & Garden,High
CUST_08839,52,22210,46,4,51,11,Books,Medium
CUST_08840,42,22557,62,12,131,56,Clothing,High
CUST_08841,26,30813,43,5,65,39,Home & Garden,Low
CUST_08842,43,34400,45,4,274,17,Clothing,Low
CUST_08843,34,75319,48,7,33,35,Home & Garden,Medium
CUST_08844,31,41552,59,1,133,44,Clothing,High
CUST_08845,40,48205,62,4,74,24,Sports,Medium
CUST_08846,26,41658,22,3,110,17,Home & Garden,Low
CUST_08847,30,40771,44,2,129,3,Home & Garden,High
CUST_08848,36,42398,74,1,26,1,Electronics,Low
CUST_08849,29,15000,23,1,106,83,Clothing,High
CUST_08850,43,32049,51,1,192,9,Home & Garden,Low
CUST_08851,57,64934,46,6,124,32,Home & Garden,Medium
CUST_08852,25,200000,38,12,69,86,Sports,High
CUST_08853,18,19887,81,1,33,51,Clothing,Low
CUST_08854,18,44870,50,1,128,3,Books,High
CUST_08855,33,27295,80,50,334,48,Clothing,Low
CUST_08856,27,101096,50,5,143,38,Toys,Medium
CUST_08857,37,18455,59,10,202,11,Books,Low
CUST_08858,36,49635,38,1,172,35,Home & Garden,Low
CUST_08859,18,17968,38,8,68,52,Clothing,Medium
CUST_08860,18,30968,58,8,95,10,Clothing,Medium
CUST_08861,38,35697,58,1,165,60,Toys,Medium
CUST_08862,36,61997,61,1,29,2,Toys,Low
CUST_08863,29,21192,57,1,142,22,Toys,Medium
CUST_08864,18,50599,23,1,217,7,Clothing,Low
CUST_08865,40,36658,33,18,86,39,Clothing,Medium
CUST_08866,50,41622,66,2,159,5,Clothing,Medium
CUST_08867,38,58639,10,7,61,12,Electronics,High
CUST_08868,24,19124,55,8,92,4,Electronics,Medium
CUST_08869,35,54464,47,2,74,50,Home & Garden,Low
CUST_08870,18,27324,66,5,124,4,Books,High
CUST_08871,47,62814,58,1,83,38,Clothing,Low
CUST_08872,35,42927,36,2,27,36,Sports,Medium
CUST_08873,18,32703,35,17,54,4,Home & Garden,Low
CUST_08874,31,27037,39,1,350,25,Home & Garden,High
CUST_08875,40,54811,61,2,133,20,Clothing,Medium
CUST_08876,31,68218,3,7,20,27,Clothing,Medium
CUST_08877,31,27821,53,5,209,83,Books,High
CUST_08878,20,20609,32,4,40,2,Toys,High
CUST_08879,41,51385,53,9,168,51,Electronics,Low
CUST_08880,27,17601,56,1,222,59,Toys,Low
CUST_08881,18,18906,16,7,96,4,Home & Garden,Low
CUST_08882,30,21346,45,10,44,32,Home & Garden,High
CUST_08883,46,29503,53,1,54,36,Clothing,High
CUST_08884,30,18617,51,4,139,23,Home & Garden,Low
CUST_08885,55,15000,47,2,40,20,Sports,Medium
CUST_08886,40,20584,25,1,59,11,Books,Medium
CUST_08887,39,50073,28,2,128,35,Clothing,Medium
CUST_08888,33,19230,22,5,57,10,Books,Medium
CUST_08889,34,30633,61,12,243,18,Home & Garden,Medium
CUST_08890,31,96119,47,4,43,58,Electronics,Low
CUST_08891,31,35433,48,9,10,2,Electronics,Low
CUST_08892,41,43099,15,1,52,22,Sports,High
CUST_08893,23,22628,49,1,111,19,Sports,High
CUST_08894,22,107123,62,17,164,14,Clothing,High
CUST_08895,21,27704,13,10,67,27,Sports,Medium
CUST_08896,59,32401,39,1,74,1,Home & Garden,High
CUST_08897,41,70159,18,4,88,20,Clothing,Low
CUST_08898,38,33161,41,2,304,19,Electronics,Medium
CUST_08899,22,37195,31,3,117,21,Toys,Medium
CUST_08900,42,31544,57,9,63,7,Books,Medium
CUST_08901,33,31652,53,6,378,6,Books,High
CUST_08902,37,43706,75,1,90,31,Home & Garden,Medium
CUST_08903,23,47880,48,1,21,2,Toys,Medium
CUST_08904,36,26327,56,1,34,10,Toys,Medium
CUST_08905,29,24759,38,7,133,53,Home & Garden,High
CUST_08906,25,26780,27,3,25,3,Sports,Medium
CUST_08907,43,18022,66,15,127,18,Home & Garden,Medium
CUST_08908,18,16395,74,8,52,33,Books,Medium
CUST_08909,41,42132,64,1,205,4,Toys,Medium
CUST_08910,43,58063,52,7,101,11,Clothing,Medium
CUST_08911,24,56135,30,3,28,24,Books,Medium
CUST_08912,25,15000,72,1,170,11,Toys,Low
CUST_08913,32,32127,61,2,233,3,Sports,Medium
CUST_08914,38,20930,90,17,36,7,Home & Garden,Medium
CUST_08915,33,39021,26,3,51,3,Toys,Low
CUST_08916,40,29468,67,6,127,123,Electronics,Low
CUST_08917,56,48822,60,3,145,8,Toys,High
CUST_08918,28,35969,43,2,467,22,Sports,Low
CUST_08919,18,15000,77,7,167,16,Electronics,Medium
CUST_08920,44,22391,58,9,483,25,Clothing,Medium
CUST_08921,55,36420,31,1,91,20,Toys,Medium
CUST_08922,39,37989,47,1,117,38,Books,Low
CUST_08923,21,17982,31,3,60,61,Electronics,High
CUST_08924,33,16844,40,1,62,10,Home & Garden,High
CUST_08925,21,37351,64,7,99,6,Electronics,High
CUST_08926,42,18000,69,1,59,124,Sports,Low
CUST_08927,18,15767,54,7,14,60,Books,Medium
CUST_08928,31,29069,34,4,56,13,Clothing,High
CUST_08929,22,28446,57,1,191,67,Sports,Low
CUST_08930,36,23407,64,2,94,33,Home & Garden,High
CUST_08931,30,25543,10,1,95,17,Electronics,Low
CUST_08932,37,36567,52,1,52,62,Home & Garden,Low
CUST_08933,35,25334,46,6,113,33,Electronics,High
CUST_08934,23,37622,69,2,287,52,Books,Medium
CUST_08935,42,30024,57,5,239,16,Toys,Medium
CUST_08936,34,39490,59,3,116,48,Clothing,Medium
CUST_08937,23,56336,40,1,49,13,Books,Low
CUST_08938,61,55250,50,3,310,39,Books,High
CUST_08939,40,69154,68,7,188,17,Clothing,Low
CUST_08940,33,55219,48,1,31,15,Home & Garden,Low
CUST_08941,51,40916,53,5,26,47,Clothing,Medium
CUST_08942,57,29239,19,1,33,4,Electronics,Medium
CUST_08943,33,29915,48,1,63,79,Electronics,Low
CUST_08944,39,23414,9,2,169,21,Books,Medium
CUST_08945,23,36397,39,2,166,30,Sports,Medium
CUST_08946,33,51466,51,7,114,15,Toys,Medium
CUST_08947,32,25264,65,3,81,31,Toys,Medium
CUST_08948,37,35645,30,1,473,37,Electronics,Medium
CUST_08949,38,25882,57,5,92,60,Books,High
CUST_08950,41,40322,79,3,84,57,Sports,High
CUST_08951,37,27592,37,2,63,13,Clothing,High
CUST_08952,20,25090,19,8,423,28,Sports,Low
CUST_08953,23,25848,55,1,149,45,Home & Garden,Medium
CUST_08954,28,46707,26,12,43,43,Books,Medium
CUST_08955,31,34600,33,2,40,66,Books,Low
CUST_08956,47,29313,68,3,27,53,Books,High
CUST_08957,21,41386,87,13,84,37,Electronics,Low
CUST_08958,30,29517,29,7,31,41,Toys,Medium
CUST_08959,46,63784,35,1,39,49,Home & Garden,Low
CUST_08960,31,22316,41,4,190,54,Sports,Medium
CUST_08961,40,33074,39,1,167,13,Clothing,High
CUST_08962,33,17990,88,3,255,45,Toys,High
CUST_08963,38,30532,39,6,32,89,Sports,Medium
CUST_08964,32,15680,42,3,44,7,Home & Garden,High
CUST_08965,43,52741,82,1,57,1,Sports,Medium
CUST_08966,18,53276,61,3,283,2,Home & Garden,High
CUST_08967,30,53749,69,1,94,7,Electronics,Low
CUST_08968,38,36843,31,2,322,75,Home & Garden,Medium
CUST_08969,41,23390,39,3,139,4,Home & Garden,Low
CUST_08970,52,24338,29,5,83,41,Home & Garden,High
CUST_08971,30,78048,66,3,134,60,Home & Garden,Low
CUST_08972,52,74446,74,1,26,62,Sports,Low
CUST_08973,27,38610,38,13,21,16,Books,High
CUST_08974,50,28062,42,5,107,20,Electronics,Medium
CUST_08975,44,71992,43,1,90,11,Clothing,High
CUST_08976,24,25661,19,16,348,4,Toys,Medium
CUST_08977,38,40717,36,10,34,7,Sports,Medium
CUST_08978,34,71394,65,1,116,4,Toys,High
CUST_08979,42,23904,32,5,146,15,Sports,Low
CUST_08980,32,54973,51,4,114,5,Sports,Low
CUST_08981,31,47111,23,1,194,15,Home & Garden,Medium
CUST_08982,51,35605,47,1,57,57,Clothing,Medium
CUST_08983,33,22098,38,4,161,31,Toys,High
CUST_08984,44,25280,25,1,133,32,Sports,Low
CUST_08985,32,41970,65,9,203,50,Toys,Medium
CUST_08986,54,17824,66,1,62,1,Sports,Low
CUST_08987,26,38768,30,12,39,47,Clothing,Medium
CUST_08988,27,47597,45,9,57,6,Books,High
CUST_08989,53,59433,50,6,42,12,Books,Low
CUST_08990,29,18048,13,1,60,11,Electronics,Medium
CUST_08991,54,70131,22,6,71,3,Clothing,Medium
CUST_08992,45,84768,75,2,47,5,Clothing,High
CUST_08993,33,44581,28,5,90,93,Home & Garden,Medium
CUST_08994,18,21611,75,1,39,27,Sports,Low
CUST_08995,34,30820,23,9,85,19,Books,High
CUST_08996,36,35461,63,1,63,42,Home & Garden,High
CUST_08997,49,41574,43,5,82,50,Electronics,Medium
CUST_08998,54,36716,46,8,118,3,Books,High
CUST_08999,26,41797,87,5,67,40,Sports,Low
CUST_09000,44,34704,24,1,52,80,Electronics,Low
CUST_09001,44,41462,61,1,56,26,Electronics,High
CUST_09002,47,28846,61,3,184,28,Sports,Low
CUST_09003,40,30665,100,1,219,61,Toys,Low
CUST_09004,18,27227,28,1,62,34,Home & Garden,Medium
CUST_09005,33,94715,37,1,80,160,Sports,Low
CUST_09006,21,75504,66,7,27,9,Clothing,Low
CUST_09007,32,47937,45,1,79,56,Books,Low
CUST_09008,46,70449,40,13,32,28,Sports,Medium
CUST_09009,38,54134,69,2,63,13,Toys,Medium
CUST_09010,48,39760,44,7,191,64,Books,Low
CUST_09011,39,17106,32,1,31,167,Clothing,Medium
CUST_09012,19,31853,64,13,47,1,Clothing,Low
CUST_09013,18,30714,57,1,48,77,Clothing,Low
CUST_09014,36,20608,43,1,27,6,Sports,Low
CUST_09015,32,17273,42,1,164,6,Home & Garden,Low
CUST_09016,23,46460,31,1,109,1,Books,Low
CUST_09017,18,42712,64,3,319,76,Sports,High
CUST_09018,26,20257,42,7,44,42,Electronics,High
CUST_09019,32,25010,34,1,26,1,Home & Garden,High
CUST_09020,42,64900,24,6,173,30,Books,Low
CUST_09021,37,23415,57,7,69,3,Home & Garden,Medium
CUST_09022,54,39553,39,11,64,41,Sports,High
CUST_09023,22,33027,9,1,253,15,Books,Low
CUST_09024,45,46778,25,1,101,1,Toys,Low
CUST_09025,35,23669,45,1,169,53,Sports,Medium
CUST_09026,43,37988,45,2,58,25,Clothing,Medium
CUST_09027,29,39512,45,3,54,44,Electronics,Medium
CUST_09028,47,40745,42,3,69,33,Electronics,Low
CUST_09029,38,37780,20,1,143,17,Clothing,Medium
CUST_09030,26,43144,32,4,93,35,Home & Garden,High
CUST_09031,34,108649,73,2,124,1,Home & Garden,Medium
CUST_09032,32,130698,70,2,14,12,Toys,Low
CUST_09033,40,26380,61,1,24,45,Toys,High
CUST_09034,20,15000,59,4,19,43,Sports,Medium
CUST_09035,34,48910,68,5,69,65,Electronics,Medium
CUST_09036,39,39859,27,7,33,28,Toys,Medium
CUST_09037,35,61729,50,11,293,85,Toys,Low
CUST_09038,51,41874,27,7,88,24,Home & Garden,Medium
CUST_09039,44,37395,27,1,104,20,Sports,Low
CUST_09040,34,63860,57,1,41,6,Clothing,High
CUST_09041,37,68486,68,12,41,45,Sports,Medium
CUST_09042,38,18155,46,7,266,35,Toys,High
CUST_09043,39,24141,82,7,313,18,Toys,High
CUST_09044,18,34447,54,6,120,2,Clothing,Medium
CUST_09045,31,38147,34,1,21,4,Electronics,Low
CUST_09046,18,32435,28,9,66,3,Electronics,Medium
CUST_09047,50,45121,70,1,112,14,Home & Garden,Low
CUST_09048,34,59757,52,2,76,5,Sports,Medium
CUST_09049,32,85935,63,2,20,59,Electronics,Medium
CUST_09050,45,48506,1,4,328,68,Books,Medium
CUST_09051,40,23714,54,3,50,58,Toys,Medium
CUST_09052,21,33735,39,3,35,28,Home & Garden,Medium
CUST_09053,34,34972,22,4,88,27,Books,Low
CUST_09054,30,46972,48,2,206,66,Sports,Low
CUST_09055,18,44094,71,1,128,15,Books,Low
CUST_09056,26,101234,95,5,35,1,Sports,High
CUST_09057,32,28832,54,7,31,19,Home & Garden,High
CUST_09058,33,44018,35,3,19,24,Toys,High
CUST_09059,18,117872,34,5,73,23,Toys,High
CUST_09060,48,27102,69,3,64,5,Sports,Low
CUST_09061,33,39049,30,1,128,45,Toys,Medium
CUST_09062,35,22641,62,2,55,39,Electronics,High
CUST_09063,39,37837,55,1,177,7,Home & Garden,Medium
CUST_09064,25,24584,53,5,142,24,Books,High
CUST_09065,40,61291,18,3,54,46,Toys,Medium
CUST_09066,30,39091,42,1,118,1,Books,High
CUST_09067,24,22749,20,3,228,9,Electronics,Medium
CUST_09068,41,55286,38,11,45,19,Home & Garden,Medium
CUST_09069,52,39728,68,2,77,55,Clothing,Low
CUST_09070,43,58478,74,20,76,48,Books,Low
CUST_09071,46,20458,54,16,70,4,Electronics,High
CUST_09072,28,43669,38,7,157,18,Clothing,Medium
CUST_09073,18,53459,81,8,166,10,Home & Garden,Medium
CUST_09074,52,29387,38,2,119,15,Sports,High
CUST_09075,59,19350,27,2,115,23,Toys,Medium
CUST_09076,53,35567,63,15,60,20,Clothing,High
CUST_09077,30,67107,59,2,113,4,Home & Garden,High
CUST_09078,21,63765,39,1,36,3,Clothing,Medium
CUST_09079,22,29312,52,1,510,4,Electronics,High
CUST_09080,18,19119,58,6,231,55,Home & Garden,Low
CUST_09081,33,29272,54,2,175,1,Home & Garden,Low
CUST_09082,54,28731,59,1,119,6,Sports,Low
CUST_09083,33,45398,39,8,119,93,Toys,High
CUST_09084,38,34458,60,3,27,2,Home & Garden,Medium
CUST_09085,51,24918,50,4,37,1,Electronics,High
CUST_09086,30,63078,40,1,40,14,Home & Garden,Low
CUST_09087,59,38956,45,1,93,4,Home & Garden,Low
CUST_09088,58,45148,48,1,73,25,Books,Medium
CUST_09089,33,15329,21,3,158,12,Toys,Low
CUST_09090,28,15000,37,7,45,7,Electronics,High
CUST_09091,43,17698,51,6,184,197,Books,Medium
CUST_09092,30,28559,22,1,50,12,Clothing,High
CUST_09093,21,48444,37,9,67,30,Toys,Medium
CUST_09094,50,15000,97,1,168,62,Clothing,Medium
CUST_09095,49,80533,27,1,128,76,Electronics,Medium
CUST_09096,36,39548,42,9,37,15,Books,Medium
CUST_09097,19,71692,33,1,189,112,Clothing,High
CUST_09098,20,23318,47,6,95,38,Books,Medium
CUST_09099,36,46720,33,1,20,26,Home & Garden,Medium
CUST_09100,29,37895,45,1,49,35,Home & Garden,High
CUST_09101,30,54657,35,4,67,13,Toys,Medium
CUST_09102,47,32309,71,1,39,16,Home & Garden,High
CUST_09103,43,46009,51,1,230,26,Home & Garden,High
CUST_09104,51,63013,29,3,69,11,Toys,Low
CUST_09105,23,26223,66,2,124,43,Toys,Low
CUST_09106,30,40991,30,8,104,8,Toys,Low
CUST_09107,44,15000,18,8,147,47,Home & Garden,Medium
CUST_09108,40,51598,49,4,290,4,Electronics,Medium
CUST_09109,53,96503,88,1,144,7,Books,Medium
CUST_09110,40,19492,13,3,304,41,Books,High
CUST_09111,57,34693,23,6,147,9,Home & Garden,High
CUST_09112,41,56400,65,1,98,47,Clothing,Medium
CUST_09113,47,36890,37,2,112,45,Electronics,Medium
CUST_09114,31,39440,62,8,14,8,Clothing,Medium
CUST_09115,35,29866,33,2,65,2,Books,Medium
CUST_09116,45,29317,52,4,81,5,Home & Garden,Low
CUST_09117,54,34774,84,1,122,41,Home & Garden,Low
CUST_09118,43,37080,26,7,88,56,Sports,High
CUST_09119,34,20116,70,1,113,14,Sports,Medium
CUST_09120,51,35136,63,9,35,5,Home & Garden,Medium
CUST_09121,18,79560,20,1,29,2,Clothing,High
CUST_09122,18,29449,61,11,39,7,Electronics,Low
CUST_09123,43,19562,51,2,270,116,Clothing,Medium
CUST_09124,35,33667,51,4,37,5,Clothing,Low
CUST_09125,42,25404,56,9,51,2,Books,Medium
CUST_09126,35,18598,42,1,96,46,Clothing,Low
CUST_09127,41,38932,51,1,29,28,Clothing,Medium
CUST_09128,25,25459,54,11,48,22,Books,Medium
CUST_09129,41,26572,64,2,144,17,Books,Medium
CUST_09130,46,39211,19,6,66,36,Toys,High
CUST_09131,49,16872,75,1,292,35,Books,Medium
CUST_09132,59,15202,26,5,27,16,Books,Low
CUST_09133,37,50789,65,1,70,8,Toys,High
CUST_09134,38,15000,51,6,66,55,Books,Medium
CUST_09135,18,22284,24,1,89,5,Toys,Medium
CUST_09136,28,15000,60,3,38,22,Electronics,Medium
CUST_09137,32,28479,31,1,59,35,Sports,Medium
CUST_09138,47,44982,71,4,156,30,Sports,Medium
CUST_09139,27,38413,35,2,74,28,Electronics,Low
CUST_09140,44,120082,20,2,42,32,Electronics,High
CUST_09141,34,62533,80,5,386,62,Clothing,Medium
CUST_09142,32,22797,53,1,93,13,Electronics,Medium
CUST_09143,37,19959,67,9,138,29,Sports,Medium
CUST_09144,30,140553,32,6,153,35,Home & Garden,Low
CUST_09145,29,61776,12,4,85,26,Home & Garden,Low
CUST_09146,18,48760,83,1,51,69,Toys,Medium
CUST_09147,32,37700,49,5,103,31,Home & Garden,Low
CUST_09148,29,41637,59,1,55,16,Clothing,Medium
CUST_09149,28,17308,63,8,116,56,Sports,High
CUST_09150,40,39281,43,1,80,20,Books,High
CUST_09151,42,37632,54,1,185,22,Books,High
CUST_09152,37,23107,81,1,40,26,Home & Garden,High
CUST_09153,46,27742,49,16,148,11,Clothing,Low
CUST_09154,41,77465,68,7,138,38,Toys,Medium
CUST_09155,31,34112,10,1,76,3,Home & Garden,Low
CUST_09156,29,102291,72,16,150,60,Electronics,Low
CUST_09157,38,15209,19,1,120,42,Toys,High
CUST_09158,41,27971,70,6,143,13,Electronics,Low
CUST_09159,51,16753,57,5,137,7,Clothing,Low
CUST_09160,49,19836,48,8,93,14,Clothing,Medium
CUST_09161,28,24002,48,2,59,49,Toys,Low
CUST_09162,33,42516,44,2,58,1,Clothing,Low
CUST_09163,43,41498,33,4,77,18,Toys,Low
CUST_09164,47,25857,45,2,162,8,Clothing,Low
CUST_09165,46,15000,94,1,140,62,Home & Garden,High
CUST_09166,34,76027,76,6,182,16,Clothing,Low
CUST_09167,19,31480,32,5,195,35,Clothing,Low
CUST_09168,23,20782,55,2,77,13,Clothing,Low
CUST_09169,38,41667,51,1,355,12,Electronics,Low
CUST_09170,39,40224,47,1,83,11,Sports,Low
CUST_09171,21,30904,29,6,63,34,Toys,High
CUST_09172,35,39115,58,6,113,99,Electronics,High
CUST_09173,42,20383,66,8,126,7,Electronics,High
CUST_09174,21,53101,33,7,53,30,Electronics,High
CUST_09175,48,22060,89,7,80,9,Sports,High
CUST_09176,30,26828,80,1,65,23,Sports,Low
CUST_09177,50,50231,60,1,99,23,Electronics,High
CUST_09178,28,66302,25,7,157,17,Clothing,High
CUST_09179,22,80248,58,1,74,20,Electronics,Low
CUST_09180,29,61568,55,20,134,63,Electronics,High
CUST_09181,33,30883,60,10,34,2,Toys,High
CUST_09182,30,16805,81,3,167,53,Books,Medium
CUST_09183,32,73315,46,2,65,18,Books,Medium
CUST_09184,39,72066,90,3,64,12,Electronics,Medium
CUST_09185,32,25952,58,6,119,5,Sports,Medium
CUST_09186,34,57560,44,7,123,50,Electronics,Low
CUST_09187,18,30758,97,1,83,26,Home & Garden,Medium
CUST_09188,39,76929,66,8,48,39,Electronics,Low
CUST_09189,33,28073,40,5,64,11,Electronics,Medium
CUST_09190,54,97667,51,1,96,14,Home & Garden,Medium
CUST_09191,23,53801,62,1,126,73,Toys,Medium
CUST_09192,18,89212,46,3,50,97,Electronics,Low
CUST_09193,42,28799,52,1,57,40,Electronics,High
CUST_09194,39,44467,33,1,108,41,Electronics,Medium
CUST_09195,22,22367,16,1,84,35,Books,Medium
CUST_09196,18,55381,52,12,99,26,Clothing,Medium
CUST_09197,53,56926,52,1,14,27,Books,Medium
CUST_09198,51,120392,60,2,73,99,Clothing,High
CUST_09199,18,46213,38,1,163,41,Clothing,Medium
CUST_09200,29,52158,23,6,58,31,Toys,Medium
CUST_09201,54,28698,30,6,126,6,Home & Garden,High
CUST_09202,29,47604,71,8,38,113,Electronics,Low
CUST_09203,29,30033,36,4,30,22,Electronics,Low
CUST_09204,31,38481,41,4,120,86,Clothing,Medium
CUST_09205,21,39626,43,2,86,37,Toys,Low
CUST_09206,18,30450,37,5,71,1,Home & Garden,Low
CUST_09207,47,37476,36,1,162,23,Books,Medium
CUST_09208,18,30102,32,5,72,66,Home & Garden,Medium
CUST_09209,37,30035,78,1,57,1,Home & Garden,Medium
CUST_09210,45,62213,63,9,53,60,Clothing,Medium
CUST_09211,18,39644,74,3,46,28,Books,Medium
CUST_09212,23,43197,78,3,124,1,Toys,Low
CUST_09213,49,17524,3,4,72,14,Books,High
CUST_09214,41,44879,56,7,200,1,Clothing,Low
CUST_09215,27,47344,38,3,11,1,Books,Medium
CUST_09216,49,29757,72,2,171,68,Books,Low
CUST_09217,49,103003,35,1,115,41,Electronics,High
CUST_09218,38,15000,28,1,84,10,Electronics,Medium
CUST_09219,24,53754,21,1,36,3,Books,Low
CUST_09220,30,51865,43,1,28,1,Electronics,Low
CUST_09221,38,47609,68,10,152,74,Books,High
CUST_09222,32,39660,55,7,106,29,Clothing,Medium
CUST_09223,46,47826,25,1,105,5,Toys,Medium
CUST_09224,18,56054,93,1,83,34,Clothing,Medium
CUST_09225,18,25261,62,3,163,204,Home & Garden,Medium
CUST_09226,37,42175,65,2,59,46,Clothing,High
CUST_09227,29,33134,75,7,71,17,Books,Low
CUST_09228,27,21017,17,2,79,50,Electronics,High
CUST_09229,18,51978,31,9,77,40,Toys,High
CUST_09230,35,27386,66,1,229,2,Electronics,High
CUST_09231,34,17172,33,2,37,77,Clothing,Low
CUST_09232,42,27734,44,13,22,64,Books,Low
CUST_09233,35,24356,48,1,32,26,Toys,Low
CUST_09234,33,60732,24,2,145,21,Sports,Medium
CUST_09235,49,39206,42,1,83,7,Home & Garden,Low
CUST_09236,19,72489,68,3,29,53,Toys,High
CUST_09237,41,26022,64,1,96,16,Books,High
CUST_09238,18,56223,72,10,71,25,Clothing,High
CUST_09239,24,150213,70,13,133,5,Sports,Medium
CUST_09240,20,43391,58,9,156,7,Toys,Medium
CUST_09241,44,55872,56,2,524,126,Electronics,Low
CUST_09242,34,51367,55,22,39,20,Clothing,High
CUST_09243,34,17835,37,6,24,50,Home & Garden,Medium
CUST_09244,21,48674,29,2,135,53,Sports,Medium
CUST_09245,31,42329,36,1,179,119,Sports,High
CUST_09246,25,31892,43,5,36,122,Clothing,High
CUST_09247,39,23341,36,6,36,18,Books,Low
CUST_09248,23,51379,58,1,114,90,Clothing,High
CUST_09249,50,22332,54,3,298,13,Sports,Medium
CUST_09250,18,105537,56,21,48,28,Electronics,Medium
CUST_09251,25,38448,57,1,95,51,Home & Garden,Low
CUST_09252,55,19699,73,1,23,73,Electronics,High
CUST_09253,29,28085,49,11,78,22,Sports,Medium
CUST_09254,19,31600,70,1,83,16,Electronics,High
CUST_09255,37,121320,60,13,251,39,Books,High
CUST_09256,29,23334,72,7,54,18,Clothing,High
CUST_09257,24,34265,82,2,145,33,Sports,High
CUST_09258,21,27752,61,1,52,48,Home & Garden,High
CUST_09259,68,46612,52,1,95,55,Toys,Low
CUST_09260,31,27974,51,2,385,8,Home & Garden,Low
CUST_09261,18,20547,40,6,315,25,Books,Medium
CUST_09262,52,32937,39,3,355,1,Toys,Low
CUST_09263,42,31266,68,6,118,47,Electronics,High
CUST_09264,25,27007,30,5,77,4,Electronics,High
CUST_09265,23,27739,82,4,109,61,Home & Garden,Low
CUST_09266,43,65666,46,17,124,15,Sports,Low
CUST_09267,32,30950,100,6,118,5,Electronics,Medium
CUST_09268,18,20597,36,12,54,47,Sports,High
CUST_09269,56,28823,55,1,53,6,Home & Garden,Medium
CUST_09270,29,37315,42,6,59,15,Sports,Medium
CUST_09271,52,18617,34,4,190,25,Books,Medium
CUST_09272,50,81878,71,12,205,13,Toys,Medium
CUST_09273,22,56038,27,3,835,5,Home & Garden,High
CUST_09274,47,74242,36,1,121,15,Toys,Low
CUST_09275,27,44181,61,2,51,4,Sports,Medium
CUST_09276,18,15000,64,1,64,38,Clothing,Medium
CUST_09277,29,78250,22,1,80,5,Books,Medium
CUST_09278,39,23581,61,3,258,19,Sports,High
CUST_09279,29,24560,52,11,150,24,Home & Garden,Medium
CUST_09280,31,39267,31,1,35,87,Sports,High
CUST_09281,48,72338,34,1,86,2,Clothing,Medium
CUST_09282,36,61490,9,9,32,79,Electronics,Medium
CUST_09283,24,57133,84,2,136,7,Sports,High
CUST_09284,43,31072,70,16,54,55,Toys,Medium
CUST_09285,37,30828,24,1,58,2,Home & Garden,Medium
CUST_09286,18,43173,65,2,24,134,Clothing,Low
CUST_09287,40,34028,38,1,152,49,Electronics,Medium
CUST_09288,39,56650,68,24,209,1,Toys,Medium
CUST_09289,35,54998,40,11,55,7,Sports,Low
CUST_09290,45,48809,42,8,80,23,Toys,Medium
CUST_09291,26,15000,44,1,64,22,Electronics,High
CUST_09292,39,38715,36,17,77,29,Sports,High
CUST_09293,18,34391,77,13,50,18,Sports,Low
CUST_09294,39,39498,67,2,41,39,Books,High
CUST_09295,58,24905,52,5,234,12,Toys,Medium
CUST_09296,23,18724,70,24,14,5,Toys,Medium
CUST_09297,25,45778,17,2,128,1,Electronics,Low
CUST_09298,26,30389,25,1,109,11,Electronics,High
CUST_09299,36,48404,59,10,286,16,Clothing,High
CUST_09300,22,25965,64,3,76,32,Sports,Low
CUST_09301,40,73714,55,21,69,49,Sports,Medium
CUST_09302,45,59906,12,4,51,8,Toys,High
CUST_09303,41,42125,28,1,115,20,Books,High
CUST_09304,18,32642,58,3,54,7,Electronics,Low
CUST_09305,46,55614,98,6,40,90,Toys,High
CUST_09306,46,44190,74,1,53,31,Clothing,Low
CUST_09307,44,40916,81,2,46,33,Electronics,Medium
CUST_09308,39,61171,56,1,44,22,Home & Garden,High
CUST_09309,37,74107,56,5,95,9,Clothing,Medium
CUST_09310,47,19414,29,15,78,6,Home & Garden,Low
CUST_09311,58,21478,69,4,132,32,Clothing,Medium
CUST_09312,23,24584,48,5,99,76,Books,Low
CUST_09313,47,17133,63,2,38,7,Sports,Medium
CUST_09314,33,35193,50,4,20,25,Electronics,Medium
CUST_09315,33,49023,55,3,42,22,Clothing,High
CUST_09316,18,35928,48,7,153,30,Sports,High
CUST_09317,31,27804,54,9,151,26,Toys,Medium
CUST_09318,23,63782,70,5,179,9,Sports,High
CUST_09319,29,38959,24,19,161,35,Home & Garden,Low
CUST_09320,21,43109,20,8,192,9,Toys,Medium
CUST_09321,29,64674,58,1,119,31,Books,Medium
CUST_09322,30,34145,78,3,318,10,Books,Medium
CUST_09323,36,101733,83,11,110,2,Home & Garden,High
CUST_09324,18,29030,25,14,364,4,Toys,Medium
CUST_09325,18,98614,41,2,58,53,Sports,Medium
CUST_09326,39,22306,20,6,57,3,Home & Garden,Medium
CUST_09327,25,47039,38,2,78,12,Sports,Low
CUST_09328,47,26337,72,1,87,10,Toys,High
CUST_09329,37,63562,49,10,71,1,Books,Low
CUST_09330,42,28592,42,13,131,27,Sports,Medium
CUST_09331,51,42000,60,3,83,48,Sports,Medium
CUST_09332,31,26231,34,1,58,146,Books,Low
CUST_09333,28,58024,81,8,68,82,Home & Garden,Low
CUST_09334,45,26163,50,3,211,1,Clothing,Low
CUST_09335,41,84263,41,1,112,8,Sports,High
CUST_09336,32,22070,61,1,27,15,Electronics,High
CUST_09337,51,18530,68,1,259,62,Electronics,Medium
CUST_09338,32,58441,81,5,121,13,Home & Garden,Medium
CUST_09339,35,27015,45,1,140,25,Sports,Low
CUST_09340,35,36184,71,1,172,32,Sports,High
CUST_09341,23,30911,52,12,178,10,Clothing,Low
CUST_09342,35,18839,37,15,47,26,Toys,Low
CUST_09343,51,34944,34,1,42,1,Clothing,Medium
CUST_09344,40,68354,28,1,481,19,Electronics,Medium
CUST_09345,35,59968,35,4,55,14,Electronics,Low
CUST_09346,33,40777,72,1,117,13,Toys,Low
CUST_09347,38,63331,64,1,282,8,Electronics,High
CUST_09348,43,21380,25,2,65,51,Electronics,High
CUST_09349,42,30861,15,14,69,64,Sports,Medium
CUST_09350,31,44262,27,16,172,65,Toys,Medium
CUST_09351,38,34023,34,9,104,15,Electronics,Medium
CUST_09352,40,32099,43,5,127,8,Clothing,Medium
CUST_09353,22,19923,73,6,85,3,Sports,High
CUST_09354,37,15000,39,3,62,33,Books,High
CUST_09355,18,54662,83,3,71,12,Toys,Low
CUST_09356,40,41011,16,5,207,9,Home & Garden,Low
CUST_09357,42,57010,43,6,73,13,Clothing,Medium
CUST_09358,43,29184,65,1,121,24,Home & Garden,High
CUST_09359,30,25428,66,1,45,5,Books,Medium
CUST_09360,38,36434,43,16,375,97,Books,Medium
CUST_09361,52,55664,70,2,112,39,Electronics,Low
CUST_09362,51,32346,66,1,114,1,Electronics,High
CUST_09363,34,54224,36,2,172,10,Toys,Medium
CUST_09364,36,21957,56,1,64,1,Books,Medium
CUST_09365,48,33499,64,1,207,7,Sports,Medium
CUST_09366,18,35064,37,1,31,10,Sports,Medium
CUST_09367,31,67050,83,5,58,37,Clothing,Low
CUST_09368,51,40288,33,1,51,38,Home & Garden,Medium
CUST_09369,46,86945,52,5,24,1,Toys,Low
CUST_09370,39,18511,25,1,62,26,Sports,High
CUST_09371,18,38752,52,1,86,97,Sports,Low
CUST_09372,34,39723,28,9,41,29,Books,Low
CUST_09373,27,49515,44,7,37,96,Home & Garden,Medium
CUST_09374,38,24180,18,5,92,14,Books,Medium
CUST_09375,25,84307,65,1,85,18,Home & Garden,Medium
CUST_09376,22,36551,57,1,74,20,Books,High
CUST_09377,18,21088,71,8,37,77,Books,Low
CUST_09378,49,36025,43,1,68,14,Electronics,Medium
CUST_09379,30,31052,72,8,56,122,Electronics,Medium
CUST_09380,36,146037,50,4,95,23,Sports,Low
CUST_09381,34,61388,52,6,60,7,Electronics,Low
CUST_09382,22,37228,92,5,87,3,Sports,High
CUST_09383,19,34339,40,2,35,5,Sports,Medium
CUST_09384,22,58426,74,1,33,1,Home & Garden,High
CUST_09385,26,59840,59,5,132,35,Sports,Low
CUST_09386,39,15000,38,8,153,21,Sports,Medium
CUST_09387,25,50085,23,1,68,40,Sports,High
CUST_09388,55,36826,29,2,91,45,Electronics,Medium
CUST_09389,47,18853,72,2,65,80,Electronics,Medium
CUST_09390,44,56393,84,4,194,3,Clothing,High
CUST_09391,33,111646,51,1,78,6,Books,Low
CUST_09392,53,47973,52,13,63,23,Toys,Medium
CUST_09393,32,62957,65,3,177,4,Home & Garden,High
CUST_09394,34,89505,51,12,52,2,Toys,Low
CUST_09395,37,23977,71,8,100,32,Clothing,Medium
CUST_09396,43,15000,55,1,43,38,Sports,Medium
CUST_09397,42,50434,52,1,143,55,Sports,Medium
CUST_09398,29,32086,36,9,159,74,Clothing,Medium
CUST_09399,28,18268,31,3,36,17,Home & Garden,Medium
CUST_09400,42,34923,1,1,32,117,Toys,High
CUST_09401,43,52248,74,13,110,1,Sports,Low
CUST_09402,30,33708,47,3,350,61,Sports,High
CUST_09403,18,24503,41,1,167,11,Electronics,Medium
CUST_09404,32,32475,10,3,77,76,Books,Medium
CUST_09405,42,35963,37,8,49,7,Toys,Low
CUST_09406,56,15000,34,1,38,40,Sports,Low
CUST_09407,20,33813,34,2,148,16,Toys,High
CUST_09408,29,18542,56,1,171,14,Books,Low
CUST_09409,30,50489,52,9,57,1,Toys,Medium
CUST_09410,51,16638,22,7,75,36,Books,Low
CUST_09411,34,60255,24,2,93,5,Books,Medium
CUST_09412,24,29596,24,5,320,18,Sports,Medium
CUST_09413,41,27681,86,2,94,4,Sports,High
CUST_09414,30,42075,79,4,45,27,Books,High
CUST_09415,20,23552,32,23,40,7,Clothing,High
CUST_09416,24,41746,10,3,47,27,Books,Medium
CUST_09417,55,25183,52,22,218,87,Electronics,Medium
CUST_09418,39,27491,50,6,128,76,Sports,Medium
CUST_09419,36,44474,56,1,70,6,Home & Garden,Low
CUST_09420,32,20551,64,7,11,3,Sports,High
CUST_09421,38,19299,59,1,49,1,Books,High
CUST_09422,38,41114,27,3,114,52,Sports,Low
CUST_09423,38,35830,55,4,115,8,Books,High
CUST_09424,36,39511,67,11,114,10,Toys,High
CUST_09425,45,42779,35,1,35,7,Home & Garden,High
CUST_09426,35,37372,55,10,101,54,Home & Garden,Low
CUST_09427,23,49219,38,13,45,115,Home & Garden,Medium
CUST_09428,27,38128,89,1,90,42,Electronics,Medium
CUST_09429,18,15000,23,10,52,52,Electronics,Low
CUST_09430,59,15154,73,1,190,29,Books,Medium
CUST_09431,45,95222,16,1,114,22,Electronics,Low
CUST_09432,25,36316,85,15,81,38,Clothing,High
CUST_09433,31,58402,27,2,236,1,Home & Garden,Low
CUST_09434,27,30550,53,4,69,1,Home & Garden,Medium
CUST_09435,53,35277,17,4,33,34,Toys,High
CUST_09436,18,28949,23,1,188,12,Books,High
CUST_09437,36,124612,67,5,107,20,Electronics,High
CUST_09438,33,41217,70,1,72,45,Toys,Medium
CUST_09439,44,27793,54,1,57,25,Home & Garden,Medium
CUST_09440,33,15902,64,14,128,49,Sports,Medium
CUST_09441,18,97427,70,15,159,16,Electronics,Low
CUST_09442,31,33468,36,3,52,10,Sports,Low
CUST_09443,23,52686,22,1,133,8,Home & Garden,High
CUST_09444,35,55714,49,2,107,4,Home & Garden,Medium
CUST_09445,52,28813,38,10,50,1,Sports,Low
CUST_09446,18,50829,57,1,90,1,Home & Garden,Medium
CUST_09447,25,26847,60,1,61,9,Electronics,Medium
CUST_09448,28,22132,36,11,214,9,Toys,Low
CUST_09449,30,65005,64,2,57,14,Clothing,Medium
CUST_09450,43,33553,63,1,258,26,Clothing,Medium
CUST_09451,32,47063,64,1,98,42,Clothing,Medium
CUST_09452,39,44598,41,10,26,6,Toys,Medium
CUST_09453,27,49959,65,3,19,42,Home & Garden,Medium
CUST_09454,37,16676,60,1,77,4,Books,Low
CUST_09455,44,27101,62,11,228,134,Electronics,Low
CUST_09456,26,30876,83,9,213,10,Toys,Medium
CUST_09457,44,23962,56,1,101,54,Electronics,Low
CUST_09458,35,45003,37,4,53,6,Home & Garden,High
CUST_09459,47,65738,27,1,67,90,Electronics,Medium
CUST_09460,32,71153,72,3,104,52,Home & Garden,Medium
CUST_09461,39,30650,57,1,192,13,Clothing,Medium
CUST_09462,34,42023,83,1,134,16,Electronics,Medium
CUST_09463,33,45379,9,4,177,1,Books,Low
CUST_09464,38,49544,68,3,141,8,Home & Garden,Low
CUST_09465,41,23410,44,2,173,10,Electronics,Medium
CUST_09466,20,90245,42,1,18,18,Sports,High
CUST_09467,52,57714,34,17,48,4,Toys,High
CUST_09468,18,58473,67,1,41,19,Sports,High
CUST_09469,26,66285,62,5,38,33,Books,High
CUST_09470,33,47432,27,1,90,13,Books,High
CUST_09471,39,21727,53,5,32,7,Sports,High
CUST_09472,53,33877,64,1,46,23,Home & Garden,Medium
CUST_09473,18,15906,53,1,84,1,Electronics,Low
CUST_09474,28,44691,72,5,29,12,Toys,Low
CUST_09475,18,33369,44,1,64,22,Sports,High
CUST_09476,35,35587,4,3,140,12,Books,Medium
CUST_09477,38,66303,53,1,38,12,Electronics,Low
CUST_09478,54,28897,53,1,157,56,Home & Garden,Medium
CUST_09479,36,32014,56,6,51,81,Sports,High
CUST_09480,47,36716,72,1,108,52,Books,High
CUST_09481,42,15000,10,1,41,3,Sports,Medium
CUST_09482,29,31791,45,1,123,10,Home & Garden,Low
CUST_09483,18,15000,31,1,72,37,Books,High
CUST_09484,38,27098,25,1,124,109,Electronics,Medium
CUST_09485,18,55692,48,1,61,8,Sports,Low
CUST_09486,50,45416,64,1,132,68,Electronics,High
CUST_09487,33,26972,56,10,162,40,Toys,Medium
CUST_09488,49,37063,36,1,97,123,Toys,Low
CUST_09489,29,21215,47,9,64,2,Clothing,Low
CUST_09490,38,36272,68,8,76,15,Home & Garden,Low
CUST_09491,37,157182,63,1,37,19,Sports,High
CUST_09492,34,91390,38,1,103,33,Books,Medium
CUST_09493,29,37283,37,1,139,31,Toys,Medium
CUST_09494,39,39342,15,4,269,71,Home & Garden,Low
CUST_09495,23,22252,41,5,224,54,Clothing,Medium
CUST_09496,20,24321,15,4,45,1,Books,Low
CUST_09497,49,43525,91,3,104,19,Home & Garden,Medium
CUST_09498,43,27932,32,1,82,15,Home & Garden,Medium
CUST_09499,35,57072,72,9,211,175,Sports,High
CUST_09500,54,79605,86,1,54,16,Clothing,High
CUST_09501,31,42886,54,21,166,34,Sports,Low
CUST_09502,50,38210,47,2,45,10,Toys,Low
CUST_09503,37,15671,23,1,83,28,Electronics,Medium
CUST_09504,22,52775,39,11,48,6,Books,Medium
CUST_09505,57,20499,82,4,22,27,Clothing,High
CUST_09506,46,29466,57,6,47,60,Home & Garden,High
CUST_09507,33,58676,50,2,75,1,Home & Garden,Low
CUST_09508,43,60771,76,10,244,21,Electronics,Low
CUST_09509,30,28760,63,12,42,121,Home & Garden,Medium
CUST_09510,44,29600,47,2,58,5,Books,High
CUST_09511,18,25599,54,1,32,6,Sports,High
CUST_09512,22,19951,34,5,202,19,Clothing,Low
CUST_09513,46,26439,38,15,65,61,Books,High
CUST_09514,32,16210,45,4,71,24,Toys,Low
CUST_09515,37,51099,61,15,70,21,Electronics,Low
CUST_09516,18,44234,25,2,22,2,Toys,Low
CUST_09517,57,48062,51,12,32,98,Books,Low
CUST_09518,49,22534,42,1,46,12,Electronics,High
CUST_09519,32,19979,31,2,138,8,Books,Low
CUST_09520,30,37300,42,3,15,15,Home & Garden,Medium
CUST_09521,47,37498,3,5,131,16,Home & Garden,Low
CUST_09522,58,33737,34,1,114,18,Electronics,Low
CUST_09523,46,31421,28,12,25,34,Books,High
CUST_09524,61,85424,44,11,72,60,Books,High
CUST_09525,23,44936,4,8,203,1,Sports,Medium
CUST_09526,25,97279,53,1,42,20,Sports,Medium
CUST_09527,20,68492,68,1,61,16,Clothing,High
CUST_09528,40,85104,47,3,621,1,Home & Garden,High
CUST_09529,37,21221,59,7,113,50,Electronics,Medium
CUST_09530,33,48853,39,1,75,3,Toys,Medium
CUST_09531,44,29264,18,5,64,3,Home & Garden,Medium
CUST_09532,49,15808,50,3,116,1,Books,Medium
CUST_09533,18,76726,63,6,145,6,Home & Garden,Medium
CUST_09534,27,31355,23,2,19,5,Sports,Medium
CUST_09535,44,21427,40,5,18,12,Toys,High
CUST_09536,29,29516,45,1,44,32,Books,Low
CUST_09537,25,24389,100,1,80,1,Home & Garden,Low
CUST_09538,47,25671,54,11,94,59,Clothing,Low
CUST_09539,19,32506,11,1,27,11,Sports,Medium
CUST_09540,31,86284,6,21,77,27,Sports,Medium
CUST_09541,38,26025,64,1,85,1,Home & Garden,Low
CUST_09542,28,83252,99,3,49,13,Books,Medium
CUST_09543,44,55515,44,1,61,1,Books,Medium
CUST_09544,28,44273,43,27,54,5,Sports,Medium
CUST_09545,51,52789,58,23,124,17,Toys,Low
CUST_09546,33,36564,34,1,90,22,Books,High
CUST_09547,43,69080,1,1,40,4,Clothing,Medium
CUST_09548,43,48218,70,6,175,41,Electronics,High
CUST_09549,27,15798,37,11,34,6,Toys,High
CUST_09550,18,42113,71,5,27,3,Toys,Low
CUST_09551,39,53743,34,10,75,12,Books,Medium
CUST_09552,35,31429,52,1,75,24,Clothing,Medium
CUST_09553,41,38681,67,5,94,135,Books,Low
CUST_09554,32,26730,71,6,39,16,Sports,High
CUST_09555,29,18236,54,1,168,16,Clothing,Low
CUST_09556,59,16727,53,7,298,1,Toys,Low
CUST_09557,18,16839,62,14,88,43,Toys,Low
CUST_09558,43,50742,59,11,112,6,Sports,High
CUST_09559,28,15000,24,1,20,40,Home & Garden,Medium
CUST_09560,30,26023,24,1,66,72,Toys,High
CUST_09561,31,24764,7,3,55,43,Books,Low
CUST_09562,25,31537,65,1,49,30,Books,Low
CUST_09563,41,15000,42,15,56,27,Sports,High
CUST_09564,51,44442,66,1,60,18,Books,Medium
CUST_09565,40,19214,58,7,32,4,Toys,Low
CUST_09566,36,63972,29,2,64,45,Toys,Medium
CUST_09567,23,26611,47,4,43,19,Electronics,Medium
CUST_09568,41,34620,40,1,156,29,Books,Low
CUST_09569,60,36384,37,1,113,14,Clothing,Medium
CUST_09570,30,41032,68,2,113,6,Home & Garden,Low
CUST_09571,30,36993,100,5,178,49,Sports,High
CUST_09572,28,29332,72,7,50,12,Clothing,Medium
CUST_09573,29,43110,49,1,108,60,Clothing,High
CUST_09574,18,45847,75,1,190,101,Clothing,Medium
CUST_09575,39,24771,84,6,48,53,Toys,Medium
CUST_09576,24,44944,22,8,21,4,Toys,High
CUST_09577,18,65897,74,1,55,57,Home & Garden,Medium
CUST_09578,44,51686,65,1,175,21,Sports,Medium
CUST_09579,22,57883,73,1,46,8,Sports,Medium
CUST_09580,30,39575,66,1,65,2,Home & Garden,Medium
CUST_09581,52,22741,45,1,52,9,Electronics,High
CUST_09582,18,24225,90,4,78,4,Toys,Medium
CUST_09583,18,42614,56,11,43,1,Clothing,High
CUST_09584,38,58184,41,1,31,132,Sports,High
CUST_09585,48,146232,60,6,66,53,Home & Garden,Medium
CUST_09586,18,59332,69,4,74,40,Home & Garden,High
CUST_09587,39,20227,51,14,196,6,Toys,Medium
CUST_09588,41,24744,57,8,94,1,Clothing,High
CUST_09589,18,113466,51,9,39,19,Home & Garden,Low
CUST_09590,44,32624,36,5,53,40,Toys,Low
CUST_09591,45,37188,33,8,148,98,Books,Medium
CUST_09592,31,22466,21,2,66,55,Clothing,Medium
CUST_09593,50,79423,80,1,41,67,Sports,Medium
CUST_09594,48,46637,45,12,95,8,Clothing,Low
CUST_09595,36,24654,1,6,51,5,Electronics,High
CUST_09596,29,22094,57,1,125,8,Clothing,Medium
CUST_09597,23,42344,57,10,116,4,Clothing,Low
CUST_09598,34,37127,12,2,40,48,Electronics,Medium
CUST_09599,41,55053,33,1,314,70,Clothing,High
CUST_09600,31,47738,32,4,82,11,Home & Garden,High
CUST_09601,18,31817,35,4,13,62,Sports,Medium
CUST_09602,50,27669,74,3,117,1,Sports,Low
CUST_09603,37,33524,47,1,14,33,Books,High
CUST_09604,30,27574,41,16,186,22,Sports,High
CUST_09605,45,34026,72,14,93,9,Sports,Low
CUST_09606,53,36615,59,1,81,43,Toys,Low
CUST_09607,18,23179,15,2,84,7,Electronics,Medium
CUST_09608,40,49778,37,1,127,16,Clothing,Medium
CUST_09609,18,30175,56,9,60,37,Clothing,Medium
CUST_09610,40,23838,31,10,84,12,Home & Garden,Medium
CUST_09611,36,30460,90,3,92,58,Clothing,Low
CUST_09612,42,40991,52,9,11,60,Electronics,Medium
CUST_09613,29,37855,34,6,128,6,Home & Garden,Low
CUST_09614,18,44849,27,3,144,17,Home & Garden,Medium
CUST_09615,29,56906,68,2,116,16,Toys,Medium
CUST_09616,39,69735,37,1,110,15,Books,Low
CUST_09617,47,41887,57,1,259,20,Clothing,Medium
CUST_09618,20,21275,26,4,82,2,Toys,High
CUST_09619,47,31743,51,1,84,61,Electronics,Low
CUST_09620,27,21978,37,1,53,10,Toys,Medium
CUST_09621,39,84831,43,1,22,1,Sports,Medium
CUST_09622,28,98095,34,4,116,34,Electronics,Low
CUST_09623,37,50269,70,25,57,31,Electronics,High
CUST_09624,45,55783,40,11,22,122,Electronics,Medium
CUST_09625,20,41170,47,6,80,38,Home & Garden,Low
CUST_09626,26,43609,48,7,78,12,Books,Low
CUST_09627,37,16338,82,2,72,91,Home & Garden,Medium
CUST_09628,63,34997,67,1,93,13,Electronics,Medium
CUST_09629,24,23375,65,2,28,51,Sports,Low
CUST_09630,59,41801,18,1,169,12,Home & Garden,High
CUST_09631,59,35249,36,5,114,1,Toys,Medium
CUST_09632,33,96125,73,1,202,39,Toys,Low
CUST_09633,31,57429,26,7,57,12,Electronics,Low
CUST_09634,26,41867,51,1,114,12,Sports,Low
CUST_09635,34,31778,28,1,22,37,Toys,High
CUST_09636,18,83952,30,15,47,11,Clothing,Medium
CUST_09637,34,35775,83,1,32,3,Clothing,High
CUST_09638,52,42866,64,3,101,15,Electronics,Medium
CUST_09639,27,37090,69,1,39,52,Books,Medium
CUST_09640,32,29670,65,1,62,4,Toys,High
CUST_09641,18,36984,47,5,84,24,Books,Low
CUST_09642,39,15000,36,4,63,4,Electronics,Medium
CUST_09643,38,16749,41,1,33,1,Books,Low
CUST_09644,35,43252,46,10,268,14,Toys,Low
CUST_09645,32,79546,85,6,91,32,Books,Medium
CUST_09646,31,43222,23,1,270,9,Books,Medium
CUST_09647,41,25331,38,1,41,17,Home & Garden,High
CUST_09648,34,17651,31,7,65,20,Sports,Low
CUST_09649,38,53758,71,6,90,55,Electronics,Medium
CUST_09650,37,27348,87,1,247,51,Clothing,High
CUST_09651,48,50092,56,2,268,1,Books,Medium
CUST_09652,43,44131,57,1,62,16,Electronics,High
CUST_09653,37,46126,51,1,50,32,Home & Garden,Medium
CUST_09654,53,36930,58,1,84,57,Home & Garden,Medium
CUST_09655,40,43994,65,18,196,1,Books,High
CUST_09656,50,34209,58,6,93,29,Toys,High
CUST_09657,42,26432,59,7,105,55,Sports,Medium
CUST_09658,18,22432,65,1,195,8,Toys,Low
CUST_09659,50,15000,14,1,174,6,Toys,Low
CUST_09660,36,33171,50,1,179,18,Clothing,High
CUST_09661,34,77628,56,4,139,98,Sports,Medium
CUST_09662,38,52315,58,1,231,35,Clothing,Medium
CUST_09663,30,40694,46,1,38,16,Clothing,High
CUST_09664,37,25159,53,1,434,1,Electronics,High
CUST_09665,27,59794,35,10,189,24,Clothing,High
CUST_09666,50,34212,14,4,80,12,Clothing,Medium
CUST_09667,33,79815,69,1,195,6,Home & Garden,Low
CUST_09668,30,22235,27,7,70,20,Sports,High
CUST_09669,23,24959,46,7,125,12,Sports,Low
CUST_09670,38,23774,35,1,136,1,Home & Garden,High
CUST_09671,37,17308,81,1,164,38,Books,Medium
CUST_09672,39,22730,48,8,65,39,Electronics,Low
CUST_09673,22,38238,43,1,167,28,Sports,Low
CUST_09674,18,25435,64,9,66,55,Books,Low
CUST_09675,42,15000,93,1,150,6,Home & Garden,Medium
CUST_09676,52,62139,58,3,88,10,Toys,Low
CUST_09677,22,15645,42,1,25,18,Electronics,Low
CUST_09678,54,48757,63,5,53,1,Home & Garden,Medium
CUST_09679,38,36886,18,29,162,64,Books,High
CUST_09680,34,104682,50,2,72,20,Sports,Low
CUST_09681,30,59783,89,1,210,11,Sports,Low
CUST_09682,18,28217,53,1,38,19,Toys,Medium
CUST_09683,46,25564,52,11,146,11,Clothing,High
CUST_09684,25,76984,50,7,87,10,Home & Garden,Low
CUST_09685,25,17362,42,1,75,17,Clothing,Medium
CUST_09686,46,39952,56,15,39,19,Home & Garden,High
CUST_09687,18,34011,65,4,104,17,Sports,Medium
CUST_09688,18,30588,43,1,44,23,Toys,High
CUST_09689,34,43336,1,4,57,45,Home & Garden,Medium
CUST_09690,38,39925,59,3,81,1,Home & Garden,Medium
CUST_09691,40,45647,92,8,69,50,Electronics,Medium
CUST_09692,31,38928,42,2,184,7,Toys,Low
CUST_09693,65,44749,20,10,14,8,Books,Medium
CUST_09694,32,38050,63,8,79,27,Electronics,Low
CUST_09695,32,26115,84,5,69,111,Toys,Medium
CUST_09696,25,36388,60,1,89,1,Toys,High
CUST_09697,36,25407,84,17,61,33,Electronics,Low
CUST_09698,42,24583,65,3,184,35,Toys,Low
CUST_09699,49,30697,64,11,75,25,Toys,Medium
CUST_09700,18,34210,39,1,98,1,Clothing,Medium
CUST_09701,32,36960,55,20,168,27,Home & Garden,Low
CUST_09702,40,57422,49,8,93,3,Books,High
CUST_09703,42,28304,48,14,37,2,Sports,High
CUST_09704,35,40071,44,1,66,35,Home & Garden,High
CUST_09705,41,38523,54,2,82,36,Toys,Low
CUST_09706,25,26787,24,1,28,66,Toys,Low
CUST_09707,53,37679,66,1,54,1,Home & Garden,Medium
CUST_09708,46,59955,32,1,85,14,Toys,Low
CUST_09709,18,39864,44,15,368,1,Electronics,Low
CUST_09710,22,40671,56,5,116,13,Books,Medium
CUST_09711,22,25523,31,1,100,20,Clothing,High
CUST_09712,43,97190,10,15,293,22,Sports,Medium
CUST_09713,19,26260,42,6,135,13,Sports,Medium
CUST_09714,31,15773,21,11,149,38,Electronics,Medium
CUST_09715,40,55831,64,13,67,16,Sports,Medium
CUST_09716,34,34289,26,6,37,21,Home & Garden,Low
CUST_09717,38,31209,79,1,108,48,Home & Garden,Medium
CUST_09718,22,27645,49,28,322,5,Electronics,Medium
CUST_09719,42,92582,51,1,259,11,Clothing,Low
CUST_09720,27,43360,10,5,142,22,Home & Garden,Medium
CUST_09721,31,47804,52,9,55,43,Clothing,Medium
CUST_09722,37,39391,48,1,30,16,Clothing,High
CUST_09723,36,41565,24,4,50,2,Sports,Medium
CUST_09724,35,73080,51,2,104,134,Toys,Medium
CUST_09725,25,32034,42,1,64,36,Home & Garden,Low
CUST_09726,31,17527,45,1,181,38,Toys,High
CUST_09727,35,56051,50,10,31,18,Sports,High
CUST_09728,18,46553,40,1,82,23,Electronics,Medium
CUST_09729,29,38330,54,10,52,153,Home & Garden,High
CUST_09730,39,45953,48,4,180,27,Electronics,Medium
CUST_09731,19,30170,59,4,131,7,Sports,High
CUST_09732,48,36693,39,8,50,100,Sports,Low
CUST_09733,50,34001,28,3,163,23,Toys,Low
CUST_09734,20,27017,35,2,28,1,Sports,Medium
CUST_09735,51,65813,78,1,25,25,Home & Garden,Low
CUST_09736,33,17923,69,4,48,2,Toys,High
CUST_09737,40,118236,74,4,22,22,Sports,High
CUST_09738,29,56313,75,1,83,52,Electronics,High
CUST_09739,46,15000,40,4,85,23,Clothing,Low
CUST_09740,39,32464,55,2,67,14,Toys,Medium
CUST_09741,25,33380,51,8,131,64,Home & Garden,Low
CUST_09742,21,44176,63,4,54,78,Books,High
CUST_09743,18,22143,44,13,36,12,Electronics,Medium
CUST_09744,37,36901,51,3,51,20,Home & Garden,Low
CUST_09745,41,34181,51,10,38,122,Sports,Medium
CUST_09746,42,25114,60,3,58,5,Books,Low
CUST_09747,33,23426,63,4,136,10,Toys,Low
CUST_09748,21,57492,51,2,26,16,Books,Low
CUST_09749,26,15548,52,2,70,3,Toys,High
CUST_09750,48,46117,54,13,175,9,Home & Garden,Medium
CUST_09751,29,54108,82,1,190,23,Sports,Medium
CUST_09752,36,32556,15,1,55,7,Toys,Low
CUST_09753,22,37279,30,8,423,34,Electronics,Medium
CUST_09754,39,64974,63,4,43,12,Electronics,Medium
CUST_09755,29,25529,55,1,76,2,Toys,Medium
CUST_09756,47,26880,55,2,39,43,Toys,Medium
CUST_09757,44,28346,63,3,121,25,Clothing,Low
CUST_09758,29,65033,54,4,639,52,Toys,High
CUST_09759,33,69296,38,8,327,13,Sports,Low
CUST_09760,28,18070,62,2,162,1,Toys,High
CUST_09761,18,60061,50,5,58,1,Clothing,Medium
CUST_09762,24,54690,41,9,80,47,Electronics,High
CUST_09763,37,78967,63,9,196,15,Sports,Medium
CUST_09764,38,44026,63,1,152,112,Clothing,High
CUST_09765,36,35520,54,2,95,53,Toys,Low
CUST_09766,31,64383,84,4,99,1,Home & Garden,Low
CUST_09767,46,51505,76,10,188,61,Home & Garden,Medium
CUST_09768,35,111574,70,7,224,7,Books,Low
CUST_09769,43,58650,100,4,31,19,Electronics,High
CUST_09770,18,39213,47,20,105,21,Electronics,Medium
CUST_09771,18,20190,40,2,134,1,Clothing,High
CUST_09772,38,27161,67,9,62,4,Clothing,Medium
CUST_09773,18,17712,44,8,220,16,Books,High
CUST_09774,32,32613,50,11,73,30,Toys,Medium
CUST_09775,31,57701,30,21,224,9,Toys,Low
CUST_09776,54,36248,62,3,69,22,Clothing,Low
CUST_09777,39,60528,20,1,107,14,Books,Medium
CUST_09778,36,42992,48,3,106,29,Toys,High
CUST_09779,45,29686,49,9,288,16,Sports,Low
CUST_09780,39,37941,41,9,151,57,Home & Garden,High
CUST_09781,29,45983,14,2,65,123,Sports,Medium
CUST_09782,47,38933,14,1,74,73,Sports,High
CUST_09783,21,39157,35,3,74,5,Toys,High
CUST_09784,38,24722,60,3,91,18,Clothing,Low
CUST_09785,18,29246,55,1,46,18,Home & Garden,High
CUST_09786,37,112333,49,7,85,55,Clothing,High
CUST_09787,37,67119,32,1,234,13,Toys,High
CUST_09788,55,17380,56,5,227,23,Books,Low
CUST_09789,18,15000,14,1,30,28,Home & Garden,High
CUST_09790,27,37725,2,9,26,3,Home & Garden,Low
CUST_09791,44,56768,45,6,59,24,Clothing,Medium
CUST_09792,39,28001,39,2,25,8,Electronics,Low
CUST_09793,37,60526,70,4,37,6,Sports,Medium
CUST_09794,23,37415,53,1,115,8,Home & Garden,High
CUST_09795,27,33472,83,21,87,3,Clothing,Low
CUST_09796,49,53000,39,7,26,2,Sports,High
CUST_09797,34,27835,59,7,204,31,Sports,Medium
CUST_09798,39,31465,44,1,66,84,Books,Medium
CUST_09799,33,50771,77,1,62,34,Clothing,Low
CUST_09800,20,35749,45,4,183,11,Electronics,Medium
CUST_09801,46,94314,67,1,120,12,Electronics,Low
CUST_09802,41,51375,28,7,87,23,Books,High
CUST_09803,62,49732,41,2,63,60,Toys,Low
CUST_09804,22,35427,48,2,134,6,Books,Medium
CUST_09805,44,56239,75,1,66,18,Toys,Medium
CUST_09806,19,30905,6,27,76,20,Clothing,Medium
CUST_09807,36,41822,43,15,39,80,Electronics,High
CUST_09808,46,22967,42,1,200,23,Sports,Low
CUST_09809,18,61066,8,2,266,45,Clothing,High
CUST_09810,32,41994,40,2,104,2,Home & Garden,Low
CUST_09811,28,97856,19,1,64,11,Toys,Low
CUST_09812,26,120108,3,13,173,28,Clothing,High
CUST_09813,39,53191,44,6,135,33,Electronics,Medium
CUST_09814,48,37579,44,15,65,64,Sports,Medium
CUST_09815,33,22628,45,10,201,26,Books,Low
CUST_09816,37,57089,55,7,66,10,Sports,Low
CUST_09817,36,40341,32,5,36,23,Books,High
CUST_09818,35,47525,85,10,85,37,Home & Garden,Medium
CUST_09819,21,86240,49,5,192,46,Clothing,Medium
CUST_09820,48,24047,75,1,96,86,Electronics,Medium
CUST_09821,38,22876,16,5,39,6,Home & Garden,High
CUST_09822,39,32266,33,3,67,32,Clothing,High
CUST_09823,25,54753,63,20,207,6,Books,Low
CUST_09824,29,47926,45,3,109,11,Electronics,High
CUST_09825,32,23205,28,1,88,4,Electronics,Low
CUST_09826,18,53012,13,1,82,44,Toys,High
CUST_09827,18,19918,64,12,191,73,Books,Low
CUST_09828,27,23887,63,16,183,1,Sports,High
CUST_09829,41,34278,54,6,33,50,Sports,Medium
CUST_09830,27,27536,40,1,173,8,Toys,Low
CUST_09831,22,56666,27,1,129,20,Sports,Medium
CUST_09832,25,41906,48,3,274,41,Electronics,Low
CUST_09833,29,87796,23,40,85,21,Clothing,Low
CUST_09834,30,32093,34,10,199,7,Toys,Medium
CUST_09835,60,34163,75,13,124,70,Clothing,High
CUST_09836,47,66515,12,4,41,27,Clothing,High
CUST_09837,47,34701,63,9,183,80,Home & Garden,High
CUST_09838,49,76649,79,1,158,56,Home & Garden,High
CUST_09839,23,47591,66,1,57,62,Toys,Medium
CUST_09840,20,15000,57,12,110,13,Sports,Medium
CUST_09841,21,65433,40,1,393,131,Sports,High
CUST_09842,51,57317,37,6,64,57,Clothing,Low
CUST_09843,28,58434,5,5,149,12,Sports,High
CUST_09844,19,15000,50,1,41,68,Clothing,Medium
CUST_09845,29,26069,41,1,60,42,Books,Medium
CUST_09846,32,27055,36,1,158,38,Clothing,Low
CUST_09847,38,23847,49,7,107,1,Home & Garden,Low
CUST_09848,38,86765,51,1,78,1,Toys,Medium
CUST_09849,25,36102,37,2,296,35,Toys,Medium
CUST_09850,43,35657,82,5,47,9,Clothing,Medium
CUST_09851,27,47858,64,1,81,1,Sports,Low
CUST_09852,33,48274,67,1,127,10,Clothing,Medium
CUST_09853,43,15000,47,2,48,54,Sports,Medium
CUST_09854,27,26286,60,1,128,19,Clothing,Medium
CUST_09855,28,17918,32,5,190,28,Electronics,Low
CUST_09856,42,44362,63,17,83,48,Home & Garden,Medium
CUST_09857,24,31431,45,1,55,11,Home & Garden,Low
CUST_09858,30,36595,29,11,72,1,Clothing,Low
CUST_09859,41,15000,49,2,13,11,Books,Medium
CUST_09860,59,31103,44,5,182,94,Sports,Medium
CUST_09861,42,63421,96,9,108,19,Clothing,Medium
CUST_09862,40,73476,58,4,79,25,Home & Garden,Medium
CUST_09863,41,52022,81,1,28,42,Books,Medium
CUST_09864,22,18625,72,1,195,3,Toys,Low
CUST_09865,36,68165,50,7,66,39,Toys,Low
CUST_09866,34,52156,41,1,133,10,Sports,Low
CUST_09867,38,34248,15,4,89,14,Electronics,High
CUST_09868,36,15000,32,2,29,9,Electronics,Low
CUST_09869,39,58500,63,1,218,5,Sports,High
CUST_09870,31,27008,43,7,191,13,Clothing,High
CUST_09871,35,43177,57,6,153,2,Home & Garden,High
CUST_09872,20,37578,9,5,112,55,Toys,Medium
CUST_09873,31,78370,59,2,38,10,Sports,Medium
CUST_09874,51,34108,71,1,165,31,Toys,Low
CUST_09875,38,36042,14,3,421,10,Clothing,Low
CUST_09876,34,79962,57,8,97,7,Toys,Medium
CUST_09877,57,26131,76,4,98,37,Sports,High
CUST_09878,18,54565,83,17,41,29,Toys,Medium
CUST_09879,21,32882,39,1,21,7,Sports,High
CUST_09880,55,21998,65,32,70,28,Toys,High
CUST_09881,35,36336,78,5,253,1,Books,Medium
CUST_09882,32,51320,58,8,230,5,Home & Garden,Medium
CUST_09883,20,71457,75,2,85,39,Electronics,High
CUST_09884,40,75913,49,3,121,15,Electronics,Low
CUST_09885,41,31338,57,7,38,6,Books,Low
CUST_09886,21,22167,37,7,97,21,Electronics,Low
CUST_09887,33,30965,46,2,62,18,Electronics,Medium
CUST_09888,30,20115,58,1,93,30,Home & Garden,High
CUST_09889,38,32575,36,5,74,2,Clothing,Medium
CUST_09890,21,30612,45,13,73,51,Sports,Medium
CUST_09891,50,52247,65,2,180,1,Home & Garden,Medium
CUST_09892,45,15000,91,2,355,18,Books,Medium
CUST_09893,30,25164,9,11,79,37,Toys,High
CUST_09894,32,25266,89,5,242,12,Books,Medium
CUST_09895,33,65746,44,2,37,72,Toys,Medium
CUST_09896,25,20807,69,1,84,42,Toys,Low
CUST_09897,29,40673,73,6,36,16,Electronics,Medium
CUST_09898,31,34061,81,2,72,6,Electronics,High
CUST_09899,54,61176,35,1,148,1,Home & Garden,Medium
CUST_09900,46,48918,45,4,196,48,Books,Medium
CUST_09901,46,38585,48,1,52,6,Books,Medium
CUST_09902,39,27519,42,2,124,9,Sports,Medium
CUST_09903,21,15000,76,3,212,1,Home & Garden,Medium
CUST_09904,34,41090,48,6,192,1,Sports,Medium
CUST_09905,46,47346,17,1,107,7,Toys,High
CUST_09906,19,16523,37,1,59,61,Home & Garden,Medium
CUST_09907,42,19597,18,2,55,45,Clothing,Low
CUST_09908,62,41198,45,1,49,44,Books,High
CUST_09909,47,43026,63,5,88,52,Electronics,Low
CUST_09910,51,22129,36,16,50,6,Books,High
CUST_09911,37,27254,41,5,144,115,Clothing,High
CUST_09912,46,15000,44,1,105,7,Home & Garden,Medium
CUST_09913,26,72303,52,1,102,4,Clothing,Medium
CUST_09914,44,18959,60,1,24,10,Books,Low
CUST_09915,42,47625,66,1,91,22,Sports,Low
CUST_09916,38,35686,95,1,65,3,Home & Garden,Medium
CUST_09917,50,69202,52,1,410,40,Sports,Medium
CUST_09918,28,24437,64,11,36,13,Clothing,High
CUST_09919,32,37444,18,10,77,25,Electronics,Medium
CUST_09920,36,15534,42,4,117,39,Home & Garden,High
CUST_09921,22,15000,44,1,45,69,Toys,Low
CUST_09922,37,48931,29,8,347,51,Books,High
CUST_09923,18,15000,39,1,352,23,Sports,Low
CUST_09924,47,32399,47,1,49,141,Clothing,Medium
CUST_09925,35,60213,39,1,59,22,Home & Garden,High
CUST_09926,28,52751,100,2,404,23,Electronics,Medium
CUST_09927,24,26048,60,2,239,5,Home & Garden,Low
CUST_09928,32,16411,90,1,69,4,Electronics,Medium
CUST_09929,43,46851,79,1,121,5,Clothing,High
CUST_09930,41,71049,37,9,34,26,Sports,High
CUST_09931,26,26078,50,2,418,16,Home & Garden,Medium
CUST_09932,24,24302,41,1,94,14,Toys,Medium
CUST_09933,42,27932,46,3,135,4,Home & Garden,High
CUST_09934,26,48329,30,1,46,14,Sports,Low
CUST_09935,35,67121,41,4,40,14,Home & Garden,High
CUST_09936,36,19539,57,1,123,29,Home & Garden,High
CUST_09937,38,17168,56,4,344,14,Books,Medium
CUST_09938,45,117008,55,4,61,16,Home & Garden,Medium
CUST_09939,19,33234,48,8,45,9,Books,High
CUST_09940,18,41210,67,1,111,4,Home & Garden,High
CUST_09941,28,25694,44,3,283,10,Sports,High
CUST_09942,56,46396,77,16,57,1,Clothing,Medium
CUST_09943,59,58690,13,6,75,6,Home & Garden,Low
CUST_09944,56,42188,63,18,161,11,Toys,Low
CUST_09945,32,86719,59,13,174,4,Sports,High
CUST_09946,18,30841,36,4,73,32,Clothing,Medium
CUST_09947,18,31842,42,1,193,9,Books,Low
CUST_09948,27,40770,59,7,130,28,Toys,Low
CUST_09949,32,45820,68,5,91,30,Toys,Low
CUST_09950,50,40699,15,4,169,17,Sports,Low
CUST_09951,45,19106,62,5,153,17,Electronics,High
CUST_09952,37,42457,40,4,43,26,Clothing,High
CUST_09953,24,30119,72,3,254,9,Clothing,High
CUST_09954,23,27160,13,2,114,1,Electronics,Low
CUST_09955,38,36910,98,1,235,31,Clothing,Low
CUST_09956,43,22454,32,10,93,28,Clothing,Low
CUST_09957,39,20584,78,10,107,19,Electronics,Low
CUST_09958,22,15000,48,4,119,62,Sports,Low
CUST_09959,42,86996,33,1,131,21,Home & Garden,High
CUST_09960,40,47947,55,1,262,10,Clothing,High
CUST_09961,22,34256,70,1,124,37,Toys,Low
CUST_09962,25,26013,18,1,88,98,Sports,Low
CUST_09963,43,15000,64,2,182,40,Sports,Low
CUST_09964,32,25228,49,1,121,71,Electronics,High
CUST_09965,54,51944,61,1,712,3,Sports,High
CUST_09966,41,58167,50,6,110,3,Electronics,Medium
CUST_09967,29,50068,38,15,214,5,Sports,High
CUST_09968,34,39308,27,1,166,36,Home & Garden,Low
CUST_09969,35,69698,63,3,21,14,Toys,Low
CUST_09970,26,30814,63,23,53,19,Books,Low
CUST_09971,24,62479,63,13,66,9,Sports,Low
CUST_09972,43,29962,58,2,31,39,Sports,Medium
CUST_09973,45,23375,68,1,68,55,Sports,Low
CUST_09974,42,21963,78,1,34,5,Electronics,Medium
CUST_09975,53,21327,12,1,41,6,Toys,Medium
CUST_09976,28,50490,3,3,106,12,Clothing,Medium
CUST_09977,55,25049,84,2,345,9,Electronics,Low
CUST_09978,24,21665,23,6,34,22,Home & Garden,Medium
CUST_09979,22,51889,28,1,38,41,Electronics,Medium
CUST_09980,18,42786,44,6,61,47,Clothing,High
CUST_09981,29,58764,16,1,81,7,Home & Garden,Medium
CUST_09982,28,46924,42,4,30,5,Clothing,Low
CUST_09983,41,24920,31,5,55,13,Clothing,Medium
CUST_09984,37,37723,45,5,51,4,Toys,Low
CUST_09985,20,38660,55,1,112,2,Books,Medium
CUST_09986,30,22935,43,1,121,8,Home & Garden,Medium
CUST_09987,30,20903,42,1,80,15,Books,Low
CUST_09988,18,25838,55,4,69,26,Toys,High
CUST_09989,23,100538,70,1,54,38,Books,Medium
CUST_09990,25,29543,82,3,93,7,Clothing,Low
CUST_09991,52,67267,45,1,45,51,Books,Medium
CUST_09992,37,28729,86,2,265,1,Electronics,Medium
CUST_09993,42,56637,67,5,31,17,Books,Medium
CUST_09994,18,57025,25,2,56,30,Books,Medium
CUST_09995,49,58471,24,1,165,10,Clothing,Medium
CUST_09996,50,44086,38,4,68,34,Sports,Low
CUST_09997,18,72307,78,6,144,60,Electronics,Medium
CUST_09998,26,43878,39,1,299,2,Clothing,High
CUST_09999,40,85542,12,1,161,21,Sports,Low
CUST_10000,42,16155,45,5,38,1,Toys,Medium
